invoice_no,customer_id,gender,age,category,quantity,price,payment_method,invoice_date,shopping_mall,sales,cogs,profit,inventory_days,movement_type,profit_margin,overstock_alert
I138884,C241288,Female,28,Clothing,5,1500.4,Credit Card,05-08-2022,Kanyon,7502.0,5251.4,2250.6000000000004,107,Slow Moving,30.000000000000004,Healthy
I317333,C111565,Male,21,Shoes,3,1800.51,Debit Card,12-12-2021,Forum Istanbul,5401.53,3781.0709999999995,1620.4590000000003,56,Fast Moving,30.000000000000004,Healthy
I127801,C266599,Male,20,Clothing,1,300.08,Cash,09-11-2021,Metrocity,300.08,210.05599999999998,90.024,97,Slow Moving,30.000000000000004,Healthy
I173702,C988172,Female,66,Shoes,5,3000.85,Credit Card,16-05-2021,Metropol AVM,15004.25,10502.974999999999,4501.2750000000015,19,Fast Moving,30.00000000000001,Healthy
I337046,C189076,Female,53,Books,4,60.6,Cash,24-10-2021,Kanyon,242.4,169.68,72.72,111,Slow Moving,30.0,Healthy
I227836,C657758,Female,28,Clothing,5,1500.4,Credit Card,24-05-2022,Forum Istanbul,7502.0,5251.4,2250.6000000000004,76,Slow Moving,30.000000000000004,Healthy
I121056,C151197,Female,49,Cosmetics,1,40.66,Cash,13-03-2022,Istinye Park,40.66,28.461999999999996,12.198,65,Fast Moving,30.000000000000004,Healthy
I293112,C176086,Female,32,Clothing,2,600.16,Credit Card,13-01-2021,Mall of Istanbul,1200.32,840.2239999999999,360.096,25,Fast Moving,30.000000000000004,Healthy
I293455,C159642,Male,69,Clothing,3,900.24,Credit Card,04-11-2021,Metrocity,2700.7200000000003,1890.5040000000001,810.2160000000001,107,Slow Moving,30.000000000000004,Healthy
I326945,C283361,Female,60,Clothing,2,600.16,Credit Card,22-08-2021,Kanyon,1200.32,840.2239999999999,360.096,87,Slow Moving,30.000000000000004,Healthy
I306368,C240286,Female,36,Food & Beverage,2,10.46,Cash,25-12-2022,Metrocity,20.92,14.644,6.276000000000002,91,Slow Moving,30.000000000000004,Healthy
I139207,C191708,Female,29,Books,1,15.15,Credit Card,28-10-2022,Emaar Square Mall,15.15,10.605,4.545,79,Slow Moving,30.0,Healthy
I640508,C225330,Female,67,Toys,4,143.36,Debit Card,31-07-2022,Metrocity,573.44,401.408,172.03200000000004,79,Slow Moving,30.000000000000004,Healthy
I179802,C312861,Male,25,Clothing,2,600.16,Cash,17-11-2022,Cevahir AVM,1200.32,840.2239999999999,360.096,92,Slow Moving,30.000000000000004,Healthy
I336189,C555402,Female,67,Clothing,2,600.16,Credit Card,03-06-2022,Kanyon,1200.32,840.2239999999999,360.096,104,Slow Moving,30.000000000000004,Healthy
I688768,C362288,Male,24,Shoes,5,3000.85,Credit Card,07-11-2021,Viaport Outlet,15004.25,10502.974999999999,4501.2750000000015,108,Slow Moving,30.00000000000001,Healthy
I294687,C300786,Male,65,Books,2,30.3,Debit Card,16-01-2021,Metrocity,60.6,42.42,18.18,28,Fast Moving,30.0,Healthy
I195744,C330667,Female,42,Food & Beverage,3,15.69,Credit Card,05-01-2022,Zorlu Center,47.07,32.949,14.121000000000002,7,Fast Moving,30.000000000000004,Healthy
I993048,C218149,Female,46,Clothing,2,600.16,Cash,26-07-2021,Metropol AVM,1200.32,840.2239999999999,360.096,26,Fast Moving,30.000000000000004,Healthy
I992454,C196845,Male,24,Toys,4,143.36,Cash,07-03-2023,Cevahir AVM,573.44,401.408,172.03200000000004,57,Fast Moving,30.000000000000004,Healthy
I183746,C220180,Male,23,Clothing,1,300.08,Credit Card,15-02-2023,Emaar Square Mall,300.08,210.05599999999998,90.024,6,Fast Moving,30.000000000000004,Healthy
I412481,C125696,Female,27,Food & Beverage,1,5.23,Cash,01-05-2021,Cevahir AVM,5.23,3.661,1.5690000000000004,92,Slow Moving,30.000000000000004,Healthy
I823067,C322947,Male,52,Clothing,2,600.16,Credit Card,18-06-2022,Cevahir AVM,1200.32,840.2239999999999,360.096,112,Slow Moving,30.000000000000004,Healthy
I252275,C313348,Male,44,Technology,5,5250.0,Cash,26-10-2021,Kanyon,26250.0,18375.0,7875.0,34,Fast Moving,30.0,Healthy
I174250,C204553,Female,42,Books,5,75.75,Cash,16-12-2022,Metrocity,378.75,265.125,113.625,42,Fast Moving,30.0,Healthy
I195396,C285161,Male,51,Toys,2,71.68,Debit Card,16-05-2021,Istinye Park,143.36,100.352,43.00800000000001,6,Fast Moving,30.000000000000004,Healthy
I196704,C289625,Female,25,Cosmetics,5,203.3,Credit Card,20-04-2022,Mall of Istanbul,1016.5,711.55,304.95000000000005,68,Fast Moving,30.000000000000004,Healthy
I217053,C192344,Male,50,Shoes,4,2400.68,Cash,10-10-2022,Emaar Square Mall,9602.72,6721.9039999999995,2880.816,64,Fast Moving,30.0,Healthy
I655874,C447138,Female,65,Shoes,3,1800.51,Cash,23-08-2022,Cevahir AVM,5401.53,3781.0709999999995,1620.4590000000003,25,Fast Moving,30.000000000000004,Healthy
I209744,C251229,Male,29,Cosmetics,3,121.98,Credit Card,29-04-2021,Istinye Park,365.94,256.15799999999996,109.78200000000004,37,Fast Moving,30.00000000000001,Healthy
I161949,C159164,Female,66,Toys,3,107.52,Debit Card,04-07-2022,Mall of Istanbul,322.56,225.79199999999997,96.76800000000003,80,Slow Moving,30.00000000000001,Healthy
I331891,C501658,Male,23,Clothing,1,300.08,Credit Card,21-11-2021,Emaar Square Mall,300.08,210.05599999999998,90.024,62,Fast Moving,30.000000000000004,Healthy
I768348,C176727,Female,32,Shoes,3,1800.51,Credit Card,23-02-2022,Kanyon,5401.53,3781.0709999999995,1620.4590000000003,26,Fast Moving,30.000000000000004,Healthy
I109053,C232624,Male,51,Clothing,4,1200.32,Debit Card,11-07-2021,Metrocity,4801.28,3360.8959999999997,1440.384,112,Slow Moving,30.000000000000004,Healthy
I167211,C164092,Female,66,Shoes,4,2400.68,Credit Card,30-08-2022,Zorlu Center,9602.72,6721.9039999999995,2880.816,93,Slow Moving,30.0,Healthy
I339732,C276887,Male,68,Food & Beverage,1,5.23,Credit Card,04-01-2023,Emaar Square Mall,5.23,3.661,1.5690000000000004,53,Fast Moving,30.000000000000004,Healthy
I147062,C245456,Male,43,Clothing,5,1500.4,Credit Card,21-06-2022,Kanyon,7502.0,5251.4,2250.6000000000004,95,Slow Moving,30.000000000000004,Healthy
I187519,C450287,Female,59,Clothing,2,600.16,Credit Card,08-07-2022,Metrocity,1200.32,840.2239999999999,360.096,63,Fast Moving,30.000000000000004,Healthy
I106674,C204279,Male,54,Clothing,2,600.16,Cash,27-02-2022,Kanyon,1200.32,840.2239999999999,360.096,46,Fast Moving,30.000000000000004,Healthy
I473411,C452806,Male,24,Clothing,1,300.08,Cash,19-12-2022,Metropol AVM,300.08,210.05599999999998,90.024,96,Slow Moving,30.000000000000004,Healthy
I246550,C716788,Female,49,Food & Beverage,3,15.69,Cash,10-09-2021,Zorlu Center,47.07,32.949,14.121000000000002,64,Fast Moving,30.000000000000004,Healthy
I138674,C155059,Male,67,Cosmetics,2,81.32,Credit Card,14-02-2022,Metropol AVM,162.64,113.84799999999998,48.792,84,Slow Moving,30.000000000000004,Healthy
I752693,C306662,Female,48,Cosmetics,3,121.98,Cash,28-04-2022,Metrocity,365.94,256.15799999999996,109.78200000000004,19,Fast Moving,30.00000000000001,Healthy
I826174,C607615,Female,40,Shoes,4,2400.68,Cash,20-06-2022,Metrocity,9602.72,6721.9039999999995,2880.816,66,Fast Moving,30.0,Healthy
I296025,C120164,Female,41,Shoes,3,1800.51,Credit Card,21-04-2022,Kanyon,5401.53,3781.0709999999995,1620.4590000000003,66,Fast Moving,30.000000000000004,Healthy
I117291,C134449,Male,46,Books,5,75.75,Credit Card,09-12-2022,Zorlu Center,378.75,265.125,113.625,51,Fast Moving,30.0,Healthy
I267193,C317818,Female,19,Cosmetics,3,121.98,Credit Card,12-01-2023,Mall of Istanbul,365.94,256.15799999999996,109.78200000000004,66,Fast Moving,30.00000000000001,Healthy
I205366,C241642,Female,43,Clothing,4,1200.32,Debit Card,07-11-2022,Zorlu Center,4801.28,3360.8959999999997,1440.384,55,Fast Moving,30.000000000000004,Healthy
I269690,C126436,Male,18,Cosmetics,3,121.98,Debit Card,07-02-2022,Zorlu Center,365.94,256.15799999999996,109.78200000000004,112,Slow Moving,30.00000000000001,Healthy
I304265,C653385,Female,22,Books,5,75.75,Debit Card,13-06-2021,Forum Istanbul,378.75,265.125,113.625,59,Fast Moving,30.0,Healthy
I246562,C227070,Female,61,Cosmetics,5,203.3,Cash,23-08-2021,Emaar Square Mall,1016.5,711.55,304.95000000000005,68,Fast Moving,30.000000000000004,Healthy
I202367,C317478,Female,41,Books,3,45.45,Cash,24-02-2023,Istinye Park,136.35000000000002,95.44500000000001,40.905000000000015,7,Fast Moving,30.000000000000004,Healthy
I664787,C237330,Female,53,Cosmetics,2,81.32,Credit Card,12-01-2023,Istinye Park,162.64,113.84799999999998,48.792,105,Slow Moving,30.000000000000004,Healthy
I160777,C626042,Female,43,Technology,4,4200.0,Cash,22-02-2022,Metrocity,16800.0,11760.0,5040.0,55,Fast Moving,30.0,Healthy
I137794,C133687,Female,45,Food & Beverage,3,15.69,Debit Card,12-03-2021,Viaport Outlet,47.07,32.949,14.121000000000002,11,Fast Moving,30.000000000000004,Healthy
I148377,C841663,Female,29,Clothing,1,300.08,Cash,02-01-2022,Istinye Park,300.08,210.05599999999998,90.024,25,Fast Moving,30.000000000000004,Healthy
I258195,C213742,Male,43,Toys,2,71.68,Cash,26-11-2021,Kanyon,143.36,100.352,43.00800000000001,77,Slow Moving,30.000000000000004,Healthy
I300213,C962515,Female,19,Clothing,4,1200.32,Credit Card,21-04-2021,Kanyon,4801.28,3360.8959999999997,1440.384,43,Fast Moving,30.000000000000004,Healthy
I263803,C112279,Female,67,Food & Beverage,3,15.69,Cash,23-06-2021,Kanyon,47.07,32.949,14.121000000000002,22,Fast Moving,30.000000000000004,Healthy
I335713,C158837,Female,36,Books,4,60.6,Cash,14-12-2021,Kanyon,242.4,169.68,72.72,8,Fast Moving,30.0,Healthy
I133061,C336576,Male,64,Clothing,5,1500.4,Credit Card,09-06-2022,Mall of Istanbul,7502.0,5251.4,2250.6000000000004,93,Slow Moving,30.000000000000004,Healthy
I207205,C716161,Female,33,Clothing,1,300.08,Debit Card,26-11-2021,Kanyon,300.08,210.05599999999998,90.024,64,Fast Moving,30.000000000000004,Healthy
I209289,C439382,Female,33,Clothing,4,1200.32,Credit Card,05-02-2021,Kanyon,4801.28,3360.8959999999997,1440.384,18,Fast Moving,30.000000000000004,Healthy
I157285,C123427,Male,66,Clothing,4,1200.32,Cash,06-03-2022,Mall of Istanbul,4801.28,3360.8959999999997,1440.384,118,Slow Moving,30.000000000000004,Healthy
I218590,C224743,Female,29,Cosmetics,4,162.64,Debit Card,09-05-2022,Metropol AVM,650.56,455.39199999999994,195.168,13,Fast Moving,30.000000000000004,Healthy
I181109,C119549,Male,22,Toys,3,107.52,Cash,17-10-2022,Mall of Istanbul,322.56,225.79199999999997,96.76800000000003,94,Slow Moving,30.00000000000001,Healthy
I221715,C187266,Female,63,Food & Beverage,3,15.69,Cash,22-01-2022,Cevahir AVM,47.07,32.949,14.121000000000002,57,Fast Moving,30.000000000000004,Healthy
I204979,C173084,Female,24,Souvenir,5,58.65,Debit Card,14-03-2021,Istinye Park,293.25,205.27499999999998,87.97500000000002,6,Fast Moving,30.00000000000001,Healthy
I115146,C126956,Female,24,Cosmetics,5,203.3,Cash,27-04-2022,Metrocity,1016.5,711.55,304.95000000000005,88,Slow Moving,30.000000000000004,Healthy
I883721,C236859,Female,44,Technology,5,5250.0,Credit Card,19-11-2021,Mall of Istanbul,26250.0,18375.0,7875.0,96,Slow Moving,30.0,Healthy
I402376,C309926,Male,34,Shoes,5,3000.85,Cash,10-09-2022,Forum Istanbul,15004.25,10502.974999999999,4501.2750000000015,115,Slow Moving,30.00000000000001,Healthy
I251356,C493252,Female,47,Cosmetics,4,162.64,Cash,04-09-2021,Kanyon,650.56,455.39199999999994,195.168,64,Fast Moving,30.000000000000004,Healthy
I292239,C109871,Male,38,Food & Beverage,5,26.15,Cash,21-08-2022,Mall of Istanbul,130.75,91.52499999999999,39.22500000000001,75,Fast Moving,30.000000000000004,Healthy
I276526,C136117,Female,57,Shoes,5,3000.85,Debit Card,02-10-2021,Emaar Square Mall,15004.25,10502.974999999999,4501.2750000000015,48,Fast Moving,30.00000000000001,Healthy
I260525,C258404,Male,67,Toys,3,107.52,Cash,07-01-2023,Emaar Square Mall,322.56,225.79199999999997,96.76800000000003,12,Fast Moving,30.00000000000001,Healthy
I870944,C169749,Male,41,Souvenir,3,35.19,Credit Card,08-06-2021,Cevahir AVM,105.57,73.89899999999999,31.671000000000006,51,Fast Moving,30.00000000000001,Healthy
I739573,C199947,Female,40,Clothing,5,1500.4,Debit Card,17-04-2021,Kanyon,7502.0,5251.4,2250.6000000000004,39,Fast Moving,30.000000000000004,Healthy
I115870,C135790,Female,69,Shoes,4,2400.68,Cash,04-09-2021,Metrocity,9602.72,6721.9039999999995,2880.816,82,Slow Moving,30.0,Healthy
I190444,C606418,Female,47,Food & Beverage,5,26.15,Cash,20-07-2022,Mall of Istanbul,130.75,91.52499999999999,39.22500000000001,85,Slow Moving,30.000000000000004,Healthy
I309552,C111611,Female,53,Food & Beverage,4,20.92,Credit Card,14-07-2021,Istinye Park,83.68,58.576,25.104000000000006,40,Fast Moving,30.000000000000004,Healthy
I306076,C679476,Male,40,Toys,2,71.68,Cash,01-11-2022,Emaar Square Mall,143.36,100.352,43.00800000000001,54,Fast Moving,30.000000000000004,Healthy
I321683,C542025,Male,60,Cosmetics,4,162.64,Credit Card,06-01-2023,Metrocity,650.56,455.39199999999994,195.168,108,Slow Moving,30.000000000000004,Healthy
I151332,C168491,Male,30,Souvenir,2,23.46,Cash,25-03-2021,Kanyon,46.92,32.844,14.076,8,Fast Moving,30.0,Healthy
I340014,C169650,Female,66,Clothing,2,600.16,Credit Card,08-09-2022,Istinye Park,1200.32,840.2239999999999,360.096,6,Fast Moving,30.000000000000004,Healthy
I249424,C158160,Male,22,Food & Beverage,1,5.23,Cash,18-02-2022,Mall of Istanbul,5.23,3.661,1.5690000000000004,10,Fast Moving,30.000000000000004,Healthy
I227716,C552345,Male,53,Food & Beverage,2,10.46,Cash,22-04-2021,Kanyon,20.92,14.644,6.276000000000002,58,Fast Moving,30.000000000000004,Healthy
I140663,C218383,Female,52,Clothing,5,1500.4,Cash,15-10-2022,Zorlu Center,7502.0,5251.4,2250.6000000000004,110,Slow Moving,30.000000000000004,Healthy
I253242,C309438,Male,26,Shoes,5,3000.85,Cash,07-04-2022,Mall of Istanbul,15004.25,10502.974999999999,4501.2750000000015,8,Fast Moving,30.00000000000001,Healthy
I108359,C253905,Male,66,Food & Beverage,1,5.23,Cash,07-06-2022,Mall of Istanbul,5.23,3.661,1.5690000000000004,58,Fast Moving,30.000000000000004,Healthy
I195567,C992677,Male,65,Clothing,4,1200.32,Debit Card,22-01-2023,Metropol AVM,4801.28,3360.8959999999997,1440.384,97,Slow Moving,30.000000000000004,Healthy
I289643,C584700,Female,43,Technology,2,2100.0,Cash,22-08-2022,Kanyon,4200.0,2940.0,1260.0,67,Fast Moving,30.0,Healthy
I722319,C157070,Female,59,Toys,1,35.84,Debit Card,03-10-2021,Kanyon,35.84,25.088,10.752000000000002,22,Fast Moving,30.000000000000004,Healthy
I317105,C177975,Female,30,Souvenir,5,58.65,Debit Card,29-07-2021,Kanyon,293.25,205.27499999999998,87.97500000000002,94,Slow Moving,30.00000000000001,Healthy
I215721,C830576,Female,25,Cosmetics,2,81.32,Debit Card,16-12-2022,Metrocity,162.64,113.84799999999998,48.792,48,Fast Moving,30.000000000000004,Healthy
I154469,C807389,Female,29,Toys,3,107.52,Debit Card,03-06-2021,Mall of Istanbul,322.56,225.79199999999997,96.76800000000003,38,Fast Moving,30.00000000000001,Healthy
I172458,C277842,Female,19,Clothing,2,600.16,Debit Card,17-12-2021,Cevahir AVM,1200.32,840.2239999999999,360.096,78,Slow Moving,30.000000000000004,Healthy
I297270,C183011,Male,62,Clothing,5,1500.4,Credit Card,31-12-2022,Metropol AVM,7502.0,5251.4,2250.6000000000004,66,Fast Moving,30.000000000000004,Healthy
I153930,C567813,Male,39,Food & Beverage,3,15.69,Cash,09-08-2022,Forum Istanbul,47.07,32.949,14.121000000000002,104,Slow Moving,30.000000000000004,Healthy
I282854,C282974,Female,33,Clothing,3,900.24,Cash,31-07-2022,Kanyon,2700.7200000000003,1890.5040000000001,810.2160000000001,18,Fast Moving,30.000000000000004,Healthy
I869144,C181972,Female,26,Food & Beverage,4,20.92,Debit Card,04-05-2021,Mall of Istanbul,83.68,58.576,25.104000000000006,99,Slow Moving,30.000000000000004,Healthy
I283443,C189493,Male,43,Technology,3,3150.0,Credit Card,25-05-2022,Viaport Outlet,9450.0,6615.0,2835.0,52,Fast Moving,30.0,Healthy
I193271,C242748,Female,40,Food & Beverage,3,15.69,Debit Card,23-12-2022,Kanyon,47.07,32.949,14.121000000000002,19,Fast Moving,30.000000000000004,Healthy
I985478,C324683,Male,55,Clothing,4,1200.32,Credit Card,24-01-2023,Kanyon,4801.28,3360.8959999999997,1440.384,76,Slow Moving,30.000000000000004,Healthy
I200392,C307921,Female,24,Clothing,5,1500.4,Credit Card,14-09-2021,Viaport Outlet,7502.0,5251.4,2250.6000000000004,82,Slow Moving,30.000000000000004,Healthy
I256691,C152549,Male,24,Cosmetics,1,40.66,Cash,04-02-2022,Metrocity,40.66,28.461999999999996,12.198,91,Slow Moving,30.000000000000004,Healthy
I796162,C111832,Female,30,Food & Beverage,5,26.15,Credit Card,06-01-2022,Metrocity,130.75,91.52499999999999,39.22500000000001,66,Fast Moving,30.000000000000004,Healthy
I224371,C204174,Male,34,Clothing,5,1500.4,Credit Card,01-02-2022,Mall of Istanbul,7502.0,5251.4,2250.6000000000004,44,Fast Moving,30.000000000000004,Healthy
I215998,C279370,Female,64,Clothing,5,1500.4,Cash,26-10-2022,Cevahir AVM,7502.0,5251.4,2250.6000000000004,89,Slow Moving,30.000000000000004,Healthy
I338966,C907582,Female,57,Clothing,5,1500.4,Cash,21-09-2022,Mall of Istanbul,7502.0,5251.4,2250.6000000000004,84,Slow Moving,30.000000000000004,Healthy
I293215,C166635,Male,18,Cosmetics,4,162.64,Credit Card,12-12-2021,Istinye Park,650.56,455.39199999999994,195.168,113,Slow Moving,30.000000000000004,Healthy
I149688,C276043,Female,26,Clothing,4,1200.32,Cash,21-08-2021,Zorlu Center,4801.28,3360.8959999999997,1440.384,86,Slow Moving,30.000000000000004,Healthy
I109649,C282643,Female,19,Food & Beverage,3,15.69,Debit Card,08-10-2021,Emaar Square Mall,47.07,32.949,14.121000000000002,115,Slow Moving,30.000000000000004,Healthy
I299820,C820515,Female,22,Books,3,45.45,Cash,22-11-2021,Kanyon,136.35000000000002,95.44500000000001,40.905000000000015,57,Fast Moving,30.000000000000004,Healthy
I157775,C331761,Male,48,Clothing,1,300.08,Cash,19-03-2022,Kanyon,300.08,210.05599999999998,90.024,28,Fast Moving,30.000000000000004,Healthy
I317140,C326893,Female,56,Souvenir,5,58.65,Cash,19-10-2022,Istinye Park,293.25,205.27499999999998,87.97500000000002,30,Fast Moving,30.00000000000001,Healthy
I147334,C306395,Male,35,Clothing,2,600.16,Cash,12-01-2022,Viaport Outlet,1200.32,840.2239999999999,360.096,93,Slow Moving,30.000000000000004,Healthy
I278121,C885344,Female,60,Toys,4,143.36,Debit Card,07-06-2021,Metrocity,573.44,401.408,172.03200000000004,64,Fast Moving,30.000000000000004,Healthy
I134452,C112750,Female,32,Clothing,1,300.08,Credit Card,15-01-2023,Forum Istanbul,300.08,210.05599999999998,90.024,113,Slow Moving,30.000000000000004,Healthy
I320846,C274870,Male,27,Clothing,4,1200.32,Credit Card,11-11-2021,Kanyon,4801.28,3360.8959999999997,1440.384,45,Fast Moving,30.000000000000004,Healthy
I740676,C199864,Female,56,Clothing,2,600.16,Credit Card,21-09-2022,Istinye Park,1200.32,840.2239999999999,360.096,33,Fast Moving,30.000000000000004,Healthy
I142331,C997380,Male,35,Cosmetics,4,162.64,Debit Card,30-05-2021,Metrocity,650.56,455.39199999999994,195.168,19,Fast Moving,30.000000000000004,Healthy
I222983,C132002,Female,68,Clothing,1,300.08,Credit Card,23-12-2021,Metropol AVM,300.08,210.05599999999998,90.024,49,Fast Moving,30.000000000000004,Healthy
I164665,C255058,Female,64,Technology,2,2100.0,Cash,30-04-2022,Kanyon,4200.0,2940.0,1260.0,69,Fast Moving,30.0,Healthy
I133387,C271799,Female,60,Toys,4,143.36,Cash,07-06-2021,Forum Istanbul,573.44,401.408,172.03200000000004,93,Slow Moving,30.000000000000004,Healthy
I276763,C765620,Male,64,Toys,5,179.2,Debit Card,21-02-2022,Kanyon,896.0,627.1999999999999,268.80000000000007,75,Fast Moving,30.00000000000001,Healthy
I273890,C891545,Female,41,Clothing,3,900.24,Debit Card,26-08-2021,Emaar Square Mall,2700.7200000000003,1890.5040000000001,810.2160000000001,13,Fast Moving,30.000000000000004,Healthy
I774221,C519513,Male,30,Food & Beverage,5,26.15,Cash,15-12-2021,Metrocity,130.75,91.52499999999999,39.22500000000001,92,Slow Moving,30.000000000000004,Healthy
I202171,C125624,Male,40,Clothing,1,300.08,Debit Card,20-02-2021,Mall of Istanbul,300.08,210.05599999999998,90.024,5,Fast Moving,30.000000000000004,Healthy
I219780,C658980,Female,29,Clothing,2,600.16,Cash,08-10-2021,Kanyon,1200.32,840.2239999999999,360.096,112,Slow Moving,30.000000000000004,Healthy
I160221,C319231,Male,25,Clothing,3,900.24,Cash,01-08-2022,Mall of Istanbul,2700.7200000000003,1890.5040000000001,810.2160000000001,12,Fast Moving,30.000000000000004,Healthy
I106691,C150594,Female,60,Clothing,4,1200.32,Cash,09-09-2021,Kanyon,4801.28,3360.8959999999997,1440.384,92,Slow Moving,30.000000000000004,Healthy
I129886,C846730,Female,42,Food & Beverage,5,26.15,Cash,25-10-2021,Metrocity,130.75,91.52499999999999,39.22500000000001,67,Fast Moving,30.000000000000004,Healthy
I745394,C249877,Male,54,Food & Beverage,1,5.23,Cash,14-12-2021,Metropol AVM,5.23,3.661,1.5690000000000004,15,Fast Moving,30.000000000000004,Healthy
I157056,C200826,Female,50,Clothing,5,1500.4,Cash,20-06-2021,Kanyon,7502.0,5251.4,2250.6000000000004,119,Slow Moving,30.000000000000004,Healthy
I304531,C263874,Male,54,Clothing,1,300.08,Debit Card,07-04-2021,Metropol AVM,300.08,210.05599999999998,90.024,85,Slow Moving,30.000000000000004,Healthy
I762439,C663463,Female,45,Books,4,60.6,Cash,05-12-2021,Metrocity,242.4,169.68,72.72,12,Fast Moving,30.0,Healthy
I300972,C134370,Female,40,Cosmetics,1,40.66,Credit Card,25-05-2021,Zorlu Center,40.66,28.461999999999996,12.198,39,Fast Moving,30.000000000000004,Healthy
I151588,C310642,Male,24,Books,3,45.45,Credit Card,12-04-2022,Metrocity,136.35000000000002,95.44500000000001,40.905000000000015,39,Fast Moving,30.000000000000004,Healthy
I657069,C651699,Male,40,Clothing,4,1200.32,Cash,16-12-2021,Mall of Istanbul,4801.28,3360.8959999999997,1440.384,37,Fast Moving,30.000000000000004,Healthy
I122655,C989693,Female,32,Technology,2,2100.0,Credit Card,21-02-2021,Metropol AVM,4200.0,2940.0,1260.0,9,Fast Moving,30.0,Healthy
I236914,C123581,Female,28,Clothing,3,900.24,Cash,26-10-2021,Mall of Istanbul,2700.7200000000003,1890.5040000000001,810.2160000000001,110,Slow Moving,30.000000000000004,Healthy
I247471,C192446,Female,22,Toys,1,35.84,Cash,18-12-2022,Mall of Istanbul,35.84,25.088,10.752000000000002,107,Slow Moving,30.000000000000004,Healthy
I362306,C143343,Female,21,Clothing,1,300.08,Credit Card,19-09-2022,Metrocity,300.08,210.05599999999998,90.024,45,Fast Moving,30.000000000000004,Healthy
I215279,C223343,Female,31,Clothing,2,600.16,Credit Card,01-02-2023,Kanyon,1200.32,840.2239999999999,360.096,32,Fast Moving,30.000000000000004,Healthy
I216061,C309082,Female,61,Food & Beverage,3,15.69,Credit Card,05-10-2022,Mall of Istanbul,47.07,32.949,14.121000000000002,11,Fast Moving,30.000000000000004,Healthy
I246375,C236365,Female,67,Cosmetics,2,81.32,Cash,28-11-2021,Kanyon,162.64,113.84799999999998,48.792,77,Slow Moving,30.000000000000004,Healthy
I103596,C178734,Male,52,Shoes,5,3000.85,Cash,03-08-2021,Kanyon,15004.25,10502.974999999999,4501.2750000000015,76,Slow Moving,30.00000000000001,Healthy
I259878,C223010,Male,44,Clothing,4,1200.32,Credit Card,12-10-2022,Metropol AVM,4801.28,3360.8959999999997,1440.384,16,Fast Moving,30.000000000000004,Healthy
I206422,C289933,Female,48,Food & Beverage,2,10.46,Credit Card,28-09-2022,Kanyon,20.92,14.644,6.276000000000002,38,Fast Moving,30.000000000000004,Healthy
I201704,C340116,Female,53,Food & Beverage,3,15.69,Cash,12-07-2021,Metrocity,47.07,32.949,14.121000000000002,37,Fast Moving,30.000000000000004,Healthy
I168037,C816586,Male,27,Toys,4,143.36,Cash,03-07-2021,Mall of Istanbul,573.44,401.408,172.03200000000004,52,Fast Moving,30.000000000000004,Healthy
I307534,C434171,Female,28,Cosmetics,4,162.64,Cash,26-03-2022,Viaport Outlet,650.56,455.39199999999994,195.168,27,Fast Moving,30.000000000000004,Healthy
I259196,C215384,Female,43,Toys,4,143.36,Credit Card,17-05-2022,Cevahir AVM,573.44,401.408,172.03200000000004,66,Fast Moving,30.000000000000004,Healthy
I141241,C143442,Male,54,Souvenir,5,58.65,Credit Card,11-04-2022,Kanyon,293.25,205.27499999999998,87.97500000000002,92,Slow Moving,30.00000000000001,Healthy
I289973,C102926,Male,41,Food & Beverage,5,26.15,Credit Card,22-10-2021,Kanyon,130.75,91.52499999999999,39.22500000000001,41,Fast Moving,30.000000000000004,Healthy
I147203,C340063,Female,59,Cosmetics,5,203.3,Cash,20-12-2021,Istinye Park,1016.5,711.55,304.95000000000005,103,Slow Moving,30.000000000000004,Healthy
I323788,C131786,Female,32,Clothing,1,300.08,Credit Card,17-03-2022,Metropol AVM,300.08,210.05599999999998,90.024,48,Fast Moving,30.000000000000004,Healthy
I285454,C194380,Female,41,Souvenir,5,58.65,Credit Card,23-06-2022,Metropol AVM,293.25,205.27499999999998,87.97500000000002,108,Slow Moving,30.00000000000001,Healthy
I288152,C269623,Female,30,Technology,3,3150.0,Debit Card,19-06-2021,Mall of Istanbul,9450.0,6615.0,2835.0,90,Slow Moving,30.0,Healthy
I134126,C847171,Male,22,Clothing,1,300.08,Debit Card,30-08-2022,Istinye Park,300.08,210.05599999999998,90.024,95,Slow Moving,30.000000000000004,Healthy
I311052,C556552,Female,51,Clothing,4,1200.32,Cash,20-11-2021,Cevahir AVM,4801.28,3360.8959999999997,1440.384,39,Fast Moving,30.000000000000004,Healthy
I176469,C876528,Female,23,Food & Beverage,2,10.46,Credit Card,31-07-2021,Viaport Outlet,20.92,14.644,6.276000000000002,69,Fast Moving,30.000000000000004,Healthy
I167993,C303493,Male,40,Toys,2,71.68,Cash,20-02-2022,Kanyon,143.36,100.352,43.00800000000001,103,Slow Moving,30.000000000000004,Healthy
I222086,C978718,Male,37,Clothing,5,1500.4,Cash,09-02-2023,Emaar Square Mall,7502.0,5251.4,2250.6000000000004,105,Slow Moving,30.000000000000004,Healthy
I164597,C111766,Female,24,Clothing,1,300.08,Cash,24-03-2021,Mall of Istanbul,300.08,210.05599999999998,90.024,51,Fast Moving,30.000000000000004,Healthy
I184307,C175946,Male,22,Food & Beverage,1,5.23,Credit Card,25-08-2022,Kanyon,5.23,3.661,1.5690000000000004,82,Slow Moving,30.000000000000004,Healthy
I289905,C160005,Female,61,Cosmetics,4,162.64,Cash,21-10-2021,Kanyon,650.56,455.39199999999994,195.168,7,Fast Moving,30.000000000000004,Healthy
I416544,C599109,Female,25,Food & Beverage,2,10.46,Credit Card,28-05-2022,Metrocity,20.92,14.644,6.276000000000002,5,Fast Moving,30.000000000000004,Healthy
I601026,C693789,Female,66,Souvenir,5,58.65,Credit Card,05-03-2022,Zorlu Center,293.25,205.27499999999998,87.97500000000002,9,Fast Moving,30.00000000000001,Healthy
I257890,C259342,Female,59,Shoes,1,600.17,Cash,05-10-2021,Kanyon,600.17,420.11899999999997,180.051,94,Slow Moving,30.0,Healthy
I260028,C208108,Male,38,Clothing,4,1200.32,Cash,16-04-2021,Metropol AVM,4801.28,3360.8959999999997,1440.384,18,Fast Moving,30.000000000000004,Healthy
I170160,C244213,Male,34,Toys,2,71.68,Debit Card,26-02-2023,Metrocity,143.36,100.352,43.00800000000001,107,Slow Moving,30.000000000000004,Healthy
I624164,C102685,Female,26,Clothing,1,300.08,Cash,20-03-2021,Kanyon,300.08,210.05599999999998,90.024,31,Fast Moving,30.000000000000004,Healthy
I143353,C244291,Female,59,Souvenir,5,58.65,Cash,15-05-2022,Metrocity,293.25,205.27499999999998,87.97500000000002,13,Fast Moving,30.00000000000001,Healthy
I278401,C162371,Female,53,Toys,1,35.84,Debit Card,31-01-2023,Mall of Istanbul,35.84,25.088,10.752000000000002,83,Slow Moving,30.000000000000004,Healthy
I402966,C375422,Male,23,Cosmetics,4,162.64,Debit Card,02-10-2021,Viaport Outlet,650.56,455.39199999999994,195.168,19,Fast Moving,30.000000000000004,Healthy
I244241,C911768,Female,23,Clothing,5,1500.4,Credit Card,03-08-2022,Viaport Outlet,7502.0,5251.4,2250.6000000000004,94,Slow Moving,30.000000000000004,Healthy
I179048,C270129,Female,66,Technology,3,3150.0,Debit Card,28-03-2021,Cevahir AVM,9450.0,6615.0,2835.0,46,Fast Moving,30.0,Healthy
I165202,C617189,Female,56,Cosmetics,4,162.64,Cash,21-11-2022,Mall of Istanbul,650.56,455.39199999999994,195.168,81,Slow Moving,30.000000000000004,Healthy
I328321,C271029,Female,38,Souvenir,2,23.46,Credit Card,12-02-2021,Metropol AVM,46.92,32.844,14.076,55,Fast Moving,30.0,Healthy
I417106,C292356,Male,28,Clothing,3,900.24,Cash,03-04-2021,Cevahir AVM,2700.7200000000003,1890.5040000000001,810.2160000000001,67,Fast Moving,30.000000000000004,Healthy
I248153,C329633,Female,44,Food & Beverage,1,5.23,Cash,03-07-2022,Metropol AVM,5.23,3.661,1.5690000000000004,100,Slow Moving,30.000000000000004,Healthy
I112270,C244780,Female,26,Food & Beverage,4,20.92,Cash,14-02-2021,Mall of Istanbul,83.68,58.576,25.104000000000006,107,Slow Moving,30.000000000000004,Healthy
I318831,C139568,Female,41,Cosmetics,4,162.64,Credit Card,15-07-2022,Viaport Outlet,650.56,455.39199999999994,195.168,117,Slow Moving,30.000000000000004,Healthy
I258322,C220281,Male,50,Clothing,4,1200.32,Cash,12-07-2021,Viaport Outlet,4801.28,3360.8959999999997,1440.384,56,Fast Moving,30.000000000000004,Healthy
I334246,C311034,Female,23,Cosmetics,3,121.98,Cash,19-05-2022,Mall of Istanbul,365.94,256.15799999999996,109.78200000000004,100,Slow Moving,30.00000000000001,Healthy
I198233,C584141,Female,31,Cosmetics,4,162.64,Cash,13-02-2023,Metropol AVM,650.56,455.39199999999994,195.168,8,Fast Moving,30.000000000000004,Healthy
I310819,C221934,Male,26,Cosmetics,5,203.3,Credit Card,27-11-2022,Forum Istanbul,1016.5,711.55,304.95000000000005,98,Slow Moving,30.000000000000004,Healthy
I409288,C513561,Female,56,Food & Beverage,3,15.69,Cash,02-03-2021,Viaport Outlet,47.07,32.949,14.121000000000002,105,Slow Moving,30.000000000000004,Healthy
I131054,C257990,Female,34,Toys,4,143.36,Cash,16-10-2021,Kanyon,573.44,401.408,172.03200000000004,27,Fast Moving,30.000000000000004,Healthy
I149521,C168348,Female,29,Clothing,2,600.16,Cash,04-11-2021,Kanyon,1200.32,840.2239999999999,360.096,107,Slow Moving,30.000000000000004,Healthy
I156233,C161285,Female,20,Clothing,1,300.08,Credit Card,11-01-2023,Mall of Istanbul,300.08,210.05599999999998,90.024,113,Slow Moving,30.000000000000004,Healthy
I295784,C166191,Female,54,Cosmetics,3,121.98,Credit Card,08-06-2022,Forum Istanbul,365.94,256.15799999999996,109.78200000000004,19,Fast Moving,30.00000000000001,Healthy
I255381,C172966,Male,40,Clothing,4,1200.32,Debit Card,24-05-2021,Metrocity,4801.28,3360.8959999999997,1440.384,47,Fast Moving,30.000000000000004,Healthy
I337719,C320928,Male,40,Cosmetics,5,203.3,Cash,18-01-2021,Istinye Park,1016.5,711.55,304.95000000000005,33,Fast Moving,30.000000000000004,Healthy
I220863,C131497,Male,21,Books,4,60.6,Cash,22-07-2021,Mall of Istanbul,242.4,169.68,72.72,40,Fast Moving,30.0,Healthy
I530401,C526660,Female,32,Technology,2,2100.0,Cash,25-09-2022,Zorlu Center,4200.0,2940.0,1260.0,17,Fast Moving,30.0,Healthy
I219555,C266961,Male,47,Clothing,3,900.24,Credit Card,10-09-2021,Metrocity,2700.7200000000003,1890.5040000000001,810.2160000000001,36,Fast Moving,30.000000000000004,Healthy
I316629,C204741,Female,41,Souvenir,3,35.19,Cash,16-01-2022,Cevahir AVM,105.57,73.89899999999999,31.671000000000006,75,Fast Moving,30.00000000000001,Healthy
I795251,C181619,Male,33,Cosmetics,5,203.3,Cash,13-11-2022,Kanyon,1016.5,711.55,304.95000000000005,63,Fast Moving,30.000000000000004,Healthy
I151099,C250395,Female,67,Souvenir,2,23.46,Credit Card,14-03-2021,Mall of Istanbul,46.92,32.844,14.076,119,Slow Moving,30.0,Healthy
I286193,C322994,Male,37,Cosmetics,3,121.98,Cash,23-07-2022,Istinye Park,365.94,256.15799999999996,109.78200000000004,90,Slow Moving,30.00000000000001,Healthy
I399563,C250673,Female,38,Toys,1,35.84,Cash,24-06-2021,Metropol AVM,35.84,25.088,10.752000000000002,32,Fast Moving,30.000000000000004,Healthy
I229355,C192978,Male,28,Shoes,5,3000.85,Credit Card,30-01-2021,Kanyon,15004.25,10502.974999999999,4501.2750000000015,70,Fast Moving,30.00000000000001,Healthy
I147727,C163033,Female,38,Books,1,15.15,Credit Card,17-04-2022,Kanyon,15.15,10.605,4.545,46,Fast Moving,30.0,Healthy
I504141,C558480,Female,56,Cosmetics,1,40.66,Credit Card,23-02-2023,Kanyon,40.66,28.461999999999996,12.198,49,Fast Moving,30.000000000000004,Healthy
I246151,C287409,Male,25,Books,3,45.45,Debit Card,05-07-2021,Metropol AVM,136.35000000000002,95.44500000000001,40.905000000000015,66,Fast Moving,30.000000000000004,Healthy
I164675,C993675,Male,66,Books,5,75.75,Cash,31-08-2021,Kanyon,378.75,265.125,113.625,61,Fast Moving,30.0,Healthy
I606511,C307535,Female,37,Souvenir,2,23.46,Credit Card,09-09-2022,Viaport Outlet,46.92,32.844,14.076,10,Fast Moving,30.0,Healthy
I342816,C238961,Female,19,Food & Beverage,2,10.46,Cash,04-11-2021,Mall of Istanbul,20.92,14.644,6.276000000000002,32,Fast Moving,30.000000000000004,Healthy
I151764,C671866,Female,53,Clothing,5,1500.4,Cash,30-06-2022,Kanyon,7502.0,5251.4,2250.6000000000004,32,Fast Moving,30.000000000000004,Healthy
I226172,C171154,Female,69,Shoes,1,600.17,Cash,24-07-2021,Kanyon,600.17,420.11899999999997,180.051,112,Slow Moving,30.0,Healthy
I737630,C848969,Male,69,Clothing,5,1500.4,Cash,15-04-2022,Metropol AVM,7502.0,5251.4,2250.6000000000004,48,Fast Moving,30.000000000000004,Healthy
I891311,C240171,Female,31,Food & Beverage,2,10.46,Debit Card,25-09-2021,Metropol AVM,20.92,14.644,6.276000000000002,88,Slow Moving,30.000000000000004,Healthy
I127733,C665777,Male,39,Books,5,75.75,Cash,24-08-2021,Kanyon,378.75,265.125,113.625,34,Fast Moving,30.0,Healthy
I202398,C256730,Male,53,Shoes,5,3000.85,Cash,26-01-2021,Zorlu Center,15004.25,10502.974999999999,4501.2750000000015,66,Fast Moving,30.00000000000001,Healthy
I160585,C298229,Male,26,Cosmetics,2,81.32,Cash,05-02-2022,Metropol AVM,162.64,113.84799999999998,48.792,79,Slow Moving,30.000000000000004,Healthy
I771414,C183404,Male,63,Food & Beverage,3,15.69,Cash,09-12-2022,Forum Istanbul,47.07,32.949,14.121000000000002,96,Slow Moving,30.000000000000004,Healthy
I139520,C316398,Female,34,Clothing,5,1500.4,Cash,14-02-2021,Mall of Istanbul,7502.0,5251.4,2250.6000000000004,93,Slow Moving,30.000000000000004,Healthy
I291540,C557245,Male,25,Food & Beverage,1,5.23,Debit Card,17-07-2022,Kanyon,5.23,3.661,1.5690000000000004,107,Slow Moving,30.000000000000004,Healthy
I798213,C662958,Female,20,Shoes,3,1800.51,Cash,03-01-2021,Metropol AVM,5401.53,3781.0709999999995,1620.4590000000003,66,Fast Moving,30.000000000000004,Healthy
I232338,C545065,Female,18,Clothing,4,1200.32,Debit Card,22-09-2022,Metropol AVM,4801.28,3360.8959999999997,1440.384,101,Slow Moving,30.000000000000004,Healthy
I267713,C284679,Male,53,Cosmetics,4,162.64,Credit Card,27-06-2021,Kanyon,650.56,455.39199999999994,195.168,5,Fast Moving,30.000000000000004,Healthy
I525798,C581947,Male,46,Cosmetics,4,162.64,Cash,03-02-2023,Mall of Istanbul,650.56,455.39199999999994,195.168,31,Fast Moving,30.000000000000004,Healthy
I353272,C199311,Female,34,Clothing,1,300.08,Credit Card,29-07-2021,Istinye Park,300.08,210.05599999999998,90.024,66,Fast Moving,30.000000000000004,Healthy
I165687,C206501,Female,61,Clothing,3,900.24,Cash,08-12-2022,Metropol AVM,2700.7200000000003,1890.5040000000001,810.2160000000001,81,Slow Moving,30.000000000000004,Healthy
I169015,C726021,Female,38,Clothing,5,1500.4,Credit Card,11-08-2022,Mall of Istanbul,7502.0,5251.4,2250.6000000000004,109,Slow Moving,30.000000000000004,Healthy
I111305,C448846,Female,67,Food & Beverage,3,15.69,Cash,13-09-2021,Metropol AVM,47.07,32.949,14.121000000000002,7,Fast Moving,30.000000000000004,Healthy
I187171,C168663,Male,33,Toys,4,143.36,Credit Card,27-05-2022,Istinye Park,573.44,401.408,172.03200000000004,107,Slow Moving,30.000000000000004,Healthy
I148276,C616106,Female,63,Clothing,4,1200.32,Debit Card,07-12-2022,Zorlu Center,4801.28,3360.8959999999997,1440.384,74,Fast Moving,30.000000000000004,Healthy
I783231,C771066,Female,21,Clothing,5,1500.4,Debit Card,05-01-2022,Cevahir AVM,7502.0,5251.4,2250.6000000000004,76,Slow Moving,30.000000000000004,Healthy
I313426,C101196,Female,41,Cosmetics,4,162.64,Debit Card,05-04-2022,Kanyon,650.56,455.39199999999994,195.168,31,Fast Moving,30.000000000000004,Healthy
I112291,C898405,Female,48,Food & Beverage,1,5.23,Credit Card,10-01-2022,Cevahir AVM,5.23,3.661,1.5690000000000004,13,Fast Moving,30.000000000000004,Healthy
I402983,C372643,Male,27,Technology,1,1050.0,Debit Card,30-01-2022,Kanyon,1050.0,735.0,315.0,66,Fast Moving,30.0,Healthy
I155076,C195626,Female,22,Toys,5,179.2,Credit Card,21-12-2022,Kanyon,896.0,627.1999999999999,268.80000000000007,41,Fast Moving,30.00000000000001,Healthy
I204056,C622748,Female,54,Clothing,4,1200.32,Credit Card,24-02-2021,Metropol AVM,4801.28,3360.8959999999997,1440.384,101,Slow Moving,30.000000000000004,Healthy
I218385,C290280,Female,51,Toys,1,35.84,Cash,19-07-2022,Metrocity,35.84,25.088,10.752000000000002,55,Fast Moving,30.000000000000004,Healthy
I198698,C281268,Female,29,Clothing,1,300.08,Debit Card,15-01-2023,Metropol AVM,300.08,210.05599999999998,90.024,110,Slow Moving,30.000000000000004,Healthy
I428118,C826744,Female,44,Shoes,2,1200.34,Credit Card,12-01-2023,Kanyon,2400.68,1680.4759999999999,720.204,48,Fast Moving,30.0,Healthy
I204147,C252021,Female,20,Shoes,3,1800.51,Credit Card,05-11-2022,Kanyon,5401.53,3781.0709999999995,1620.4590000000003,28,Fast Moving,30.000000000000004,Healthy
I361028,C647656,Female,59,Shoes,2,1200.34,Cash,23-07-2021,Metrocity,2400.68,1680.4759999999999,720.204,83,Slow Moving,30.0,Healthy
I915945,C250065,Female,23,Clothing,4,1200.32,Credit Card,30-06-2022,Metropol AVM,4801.28,3360.8959999999997,1440.384,63,Fast Moving,30.000000000000004,Healthy
I165461,C230766,Female,25,Clothing,1,300.08,Credit Card,01-11-2022,Emaar Square Mall,300.08,210.05599999999998,90.024,36,Fast Moving,30.000000000000004,Healthy
I762381,C243515,Male,63,Shoes,1,600.17,Cash,27-10-2022,Kanyon,600.17,420.11899999999997,180.051,100,Slow Moving,30.0,Healthy
I818298,C204632,Male,21,Clothing,5,1500.4,Debit Card,21-08-2022,Kanyon,7502.0,5251.4,2250.6000000000004,92,Slow Moving,30.000000000000004,Healthy
I261290,C252598,Female,56,Clothing,3,900.24,Credit Card,13-03-2021,Cevahir AVM,2700.7200000000003,1890.5040000000001,810.2160000000001,109,Slow Moving,30.000000000000004,Healthy
I215578,C866033,Male,39,Cosmetics,2,81.32,Credit Card,04-08-2022,Kanyon,162.64,113.84799999999998,48.792,56,Fast Moving,30.000000000000004,Healthy
I136666,C288416,Male,50,Food & Beverage,2,10.46,Credit Card,01-04-2021,Mall of Istanbul,20.92,14.644,6.276000000000002,117,Slow Moving,30.000000000000004,Healthy
I120948,C340089,Female,54,Shoes,4,2400.68,Debit Card,08-08-2021,Mall of Istanbul,9602.72,6721.9039999999995,2880.816,66,Fast Moving,30.0,Healthy
I173679,C555040,Male,27,Technology,3,3150.0,Credit Card,28-06-2021,Viaport Outlet,9450.0,6615.0,2835.0,117,Slow Moving,30.0,Healthy
I638275,C809281,Male,56,Clothing,5,1500.4,Credit Card,25-01-2021,Emaar Square Mall,7502.0,5251.4,2250.6000000000004,62,Fast Moving,30.000000000000004,Healthy
I551237,C375325,Female,53,Clothing,4,1200.32,Cash,22-11-2021,Metropol AVM,4801.28,3360.8959999999997,1440.384,56,Fast Moving,30.000000000000004,Healthy
I239285,C155335,Female,62,Cosmetics,3,121.98,Credit Card,13-11-2022,Viaport Outlet,365.94,256.15799999999996,109.78200000000004,16,Fast Moving,30.00000000000001,Healthy
I723062,C225051,Female,42,Clothing,4,1200.32,Credit Card,12-08-2022,Kanyon,4801.28,3360.8959999999997,1440.384,43,Fast Moving,30.000000000000004,Healthy
I353329,C635016,Female,68,Toys,2,71.68,Credit Card,18-09-2022,Metrocity,143.36,100.352,43.00800000000001,6,Fast Moving,30.000000000000004,Healthy
I321920,C165705,Male,27,Clothing,4,1200.32,Cash,08-06-2021,Mall of Istanbul,4801.28,3360.8959999999997,1440.384,7,Fast Moving,30.000000000000004,Healthy
I176115,C709571,Male,39,Cosmetics,4,162.64,Cash,30-08-2021,Viaport Outlet,650.56,455.39199999999994,195.168,117,Slow Moving,30.000000000000004,Healthy
I251743,C851508,Male,44,Toys,3,107.52,Debit Card,19-06-2022,Kanyon,322.56,225.79199999999997,96.76800000000003,105,Slow Moving,30.00000000000001,Healthy
I964173,C184126,Female,52,Clothing,3,900.24,Debit Card,15-12-2022,Emaar Square Mall,2700.7200000000003,1890.5040000000001,810.2160000000001,117,Slow Moving,30.000000000000004,Healthy
I334389,C233642,Female,19,Cosmetics,2,81.32,Cash,29-12-2021,Mall of Istanbul,162.64,113.84799999999998,48.792,60,Fast Moving,30.000000000000004,Healthy
I251855,C258410,Female,68,Cosmetics,3,121.98,Credit Card,19-06-2022,Cevahir AVM,365.94,256.15799999999996,109.78200000000004,85,Slow Moving,30.00000000000001,Healthy
I985808,C270667,Male,22,Books,5,75.75,Cash,16-06-2021,Emaar Square Mall,378.75,265.125,113.625,63,Fast Moving,30.0,Healthy
I224565,C321527,Male,61,Shoes,1,600.17,Cash,07-02-2021,Emaar Square Mall,600.17,420.11899999999997,180.051,117,Slow Moving,30.0,Healthy
I239703,C109489,Male,23,Food & Beverage,3,15.69,Credit Card,17-01-2023,Kanyon,47.07,32.949,14.121000000000002,6,Fast Moving,30.000000000000004,Healthy
I156413,C103824,Male,34,Cosmetics,5,203.3,Debit Card,20-01-2022,Metrocity,1016.5,711.55,304.95000000000005,6,Fast Moving,30.000000000000004,Healthy
I158683,C126571,Female,33,Souvenir,2,23.46,Debit Card,31-07-2022,Metrocity,46.92,32.844,14.076,96,Slow Moving,30.0,Healthy
I983860,C169676,Female,60,Shoes,1,600.17,Credit Card,30-09-2021,Metropol AVM,600.17,420.11899999999997,180.051,58,Fast Moving,30.0,Healthy
I119809,C321889,Female,24,Food & Beverage,1,5.23,Debit Card,06-04-2022,Zorlu Center,5.23,3.661,1.5690000000000004,91,Slow Moving,30.000000000000004,Healthy
I319942,C212128,Male,53,Cosmetics,5,203.3,Debit Card,14-11-2022,Mall of Istanbul,1016.5,711.55,304.95000000000005,105,Slow Moving,30.000000000000004,Healthy
I133278,C301271,Male,22,Clothing,3,900.24,Credit Card,24-02-2021,Metrocity,2700.7200000000003,1890.5040000000001,810.2160000000001,100,Slow Moving,30.000000000000004,Healthy
I252084,C221995,Male,50,Souvenir,4,46.92,Cash,25-05-2021,Metrocity,187.68,131.376,56.304,101,Slow Moving,30.0,Healthy
I182889,C318802,Male,49,Clothing,2,600.16,Credit Card,22-03-2021,Metrocity,1200.32,840.2239999999999,360.096,5,Fast Moving,30.000000000000004,Healthy
I106271,C263812,Male,31,Clothing,1,300.08,Debit Card,22-12-2022,Mall of Istanbul,300.08,210.05599999999998,90.024,23,Fast Moving,30.000000000000004,Healthy
I112481,C321609,Male,29,Food & Beverage,5,26.15,Cash,07-07-2021,Cevahir AVM,130.75,91.52499999999999,39.22500000000001,6,Fast Moving,30.000000000000004,Healthy
I240751,C666013,Female,52,Food & Beverage,1,5.23,Credit Card,18-09-2021,Kanyon,5.23,3.661,1.5690000000000004,57,Fast Moving,30.000000000000004,Healthy
I282789,C172185,Female,67,Cosmetics,2,81.32,Cash,18-02-2022,Istinye Park,162.64,113.84799999999998,48.792,48,Fast Moving,30.000000000000004,Healthy
I676291,C150463,Female,50,Food & Beverage,2,10.46,Cash,13-06-2021,Metropol AVM,20.92,14.644,6.276000000000002,94,Slow Moving,30.000000000000004,Healthy
I827069,C274529,Female,58,Toys,5,179.2,Cash,30-05-2021,Mall of Istanbul,896.0,627.1999999999999,268.80000000000007,36,Fast Moving,30.00000000000001,Healthy
I242823,C242659,Female,50,Clothing,4,1200.32,Debit Card,26-03-2021,Metropol AVM,4801.28,3360.8959999999997,1440.384,74,Fast Moving,30.000000000000004,Healthy
I208631,C194451,Female,68,Technology,2,2100.0,Credit Card,27-07-2022,Kanyon,4200.0,2940.0,1260.0,36,Fast Moving,30.0,Healthy
I139308,C252600,Female,59,Souvenir,2,23.46,Credit Card,06-04-2022,Emaar Square Mall,46.92,32.844,14.076,72,Fast Moving,30.0,Healthy
I177201,C309645,Female,66,Clothing,5,1500.4,Cash,04-02-2022,Forum Istanbul,7502.0,5251.4,2250.6000000000004,59,Fast Moving,30.000000000000004,Healthy
I263818,C336232,Male,69,Souvenir,4,46.92,Cash,26-06-2022,Zorlu Center,187.68,131.376,56.304,79,Slow Moving,30.0,Healthy
I174966,C325906,Male,27,Food & Beverage,5,26.15,Cash,25-07-2022,Mall of Istanbul,130.75,91.52499999999999,39.22500000000001,60,Fast Moving,30.000000000000004,Healthy
I186896,C138755,Female,52,Toys,1,35.84,Credit Card,19-09-2021,Zorlu Center,35.84,25.088,10.752000000000002,21,Fast Moving,30.000000000000004,Healthy
I207465,C296745,Female,27,Clothing,2,600.16,Cash,10-10-2022,Istinye Park,1200.32,840.2239999999999,360.096,42,Fast Moving,30.000000000000004,Healthy
I191148,C221838,Female,43,Technology,2,2100.0,Credit Card,29-03-2022,Forum Istanbul,4200.0,2940.0,1260.0,28,Fast Moving,30.0,Healthy
I159487,C104985,Male,36,Clothing,1,300.08,Cash,09-07-2021,Emaar Square Mall,300.08,210.05599999999998,90.024,73,Fast Moving,30.000000000000004,Healthy
I215141,C826514,Female,19,Souvenir,1,11.73,Cash,25-01-2022,Kanyon,11.73,8.211,3.519,102,Slow Moving,30.0,Healthy
I235828,C267333,Male,21,Books,5,75.75,Cash,14-12-2021,Metrocity,378.75,265.125,113.625,74,Fast Moving,30.0,Healthy
I281274,C130479,Male,20,Clothing,1,300.08,Cash,04-09-2022,Kanyon,300.08,210.05599999999998,90.024,90,Slow Moving,30.000000000000004,Healthy
I135898,C310108,Female,23,Toys,2,71.68,Debit Card,14-08-2022,Metropol AVM,143.36,100.352,43.00800000000001,15,Fast Moving,30.000000000000004,Healthy
I943072,C358486,Female,52,Cosmetics,2,81.32,Cash,03-02-2022,Metrocity,162.64,113.84799999999998,48.792,116,Slow Moving,30.000000000000004,Healthy
I142738,C208738,Male,24,Clothing,4,1200.32,Credit Card,03-01-2021,Kanyon,4801.28,3360.8959999999997,1440.384,20,Fast Moving,30.000000000000004,Healthy
I304665,C111056,Female,20,Food & Beverage,5,26.15,Credit Card,05-12-2021,Metropol AVM,130.75,91.52499999999999,39.22500000000001,101,Slow Moving,30.000000000000004,Healthy
I133240,C999586,Male,58,Toys,3,107.52,Credit Card,14-06-2022,Zorlu Center,322.56,225.79199999999997,96.76800000000003,77,Slow Moving,30.00000000000001,Healthy
I215906,C296862,Male,21,Clothing,4,1200.32,Debit Card,13-08-2021,Mall of Istanbul,4801.28,3360.8959999999997,1440.384,63,Fast Moving,30.000000000000004,Healthy
I247747,C101550,Male,35,Shoes,2,1200.34,Cash,11-01-2022,Istinye Park,2400.68,1680.4759999999999,720.204,74,Fast Moving,30.0,Healthy
I227154,C278142,Female,29,Cosmetics,3,121.98,Cash,22-12-2021,Kanyon,365.94,256.15799999999996,109.78200000000004,84,Slow Moving,30.00000000000001,Healthy
I133197,C330779,Male,68,Cosmetics,2,81.32,Credit Card,04-02-2021,Forum Istanbul,162.64,113.84799999999998,48.792,97,Slow Moving,30.000000000000004,Healthy
I542618,C282968,Female,50,Cosmetics,3,121.98,Debit Card,22-02-2022,Emaar Square Mall,365.94,256.15799999999996,109.78200000000004,7,Fast Moving,30.00000000000001,Healthy
I522612,C852668,Female,44,Toys,3,107.52,Cash,14-09-2021,Kanyon,322.56,225.79199999999997,96.76800000000003,24,Fast Moving,30.00000000000001,Healthy
I336817,C274936,Female,47,Clothing,1,300.08,Cash,03-08-2021,Cevahir AVM,300.08,210.05599999999998,90.024,63,Fast Moving,30.000000000000004,Healthy
I216982,C269751,Female,48,Souvenir,4,46.92,Cash,02-01-2023,Metrocity,187.68,131.376,56.304,40,Fast Moving,30.0,Healthy
I317443,C136051,Female,39,Toys,1,35.84,Credit Card,23-11-2022,Mall of Istanbul,35.84,25.088,10.752000000000002,23,Fast Moving,30.000000000000004,Healthy
I115679,C266462,Male,27,Clothing,1,300.08,Cash,10-01-2023,Kanyon,300.08,210.05599999999998,90.024,94,Slow Moving,30.000000000000004,Healthy
I227707,C329163,Female,34,Shoes,4,2400.68,Cash,10-01-2022,Viaport Outlet,9602.72,6721.9039999999995,2880.816,71,Fast Moving,30.0,Healthy
I238456,C305398,Female,65,Food & Beverage,1,5.23,Cash,06-08-2022,Kanyon,5.23,3.661,1.5690000000000004,23,Fast Moving,30.000000000000004,Healthy
I940840,C267961,Female,53,Cosmetics,2,81.32,Cash,19-02-2023,Istinye Park,162.64,113.84799999999998,48.792,24,Fast Moving,30.000000000000004,Healthy
I298805,C101248,Female,19,Food & Beverage,3,15.69,Credit Card,29-06-2021,Kanyon,47.07,32.949,14.121000000000002,100,Slow Moving,30.000000000000004,Healthy
I169894,C165812,Female,19,Clothing,2,600.16,Cash,01-07-2021,Istinye Park,1200.32,840.2239999999999,360.096,75,Fast Moving,30.000000000000004,Healthy
I183571,C339518,Female,31,Food & Beverage,1,5.23,Credit Card,07-02-2022,Metrocity,5.23,3.661,1.5690000000000004,56,Fast Moving,30.000000000000004,Healthy
I921232,C235057,Female,43,Toys,2,71.68,Cash,10-10-2021,Cevahir AVM,143.36,100.352,43.00800000000001,109,Slow Moving,30.000000000000004,Healthy
I130799,C103944,Male,42,Clothing,3,900.24,Credit Card,30-06-2021,Metrocity,2700.7200000000003,1890.5040000000001,810.2160000000001,37,Fast Moving,30.000000000000004,Healthy
I199384,C260889,Male,58,Books,4,60.6,Credit Card,24-03-2022,Kanyon,242.4,169.68,72.72,44,Fast Moving,30.0,Healthy
I300557,C207753,Female,34,Cosmetics,3,121.98,Debit Card,17-09-2022,Istinye Park,365.94,256.15799999999996,109.78200000000004,43,Fast Moving,30.00000000000001,Healthy
I162186,C204154,Female,32,Cosmetics,2,81.32,Debit Card,31-07-2021,Istinye Park,162.64,113.84799999999998,48.792,86,Slow Moving,30.000000000000004,Healthy
I299125,C290344,Male,27,Souvenir,4,46.92,Credit Card,21-11-2022,Kanyon,187.68,131.376,56.304,108,Slow Moving,30.0,Healthy
I720017,C730395,Female,28,Food & Beverage,2,10.46,Credit Card,04-09-2022,Kanyon,20.92,14.644,6.276000000000002,5,Fast Moving,30.000000000000004,Healthy
I293086,C312155,Male,55,Cosmetics,3,121.98,Credit Card,18-02-2021,Kanyon,365.94,256.15799999999996,109.78200000000004,15,Fast Moving,30.00000000000001,Healthy
I995407,C259743,Female,48,Souvenir,3,35.19,Cash,21-03-2021,Metropol AVM,105.57,73.89899999999999,31.671000000000006,96,Slow Moving,30.00000000000001,Healthy
I306845,C605200,Female,46,Food & Beverage,4,20.92,Credit Card,02-09-2022,Mall of Istanbul,83.68,58.576,25.104000000000006,61,Fast Moving,30.000000000000004,Healthy
I274190,C317850,Female,20,Toys,3,107.52,Cash,16-06-2021,Metropol AVM,322.56,225.79199999999997,96.76800000000003,93,Slow Moving,30.00000000000001,Healthy
I305432,C986860,Male,39,Toys,3,107.52,Credit Card,26-01-2023,Mall of Istanbul,322.56,225.79199999999997,96.76800000000003,54,Fast Moving,30.00000000000001,Healthy
I224122,C236428,Male,44,Clothing,5,1500.4,Credit Card,01-07-2022,Mall of Istanbul,7502.0,5251.4,2250.6000000000004,27,Fast Moving,30.000000000000004,Healthy
I119142,C278588,Female,35,Cosmetics,5,203.3,Debit Card,25-01-2023,Cevahir AVM,1016.5,711.55,304.95000000000005,35,Fast Moving,30.000000000000004,Healthy
I117526,C154184,Male,48,Cosmetics,5,203.3,Credit Card,23-09-2022,Emaar Square Mall,1016.5,711.55,304.95000000000005,98,Slow Moving,30.000000000000004,Healthy
I195735,C287459,Female,22,Clothing,1,300.08,Credit Card,08-09-2021,Kanyon,300.08,210.05599999999998,90.024,46,Fast Moving,30.000000000000004,Healthy
I243930,C617884,Female,52,Technology,3,3150.0,Debit Card,31-10-2022,Istinye Park,9450.0,6615.0,2835.0,103,Slow Moving,30.0,Healthy
I320007,C294024,Male,45,Clothing,5,1500.4,Debit Card,18-10-2021,Metrocity,7502.0,5251.4,2250.6000000000004,11,Fast Moving,30.000000000000004,Healthy
I339004,C790567,Male,64,Clothing,4,1200.32,Credit Card,15-07-2022,Mall of Istanbul,4801.28,3360.8959999999997,1440.384,20,Fast Moving,30.000000000000004,Healthy
I139437,C799447,Male,38,Souvenir,5,58.65,Credit Card,31-05-2021,Mall of Istanbul,293.25,205.27499999999998,87.97500000000002,94,Slow Moving,30.00000000000001,Healthy
I325491,C144628,Female,45,Shoes,2,1200.34,Cash,22-12-2021,Kanyon,2400.68,1680.4759999999999,720.204,116,Slow Moving,30.0,Healthy
I332582,C260810,Female,41,Souvenir,5,58.65,Cash,28-10-2022,Metropol AVM,293.25,205.27499999999998,87.97500000000002,64,Fast Moving,30.00000000000001,Healthy
I976566,C670524,Female,57,Cosmetics,1,40.66,Cash,13-06-2021,Forum Istanbul,40.66,28.461999999999996,12.198,117,Slow Moving,30.000000000000004,Healthy
I420592,C334281,Male,57,Food & Beverage,4,20.92,Debit Card,25-09-2022,Kanyon,83.68,58.576,25.104000000000006,6,Fast Moving,30.000000000000004,Healthy
I312499,C314173,Female,60,Books,1,15.15,Credit Card,18-08-2021,Mall of Istanbul,15.15,10.605,4.545,5,Fast Moving,30.0,Healthy
I304591,C122712,Female,44,Food & Beverage,2,10.46,Debit Card,16-09-2021,Kanyon,20.92,14.644,6.276000000000002,52,Fast Moving,30.000000000000004,Healthy
I122118,C276111,Male,38,Cosmetics,5,203.3,Cash,15-11-2022,Metrocity,1016.5,711.55,304.95000000000005,16,Fast Moving,30.000000000000004,Healthy
I297539,C277924,Male,65,Food & Beverage,3,15.69,Credit Card,07-08-2021,Mall of Istanbul,47.07,32.949,14.121000000000002,73,Fast Moving,30.000000000000004,Healthy
I339496,C286466,Male,30,Clothing,1,300.08,Debit Card,25-05-2021,Metropol AVM,300.08,210.05599999999998,90.024,41,Fast Moving,30.000000000000004,Healthy
I160687,C327001,Female,50,Clothing,2,600.16,Debit Card,12-07-2022,Istinye Park,1200.32,840.2239999999999,360.096,36,Fast Moving,30.000000000000004,Healthy
I153842,C509924,Female,19,Food & Beverage,3,15.69,Credit Card,14-09-2022,Forum Istanbul,47.07,32.949,14.121000000000002,13,Fast Moving,30.000000000000004,Healthy
I615452,C453635,Male,26,Shoes,1,600.17,Debit Card,06-03-2022,Metrocity,600.17,420.11899999999997,180.051,109,Slow Moving,30.0,Healthy
I908600,C259539,Female,54,Cosmetics,4,162.64,Credit Card,23-02-2023,Forum Istanbul,650.56,455.39199999999994,195.168,103,Slow Moving,30.000000000000004,Healthy
I708279,C729392,Female,63,Cosmetics,3,121.98,Credit Card,25-06-2021,Emaar Square Mall,365.94,256.15799999999996,109.78200000000004,23,Fast Moving,30.00000000000001,Healthy
I328691,C280085,Female,66,Clothing,2,600.16,Debit Card,31-07-2022,Metrocity,1200.32,840.2239999999999,360.096,52,Fast Moving,30.000000000000004,Healthy
I423782,C767634,Female,48,Cosmetics,2,81.32,Debit Card,08-04-2021,Mall of Istanbul,162.64,113.84799999999998,48.792,84,Slow Moving,30.000000000000004,Healthy
I123315,C230018,Male,46,Clothing,2,600.16,Debit Card,01-04-2021,Zorlu Center,1200.32,840.2239999999999,360.096,7,Fast Moving,30.000000000000004,Healthy
I182578,C238063,Male,54,Shoes,4,2400.68,Cash,13-02-2022,Kanyon,9602.72,6721.9039999999995,2880.816,24,Fast Moving,30.0,Healthy
I403818,C308584,Male,62,Books,5,75.75,Cash,15-06-2022,Viaport Outlet,378.75,265.125,113.625,28,Fast Moving,30.0,Healthy
I508712,C216619,Female,64,Toys,3,107.52,Credit Card,19-07-2022,Mall of Istanbul,322.56,225.79199999999997,96.76800000000003,58,Fast Moving,30.00000000000001,Healthy
I959992,C241523,Male,55,Food & Beverage,3,15.69,Cash,01-07-2022,Metrocity,47.07,32.949,14.121000000000002,37,Fast Moving,30.000000000000004,Healthy
I279688,C209761,Female,20,Clothing,1,300.08,Credit Card,19-06-2021,Cevahir AVM,300.08,210.05599999999998,90.024,28,Fast Moving,30.000000000000004,Healthy
I300847,C329153,Male,41,Toys,5,179.2,Credit Card,11-01-2022,Istinye Park,896.0,627.1999999999999,268.80000000000007,79,Slow Moving,30.00000000000001,Healthy
I170966,C126702,Male,54,Food & Beverage,5,26.15,Credit Card,05-12-2022,Istinye Park,130.75,91.52499999999999,39.22500000000001,117,Slow Moving,30.000000000000004,Healthy
I230221,C287787,Male,34,Clothing,1,300.08,Cash,21-04-2021,Metropol AVM,300.08,210.05599999999998,90.024,76,Slow Moving,30.000000000000004,Healthy
I317354,C142943,Female,31,Clothing,1,300.08,Cash,10-11-2021,Metropol AVM,300.08,210.05599999999998,90.024,40,Fast Moving,30.000000000000004,Healthy
I155404,C100484,Male,48,Toys,4,143.36,Cash,19-09-2022,Metrocity,573.44,401.408,172.03200000000004,42,Fast Moving,30.000000000000004,Healthy
I151181,C260213,Female,44,Clothing,2,600.16,Debit Card,18-01-2021,Emaar Square Mall,1200.32,840.2239999999999,360.096,108,Slow Moving,30.000000000000004,Healthy
I144046,C210589,Female,42,Shoes,1,600.17,Credit Card,21-04-2022,Kanyon,600.17,420.11899999999997,180.051,88,Slow Moving,30.0,Healthy
I959386,C885556,Male,25,Shoes,1,600.17,Credit Card,25-11-2022,Mall of Istanbul,600.17,420.11899999999997,180.051,103,Slow Moving,30.0,Healthy
I737965,C944366,Male,64,Clothing,5,1500.4,Cash,09-11-2022,Kanyon,7502.0,5251.4,2250.6000000000004,116,Slow Moving,30.000000000000004,Healthy
I194017,C462011,Female,67,Technology,5,5250.0,Cash,03-01-2022,Kanyon,26250.0,18375.0,7875.0,93,Slow Moving,30.0,Healthy
I252777,C262366,Female,55,Clothing,2,600.16,Cash,19-02-2022,Zorlu Center,1200.32,840.2239999999999,360.096,103,Slow Moving,30.000000000000004,Healthy
I254142,C212400,Female,62,Shoes,3,1800.51,Credit Card,15-12-2022,Emaar Square Mall,5401.53,3781.0709999999995,1620.4590000000003,29,Fast Moving,30.000000000000004,Healthy
I120850,C204307,Female,54,Clothing,2,600.16,Credit Card,08-11-2021,Metrocity,1200.32,840.2239999999999,360.096,97,Slow Moving,30.000000000000004,Healthy
I220285,C162871,Female,43,Food & Beverage,4,20.92,Credit Card,01-05-2022,Kanyon,83.68,58.576,25.104000000000006,22,Fast Moving,30.000000000000004,Healthy
I180980,C119825,Female,30,Clothing,2,600.16,Cash,14-04-2021,Forum Istanbul,1200.32,840.2239999999999,360.096,114,Slow Moving,30.000000000000004,Healthy
I301451,C260171,Female,58,Cosmetics,5,203.3,Debit Card,28-06-2021,Kanyon,1016.5,711.55,304.95000000000005,86,Slow Moving,30.000000000000004,Healthy
I125700,C244973,Male,49,Shoes,5,3000.85,Credit Card,10-06-2022,Forum Istanbul,15004.25,10502.974999999999,4501.2750000000015,70,Fast Moving,30.00000000000001,Healthy
I533062,C208765,Female,49,Clothing,3,900.24,Cash,12-05-2022,Mall of Istanbul,2700.7200000000003,1890.5040000000001,810.2160000000001,58,Fast Moving,30.000000000000004,Healthy
I998874,C321053,Female,19,Clothing,5,1500.4,Debit Card,27-12-2022,Mall of Istanbul,7502.0,5251.4,2250.6000000000004,39,Fast Moving,30.000000000000004,Healthy
I325619,C183356,Female,58,Food & Beverage,1,5.23,Debit Card,16-08-2021,Kanyon,5.23,3.661,1.5690000000000004,84,Slow Moving,30.000000000000004,Healthy
I200646,C155763,Female,49,Food & Beverage,2,10.46,Credit Card,05-03-2021,Kanyon,20.92,14.644,6.276000000000002,65,Fast Moving,30.000000000000004,Healthy
I337094,C567509,Female,50,Technology,1,1050.0,Cash,09-02-2023,Zorlu Center,1050.0,735.0,315.0,45,Fast Moving,30.0,Healthy
I436935,C486241,Female,21,Cosmetics,4,162.64,Cash,26-02-2023,Istinye Park,650.56,455.39199999999994,195.168,104,Slow Moving,30.000000000000004,Healthy
I585560,C306892,Male,21,Shoes,2,1200.34,Cash,17-02-2023,Mall of Istanbul,2400.68,1680.4759999999999,720.204,37,Fast Moving,30.0,Healthy
I191967,C266819,Male,63,Cosmetics,5,203.3,Credit Card,08-08-2022,Kanyon,1016.5,711.55,304.95000000000005,72,Fast Moving,30.000000000000004,Healthy
I304567,C317897,Male,30,Souvenir,2,23.46,Credit Card,08-03-2023,Forum Istanbul,46.92,32.844,14.076,37,Fast Moving,30.0,Healthy
I232809,C545424,Male,66,Shoes,5,3000.85,Credit Card,02-10-2021,Metrocity,15004.25,10502.974999999999,4501.2750000000015,18,Fast Moving,30.00000000000001,Healthy
I157441,C224223,Female,23,Food & Beverage,4,20.92,Cash,22-12-2021,Mall of Istanbul,83.68,58.576,25.104000000000006,25,Fast Moving,30.000000000000004,Healthy
I591015,C286181,Female,69,Clothing,1,300.08,Cash,12-09-2021,Metrocity,300.08,210.05599999999998,90.024,52,Fast Moving,30.000000000000004,Healthy
I219334,C144371,Female,45,Shoes,4,2400.68,Credit Card,23-03-2022,Kanyon,9602.72,6721.9039999999995,2880.816,24,Fast Moving,30.0,Healthy
I162719,C402433,Male,53,Clothing,5,1500.4,Credit Card,11-12-2021,Emaar Square Mall,7502.0,5251.4,2250.6000000000004,12,Fast Moving,30.000000000000004,Healthy
I237375,C297425,Female,50,Books,1,15.15,Cash,29-12-2022,Istinye Park,15.15,10.605,4.545,11,Fast Moving,30.0,Healthy
I289611,C222906,Female,45,Clothing,3,900.24,Debit Card,08-03-2023,Cevahir AVM,2700.7200000000003,1890.5040000000001,810.2160000000001,71,Fast Moving,30.000000000000004,Healthy
I217650,C236397,Female,47,Food & Beverage,3,15.69,Debit Card,10-02-2021,Forum Istanbul,47.07,32.949,14.121000000000002,21,Fast Moving,30.000000000000004,Healthy
I214129,C309079,Female,36,Clothing,1,300.08,Debit Card,10-05-2021,Metrocity,300.08,210.05599999999998,90.024,37,Fast Moving,30.000000000000004,Healthy
I300799,C116633,Female,61,Food & Beverage,3,15.69,Cash,06-03-2022,Metropol AVM,47.07,32.949,14.121000000000002,52,Fast Moving,30.000000000000004,Healthy
I163771,C259606,Female,46,Toys,4,143.36,Credit Card,29-03-2021,Mall of Istanbul,573.44,401.408,172.03200000000004,80,Slow Moving,30.000000000000004,Healthy
I252528,C333065,Male,47,Technology,5,5250.0,Debit Card,04-10-2022,Cevahir AVM,26250.0,18375.0,7875.0,63,Fast Moving,30.0,Healthy
I147387,C211494,Female,38,Clothing,5,1500.4,Cash,04-11-2021,Mall of Istanbul,7502.0,5251.4,2250.6000000000004,119,Slow Moving,30.000000000000004,Healthy
I186255,C302831,Female,41,Clothing,1,300.08,Credit Card,08-11-2022,Kanyon,300.08,210.05599999999998,90.024,90,Slow Moving,30.000000000000004,Healthy
I308341,C282397,Male,29,Clothing,4,1200.32,Cash,17-05-2021,Istinye Park,4801.28,3360.8959999999997,1440.384,26,Fast Moving,30.000000000000004,Healthy
I177664,C233697,Female,58,Cosmetics,3,121.98,Credit Card,16-06-2022,Kanyon,365.94,256.15799999999996,109.78200000000004,114,Slow Moving,30.00000000000001,Healthy
I278519,C129976,Male,69,Technology,3,3150.0,Debit Card,24-09-2022,Cevahir AVM,9450.0,6615.0,2835.0,34,Fast Moving,30.0,Healthy
I160636,C812053,Female,53,Cosmetics,4,162.64,Cash,04-04-2022,Metropol AVM,650.56,455.39199999999994,195.168,42,Fast Moving,30.000000000000004,Healthy
I306136,C324783,Male,26,Food & Beverage,1,5.23,Cash,18-10-2022,Metrocity,5.23,3.661,1.5690000000000004,106,Slow Moving,30.000000000000004,Healthy
I240224,C281502,Male,53,Food & Beverage,1,5.23,Cash,16-10-2021,Mall of Istanbul,5.23,3.661,1.5690000000000004,113,Slow Moving,30.000000000000004,Healthy
I227030,C433234,Female,63,Clothing,4,1200.32,Credit Card,17-05-2021,Istinye Park,4801.28,3360.8959999999997,1440.384,55,Fast Moving,30.000000000000004,Healthy
I258204,C167183,Female,54,Clothing,1,300.08,Credit Card,03-02-2023,Emaar Square Mall,300.08,210.05599999999998,90.024,58,Fast Moving,30.000000000000004,Healthy
I231070,C311195,Female,54,Clothing,5,1500.4,Debit Card,15-11-2022,Forum Istanbul,7502.0,5251.4,2250.6000000000004,12,Fast Moving,30.000000000000004,Healthy
I434983,C107399,Male,45,Souvenir,2,23.46,Credit Card,29-07-2021,Istinye Park,46.92,32.844,14.076,31,Fast Moving,30.0,Healthy
I326925,C992967,Female,62,Toys,4,143.36,Credit Card,17-07-2021,Kanyon,573.44,401.408,172.03200000000004,31,Fast Moving,30.000000000000004,Healthy
I183840,C246719,Female,18,Clothing,1,300.08,Credit Card,08-03-2022,Viaport Outlet,300.08,210.05599999999998,90.024,102,Slow Moving,30.000000000000004,Healthy
I533184,C220859,Female,44,Shoes,5,3000.85,Credit Card,22-09-2022,Zorlu Center,15004.25,10502.974999999999,4501.2750000000015,25,Fast Moving,30.00000000000001,Healthy
I735039,C285422,Male,50,Clothing,1,300.08,Cash,01-08-2022,Metropol AVM,300.08,210.05599999999998,90.024,34,Fast Moving,30.000000000000004,Healthy
I319997,C217049,Male,31,Clothing,5,1500.4,Credit Card,03-04-2021,Istinye Park,7502.0,5251.4,2250.6000000000004,101,Slow Moving,30.000000000000004,Healthy
I228150,C141094,Male,62,Clothing,5,1500.4,Cash,21-11-2021,Zorlu Center,7502.0,5251.4,2250.6000000000004,32,Fast Moving,30.000000000000004,Healthy
I215373,C310628,Female,20,Clothing,5,1500.4,Debit Card,17-09-2021,Kanyon,7502.0,5251.4,2250.6000000000004,115,Slow Moving,30.000000000000004,Healthy
I275695,C297711,Female,65,Books,5,75.75,Cash,09-08-2022,Mall of Istanbul,378.75,265.125,113.625,68,Fast Moving,30.0,Healthy
I107255,C211354,Female,63,Souvenir,1,11.73,Cash,08-09-2021,Metrocity,11.73,8.211,3.519,101,Slow Moving,30.0,Healthy
I301538,C281864,Female,57,Food & Beverage,4,20.92,Cash,08-10-2021,Mall of Istanbul,83.68,58.576,25.104000000000006,73,Fast Moving,30.000000000000004,Healthy
I119469,C234177,Female,59,Clothing,1,300.08,Debit Card,03-03-2021,Metropol AVM,300.08,210.05599999999998,90.024,65,Fast Moving,30.000000000000004,Healthy
I678313,C335822,Female,44,Clothing,4,1200.32,Debit Card,26-12-2021,Zorlu Center,4801.28,3360.8959999999997,1440.384,52,Fast Moving,30.000000000000004,Healthy
I264491,C107261,Female,63,Cosmetics,5,203.3,Credit Card,13-02-2023,Metropol AVM,1016.5,711.55,304.95000000000005,23,Fast Moving,30.000000000000004,Healthy
I177957,C653357,Male,65,Clothing,4,1200.32,Cash,04-07-2021,Cevahir AVM,4801.28,3360.8959999999997,1440.384,8,Fast Moving,30.000000000000004,Healthy
I188384,C327084,Female,68,Clothing,1,300.08,Cash,26-01-2021,Istinye Park,300.08,210.05599999999998,90.024,39,Fast Moving,30.000000000000004,Healthy
I527111,C218706,Female,21,Food & Beverage,2,10.46,Debit Card,05-10-2022,Metropol AVM,20.92,14.644,6.276000000000002,68,Fast Moving,30.000000000000004,Healthy
I152252,C321931,Female,33,Books,5,75.75,Credit Card,05-04-2021,Mall of Istanbul,378.75,265.125,113.625,53,Fast Moving,30.0,Healthy
I131076,C403983,Female,23,Souvenir,2,23.46,Cash,27-03-2021,Metrocity,46.92,32.844,14.076,21,Fast Moving,30.0,Healthy
I151031,C137912,Female,49,Souvenir,5,58.65,Cash,21-11-2022,Mall of Istanbul,293.25,205.27499999999998,87.97500000000002,48,Fast Moving,30.00000000000001,Healthy
I638444,C229733,Male,57,Shoes,2,1200.34,Credit Card,21-02-2022,Metropol AVM,2400.68,1680.4759999999999,720.204,96,Slow Moving,30.0,Healthy
I884439,C304835,Female,54,Toys,4,143.36,Credit Card,22-08-2022,Kanyon,573.44,401.408,172.03200000000004,34,Fast Moving,30.000000000000004,Healthy
I381853,C124933,Female,41,Cosmetics,3,121.98,Credit Card,06-12-2022,Emaar Square Mall,365.94,256.15799999999996,109.78200000000004,97,Slow Moving,30.00000000000001,Healthy
I104404,C111115,Female,21,Shoes,3,1800.51,Cash,25-03-2021,Kanyon,5401.53,3781.0709999999995,1620.4590000000003,50,Fast Moving,30.000000000000004,Healthy
I926542,C248988,Female,45,Toys,1,35.84,Debit Card,05-03-2021,Kanyon,35.84,25.088,10.752000000000002,10,Fast Moving,30.000000000000004,Healthy
I263473,C162574,Female,58,Shoes,3,1800.51,Credit Card,02-08-2021,Kanyon,5401.53,3781.0709999999995,1620.4590000000003,103,Slow Moving,30.000000000000004,Healthy
I177317,C331880,Male,53,Food & Beverage,4,20.92,Cash,16-04-2021,Mall of Istanbul,83.68,58.576,25.104000000000006,109,Slow Moving,30.000000000000004,Healthy
I941223,C291911,Female,53,Clothing,5,1500.4,Credit Card,03-02-2023,Emaar Square Mall,7502.0,5251.4,2250.6000000000004,41,Fast Moving,30.000000000000004,Healthy
I323436,C153958,Male,39,Food & Beverage,5,26.15,Debit Card,06-05-2022,Kanyon,130.75,91.52499999999999,39.22500000000001,28,Fast Moving,30.000000000000004,Healthy
I245250,C125209,Female,21,Shoes,1,600.17,Cash,05-02-2022,Mall of Istanbul,600.17,420.11899999999997,180.051,97,Slow Moving,30.0,Healthy
I589196,C320640,Female,51,Toys,1,35.84,Credit Card,01-12-2022,Mall of Istanbul,35.84,25.088,10.752000000000002,117,Slow Moving,30.000000000000004,Healthy
I241028,C803666,Male,50,Clothing,2,600.16,Debit Card,16-12-2021,Emaar Square Mall,1200.32,840.2239999999999,360.096,50,Fast Moving,30.000000000000004,Healthy
I846943,C134691,Female,50,Cosmetics,4,162.64,Cash,06-01-2023,Mall of Istanbul,650.56,455.39199999999994,195.168,57,Fast Moving,30.000000000000004,Healthy
I131492,C729802,Male,61,Food & Beverage,3,15.69,Cash,08-12-2021,Kanyon,47.07,32.949,14.121000000000002,99,Slow Moving,30.000000000000004,Healthy
I252340,C252250,Male,44,Food & Beverage,5,26.15,Credit Card,23-02-2021,Mall of Istanbul,130.75,91.52499999999999,39.22500000000001,103,Slow Moving,30.000000000000004,Healthy
I571614,C208545,Female,31,Souvenir,4,46.92,Debit Card,07-01-2022,Istinye Park,187.68,131.376,56.304,64,Fast Moving,30.0,Healthy
I269945,C310975,Male,64,Food & Beverage,1,5.23,Credit Card,14-02-2022,Kanyon,5.23,3.661,1.5690000000000004,101,Slow Moving,30.000000000000004,Healthy
I293115,C109758,Male,50,Clothing,2,600.16,Credit Card,20-05-2022,Viaport Outlet,1200.32,840.2239999999999,360.096,67,Fast Moving,30.000000000000004,Healthy
I180632,C214463,Male,45,Clothing,1,300.08,Credit Card,15-10-2021,Istinye Park,300.08,210.05599999999998,90.024,89,Slow Moving,30.000000000000004,Healthy
I946433,C387164,Female,29,Technology,4,4200.0,Debit Card,02-02-2023,Kanyon,16800.0,11760.0,5040.0,36,Fast Moving,30.0,Healthy
I557864,C135196,Female,33,Clothing,1,300.08,Cash,09-11-2021,Mall of Istanbul,300.08,210.05599999999998,90.024,91,Slow Moving,30.000000000000004,Healthy
I721903,C284031,Male,29,Food & Beverage,2,10.46,Cash,09-01-2023,Mall of Istanbul,20.92,14.644,6.276000000000002,37,Fast Moving,30.000000000000004,Healthy
I995914,C259260,Male,65,Technology,3,3150.0,Credit Card,22-11-2021,Metrocity,9450.0,6615.0,2835.0,71,Fast Moving,30.0,Healthy
I423124,C109593,Female,66,Clothing,1,300.08,Cash,07-01-2023,Metrocity,300.08,210.05599999999998,90.024,22,Fast Moving,30.000000000000004,Healthy
I318626,C270238,Male,54,Cosmetics,3,121.98,Credit Card,23-09-2022,Istinye Park,365.94,256.15799999999996,109.78200000000004,29,Fast Moving,30.00000000000001,Healthy
I284431,C308978,Male,44,Technology,4,4200.0,Credit Card,24-06-2022,Metropol AVM,16800.0,11760.0,5040.0,110,Slow Moving,30.0,Healthy
I334469,C221607,Male,46,Toys,5,179.2,Cash,04-07-2021,Kanyon,896.0,627.1999999999999,268.80000000000007,99,Slow Moving,30.00000000000001,Healthy
I568785,C115148,Male,37,Food & Beverage,5,26.15,Cash,23-08-2021,Metropol AVM,130.75,91.52499999999999,39.22500000000001,58,Fast Moving,30.000000000000004,Healthy
I307376,C253248,Female,22,Food & Beverage,5,26.15,Credit Card,11-08-2022,Metrocity,130.75,91.52499999999999,39.22500000000001,62,Fast Moving,30.000000000000004,Healthy
I136509,C290760,Female,55,Cosmetics,4,162.64,Cash,02-08-2021,Mall of Istanbul,650.56,455.39199999999994,195.168,71,Fast Moving,30.000000000000004,Healthy
I194798,C258089,Male,41,Technology,2,2100.0,Cash,07-07-2022,Mall of Istanbul,4200.0,2940.0,1260.0,108,Slow Moving,30.0,Healthy
I236520,C222102,Male,42,Toys,3,107.52,Credit Card,13-02-2022,Viaport Outlet,322.56,225.79199999999997,96.76800000000003,50,Fast Moving,30.00000000000001,Healthy
I295482,C209440,Male,24,Shoes,3,1800.51,Credit Card,17-10-2022,Zorlu Center,5401.53,3781.0709999999995,1620.4590000000003,28,Fast Moving,30.000000000000004,Healthy
I472275,C203263,Female,43,Cosmetics,4,162.64,Cash,14-11-2022,Metrocity,650.56,455.39199999999994,195.168,118,Slow Moving,30.000000000000004,Healthy
I301404,C232103,Male,40,Clothing,3,900.24,Credit Card,24-03-2021,Cevahir AVM,2700.7200000000003,1890.5040000000001,810.2160000000001,36,Fast Moving,30.000000000000004,Healthy
I100487,C213360,Female,22,Cosmetics,4,162.64,Cash,19-02-2021,Kanyon,650.56,455.39199999999994,195.168,51,Fast Moving,30.000000000000004,Healthy
I206026,C225105,Female,27,Books,1,15.15,Cash,12-11-2022,Forum Istanbul,15.15,10.605,4.545,90,Slow Moving,30.0,Healthy
I332620,C158124,Female,68,Cosmetics,2,81.32,Credit Card,13-04-2021,Mall of Istanbul,162.64,113.84799999999998,48.792,27,Fast Moving,30.000000000000004,Healthy
I434161,C246484,Female,48,Clothing,2,600.16,Credit Card,03-05-2021,Metropol AVM,1200.32,840.2239999999999,360.096,70,Fast Moving,30.000000000000004,Healthy
I166306,C197019,Female,56,Clothing,3,900.24,Cash,24-04-2022,Viaport Outlet,2700.7200000000003,1890.5040000000001,810.2160000000001,31,Fast Moving,30.000000000000004,Healthy
I207389,C947114,Male,25,Clothing,3,900.24,Debit Card,17-12-2022,Kanyon,2700.7200000000003,1890.5040000000001,810.2160000000001,110,Slow Moving,30.000000000000004,Healthy
I237018,C115431,Male,30,Food & Beverage,4,20.92,Cash,19-11-2022,Mall of Istanbul,83.68,58.576,25.104000000000006,6,Fast Moving,30.000000000000004,Healthy
I246114,C266394,Female,49,Toys,5,179.2,Credit Card,22-09-2022,Metropol AVM,896.0,627.1999999999999,268.80000000000007,94,Slow Moving,30.00000000000001,Healthy
I216889,C122371,Male,57,Clothing,2,600.16,Credit Card,16-03-2022,Mall of Istanbul,1200.32,840.2239999999999,360.096,21,Fast Moving,30.000000000000004,Healthy
I137065,C736428,Female,46,Food & Beverage,4,20.92,Cash,01-01-2022,Mall of Istanbul,83.68,58.576,25.104000000000006,108,Slow Moving,30.000000000000004,Healthy
I284262,C127339,Male,29,Food & Beverage,3,15.69,Cash,23-07-2021,Kanyon,47.07,32.949,14.121000000000002,37,Fast Moving,30.000000000000004,Healthy
I154122,C164662,Female,69,Cosmetics,1,40.66,Debit Card,22-12-2021,Metrocity,40.66,28.461999999999996,12.198,13,Fast Moving,30.000000000000004,Healthy
I950429,C248884,Female,42,Cosmetics,2,81.32,Debit Card,09-03-2022,Kanyon,162.64,113.84799999999998,48.792,47,Fast Moving,30.000000000000004,Healthy
I499170,C100684,Female,38,Toys,1,35.84,Credit Card,20-02-2022,Kanyon,35.84,25.088,10.752000000000002,52,Fast Moving,30.000000000000004,Healthy
I253083,C240688,Female,46,Clothing,2,600.16,Debit Card,14-11-2021,Metrocity,1200.32,840.2239999999999,360.096,43,Fast Moving,30.000000000000004,Healthy
I508173,C246364,Male,31,Cosmetics,3,121.98,Debit Card,23-01-2022,Metropol AVM,365.94,256.15799999999996,109.78200000000004,97,Slow Moving,30.00000000000001,Healthy
I763131,C195413,Male,26,Clothing,5,1500.4,Cash,16-01-2021,Mall of Istanbul,7502.0,5251.4,2250.6000000000004,46,Fast Moving,30.000000000000004,Healthy
I149766,C197308,Female,48,Cosmetics,3,121.98,Cash,02-04-2022,Mall of Istanbul,365.94,256.15799999999996,109.78200000000004,30,Fast Moving,30.00000000000001,Healthy
I702817,C264767,Male,30,Books,5,75.75,Credit Card,16-10-2022,Kanyon,378.75,265.125,113.625,103,Slow Moving,30.0,Healthy
I208491,C299172,Male,56,Clothing,1,300.08,Cash,18-01-2023,Kanyon,300.08,210.05599999999998,90.024,54,Fast Moving,30.000000000000004,Healthy
I337030,C994327,Male,65,Food & Beverage,2,10.46,Cash,27-09-2022,Metrocity,20.92,14.644,6.276000000000002,29,Fast Moving,30.000000000000004,Healthy
I312041,C337644,Female,53,Clothing,2,600.16,Credit Card,31-01-2022,Mall of Istanbul,1200.32,840.2239999999999,360.096,28,Fast Moving,30.000000000000004,Healthy
I150629,C175449,Female,43,Clothing,3,900.24,Cash,10-12-2022,Kanyon,2700.7200000000003,1890.5040000000001,810.2160000000001,17,Fast Moving,30.000000000000004,Healthy
I197620,C249092,Male,26,Food & Beverage,2,10.46,Cash,08-04-2022,Metrocity,20.92,14.644,6.276000000000002,64,Fast Moving,30.000000000000004,Healthy
I730771,C432132,Male,23,Clothing,5,1500.4,Debit Card,05-08-2022,Metrocity,7502.0,5251.4,2250.6000000000004,11,Fast Moving,30.000000000000004,Healthy
I873382,C289802,Female,54,Shoes,4,2400.68,Credit Card,07-01-2023,Metrocity,9602.72,6721.9039999999995,2880.816,61,Fast Moving,30.0,Healthy
I637675,C194330,Male,56,Clothing,4,1200.32,Cash,28-06-2021,Kanyon,4801.28,3360.8959999999997,1440.384,40,Fast Moving,30.000000000000004,Healthy
I153278,C127945,Female,37,Toys,2,71.68,Cash,04-06-2022,Mall of Istanbul,143.36,100.352,43.00800000000001,49,Fast Moving,30.000000000000004,Healthy
I842493,C202057,Male,48,Clothing,3,900.24,Debit Card,25-07-2021,Mall of Istanbul,2700.7200000000003,1890.5040000000001,810.2160000000001,24,Fast Moving,30.000000000000004,Healthy
I156991,C315209,Male,56,Food & Beverage,2,10.46,Debit Card,14-02-2021,Emaar Square Mall,20.92,14.644,6.276000000000002,69,Fast Moving,30.000000000000004,Healthy
I722730,C323605,Female,58,Souvenir,2,23.46,Cash,28-07-2022,Kanyon,46.92,32.844,14.076,12,Fast Moving,30.0,Healthy
I299533,C282395,Female,40,Food & Beverage,3,15.69,Credit Card,09-09-2022,Kanyon,47.07,32.949,14.121000000000002,114,Slow Moving,30.000000000000004,Healthy
I187160,C109491,Female,38,Shoes,5,3000.85,Debit Card,19-03-2022,Kanyon,15004.25,10502.974999999999,4501.2750000000015,20,Fast Moving,30.00000000000001,Healthy
I101832,C261194,Female,40,Cosmetics,3,121.98,Credit Card,25-12-2022,Kanyon,365.94,256.15799999999996,109.78200000000004,18,Fast Moving,30.00000000000001,Healthy
I943403,C232330,Male,64,Toys,1,35.84,Cash,20-09-2022,Mall of Istanbul,35.84,25.088,10.752000000000002,80,Slow Moving,30.000000000000004,Healthy
I454983,C737782,Male,28,Souvenir,5,58.65,Debit Card,12-04-2022,Mall of Istanbul,293.25,205.27499999999998,87.97500000000002,119,Slow Moving,30.00000000000001,Healthy
I338302,C123201,Male,49,Cosmetics,4,162.64,Debit Card,03-10-2021,Viaport Outlet,650.56,455.39199999999994,195.168,91,Slow Moving,30.000000000000004,Healthy
I328822,C230641,Male,51,Food & Beverage,3,15.69,Cash,13-06-2022,Metrocity,47.07,32.949,14.121000000000002,19,Fast Moving,30.000000000000004,Healthy
I168181,C805154,Male,22,Clothing,3,900.24,Credit Card,01-07-2021,Metrocity,2700.7200000000003,1890.5040000000001,810.2160000000001,96,Slow Moving,30.000000000000004,Healthy
I108543,C330021,Female,67,Clothing,5,1500.4,Debit Card,08-07-2022,Viaport Outlet,7502.0,5251.4,2250.6000000000004,102,Slow Moving,30.000000000000004,Healthy
I120615,C107668,Female,22,Toys,2,71.68,Credit Card,02-02-2022,Istinye Park,143.36,100.352,43.00800000000001,70,Fast Moving,30.000000000000004,Healthy
I248840,C209722,Female,26,Clothing,3,900.24,Cash,10-11-2022,Mall of Istanbul,2700.7200000000003,1890.5040000000001,810.2160000000001,36,Fast Moving,30.000000000000004,Healthy
I283774,C210614,Female,42,Toys,1,35.84,Debit Card,01-01-2023,Istinye Park,35.84,25.088,10.752000000000002,91,Slow Moving,30.000000000000004,Healthy
I212305,C212378,Female,45,Books,1,15.15,Credit Card,06-11-2021,Emaar Square Mall,15.15,10.605,4.545,67,Fast Moving,30.0,Healthy
I111228,C313586,Female,43,Clothing,1,300.08,Credit Card,09-04-2021,Kanyon,300.08,210.05599999999998,90.024,90,Slow Moving,30.000000000000004,Healthy
I230558,C292604,Female,35,Cosmetics,2,81.32,Debit Card,31-07-2021,Kanyon,162.64,113.84799999999998,48.792,55,Fast Moving,30.000000000000004,Healthy
I130124,C216257,Male,49,Clothing,3,900.24,Credit Card,15-08-2022,Viaport Outlet,2700.7200000000003,1890.5040000000001,810.2160000000001,29,Fast Moving,30.000000000000004,Healthy
I221797,C272779,Female,49,Food & Beverage,3,15.69,Cash,24-08-2021,Metrocity,47.07,32.949,14.121000000000002,62,Fast Moving,30.000000000000004,Healthy
I154490,C100507,Male,33,Clothing,5,1500.4,Cash,24-01-2022,Mall of Istanbul,7502.0,5251.4,2250.6000000000004,67,Fast Moving,30.000000000000004,Healthy
I159376,C190072,Female,65,Food & Beverage,2,10.46,Cash,14-06-2022,Metropol AVM,20.92,14.644,6.276000000000002,66,Fast Moving,30.000000000000004,Healthy
I214545,C111827,Male,40,Souvenir,4,46.92,Cash,05-12-2021,Metropol AVM,187.68,131.376,56.304,26,Fast Moving,30.0,Healthy
I213589,C203955,Male,68,Technology,2,2100.0,Cash,12-10-2021,Viaport Outlet,4200.0,2940.0,1260.0,62,Fast Moving,30.0,Healthy
I101148,C680169,Female,26,Cosmetics,4,162.64,Cash,21-04-2022,Cevahir AVM,650.56,455.39199999999994,195.168,62,Fast Moving,30.000000000000004,Healthy
I186663,C281091,Male,38,Toys,1,35.84,Debit Card,24-06-2021,Kanyon,35.84,25.088,10.752000000000002,90,Slow Moving,30.000000000000004,Healthy
I291062,C209122,Female,56,Cosmetics,4,162.64,Credit Card,05-03-2023,Kanyon,650.56,455.39199999999994,195.168,53,Fast Moving,30.000000000000004,Healthy
I103389,C231964,Male,19,Cosmetics,1,40.66,Cash,09-05-2021,Kanyon,40.66,28.461999999999996,12.198,56,Fast Moving,30.000000000000004,Healthy
I140596,C291641,Female,18,Cosmetics,2,81.32,Cash,11-09-2021,Metrocity,162.64,113.84799999999998,48.792,46,Fast Moving,30.000000000000004,Healthy
I115322,C315386,Male,55,Food & Beverage,1,5.23,Credit Card,01-10-2021,Forum Istanbul,5.23,3.661,1.5690000000000004,74,Fast Moving,30.000000000000004,Healthy
I273800,C290158,Female,53,Cosmetics,2,81.32,Cash,01-08-2021,Mall of Istanbul,162.64,113.84799999999998,48.792,19,Fast Moving,30.000000000000004,Healthy
I384332,C226218,Female,69,Cosmetics,1,40.66,Cash,04-09-2021,Metrocity,40.66,28.461999999999996,12.198,58,Fast Moving,30.000000000000004,Healthy
I268628,C633946,Male,27,Cosmetics,3,121.98,Cash,21-05-2021,Mall of Istanbul,365.94,256.15799999999996,109.78200000000004,111,Slow Moving,30.00000000000001,Healthy
I146305,C118742,Female,36,Food & Beverage,2,10.46,Cash,11-07-2022,Kanyon,20.92,14.644,6.276000000000002,64,Fast Moving,30.000000000000004,Healthy
I648743,C218295,Female,61,Shoes,5,3000.85,Debit Card,02-01-2023,Mall of Istanbul,15004.25,10502.974999999999,4501.2750000000015,105,Slow Moving,30.00000000000001,Healthy
I148083,C636874,Female,43,Cosmetics,5,203.3,Credit Card,29-06-2021,Istinye Park,1016.5,711.55,304.95000000000005,101,Slow Moving,30.000000000000004,Healthy
I733806,C310472,Female,51,Food & Beverage,4,20.92,Credit Card,21-03-2021,Metropol AVM,83.68,58.576,25.104000000000006,12,Fast Moving,30.000000000000004,Healthy
I214007,C119440,Male,38,Toys,4,143.36,Credit Card,25-03-2022,Metrocity,573.44,401.408,172.03200000000004,57,Fast Moving,30.000000000000004,Healthy
I480974,C230305,Male,34,Food & Beverage,2,10.46,Debit Card,10-05-2021,Mall of Istanbul,20.92,14.644,6.276000000000002,64,Fast Moving,30.000000000000004,Healthy
I126095,C197131,Male,23,Food & Beverage,5,26.15,Credit Card,24-03-2022,Metropol AVM,130.75,91.52499999999999,39.22500000000001,112,Slow Moving,30.000000000000004,Healthy
I100033,C278721,Male,56,Food & Beverage,4,20.92,Credit Card,19-10-2021,Zorlu Center,83.68,58.576,25.104000000000006,112,Slow Moving,30.000000000000004,Healthy
I265860,C247868,Male,60,Food & Beverage,4,20.92,Credit Card,15-03-2022,Mall of Istanbul,83.68,58.576,25.104000000000006,9,Fast Moving,30.000000000000004,Healthy
I512570,C834257,Female,59,Souvenir,4,46.92,Cash,24-11-2022,Metrocity,187.68,131.376,56.304,107,Slow Moving,30.0,Healthy
I118757,C242041,Male,43,Clothing,1,300.08,Credit Card,21-07-2022,Kanyon,300.08,210.05599999999998,90.024,72,Fast Moving,30.000000000000004,Healthy
I313516,C892871,Male,55,Books,4,60.6,Cash,29-03-2021,Metrocity,242.4,169.68,72.72,10,Fast Moving,30.0,Healthy
I223795,C280596,Male,40,Clothing,3,900.24,Cash,26-12-2022,Metrocity,2700.7200000000003,1890.5040000000001,810.2160000000001,113,Slow Moving,30.000000000000004,Healthy
I254341,C703073,Female,43,Food & Beverage,2,10.46,Credit Card,21-01-2023,Metropol AVM,20.92,14.644,6.276000000000002,100,Slow Moving,30.000000000000004,Healthy
I273435,C282097,Male,59,Food & Beverage,4,20.92,Credit Card,06-11-2021,Emaar Square Mall,83.68,58.576,25.104000000000006,98,Slow Moving,30.000000000000004,Healthy
I127616,C179726,Male,24,Books,5,75.75,Debit Card,12-12-2021,Kanyon,378.75,265.125,113.625,51,Fast Moving,30.0,Healthy
I893043,C838282,Female,63,Clothing,5,1500.4,Credit Card,11-11-2022,Kanyon,7502.0,5251.4,2250.6000000000004,103,Slow Moving,30.000000000000004,Healthy
I295712,C181939,Male,31,Food & Beverage,2,10.46,Cash,25-06-2022,Mall of Istanbul,20.92,14.644,6.276000000000002,59,Fast Moving,30.000000000000004,Healthy
I162565,C755148,Female,69,Clothing,2,600.16,Credit Card,04-07-2022,Istinye Park,1200.32,840.2239999999999,360.096,44,Fast Moving,30.000000000000004,Healthy
I300520,C282107,Female,36,Books,3,45.45,Credit Card,02-02-2023,Metrocity,136.35000000000002,95.44500000000001,40.905000000000015,56,Fast Moving,30.000000000000004,Healthy
I149473,C102560,Female,54,Clothing,3,900.24,Cash,30-01-2021,Kanyon,2700.7200000000003,1890.5040000000001,810.2160000000001,20,Fast Moving,30.000000000000004,Healthy
I936118,C229670,Male,22,Food & Beverage,3,15.69,Cash,19-02-2023,Istinye Park,47.07,32.949,14.121000000000002,17,Fast Moving,30.000000000000004,Healthy
I242648,C269986,Male,39,Food & Beverage,1,5.23,Cash,22-06-2022,Metrocity,5.23,3.661,1.5690000000000004,118,Slow Moving,30.000000000000004,Healthy
I725938,C191300,Male,26,Cosmetics,3,121.98,Debit Card,16-10-2022,Metropol AVM,365.94,256.15799999999996,109.78200000000004,110,Slow Moving,30.00000000000001,Healthy
I299480,C167158,Male,44,Shoes,2,1200.34,Credit Card,09-12-2022,Metrocity,2400.68,1680.4759999999999,720.204,34,Fast Moving,30.0,Healthy
I134272,C318225,Female,35,Toys,1,35.84,Debit Card,01-12-2022,Metropol AVM,35.84,25.088,10.752000000000002,23,Fast Moving,30.000000000000004,Healthy
I128518,C101108,Female,66,Shoes,1,600.17,Debit Card,06-09-2021,Mall of Istanbul,600.17,420.11899999999997,180.051,21,Fast Moving,30.0,Healthy
I293208,C103073,Male,61,Shoes,1,600.17,Cash,07-02-2022,Mall of Istanbul,600.17,420.11899999999997,180.051,67,Fast Moving,30.0,Healthy
I332003,C299787,Female,30,Cosmetics,2,81.32,Credit Card,16-12-2021,Cevahir AVM,162.64,113.84799999999998,48.792,23,Fast Moving,30.000000000000004,Healthy
I251779,C555827,Male,55,Toys,5,179.2,Debit Card,12-03-2022,Zorlu Center,896.0,627.1999999999999,268.80000000000007,96,Slow Moving,30.00000000000001,Healthy
I334155,C992695,Female,22,Books,3,45.45,Debit Card,15-12-2022,Viaport Outlet,136.35000000000002,95.44500000000001,40.905000000000015,62,Fast Moving,30.000000000000004,Healthy
I724379,C178176,Female,51,Clothing,1,300.08,Debit Card,26-12-2021,Metropol AVM,300.08,210.05599999999998,90.024,59,Fast Moving,30.000000000000004,Healthy
I843249,C211245,Male,53,Cosmetics,4,162.64,Cash,04-01-2021,Kanyon,650.56,455.39199999999994,195.168,94,Slow Moving,30.000000000000004,Healthy
I292746,C139231,Female,54,Clothing,5,1500.4,Credit Card,27-04-2022,Viaport Outlet,7502.0,5251.4,2250.6000000000004,105,Slow Moving,30.000000000000004,Healthy
I230701,C339339,Male,34,Clothing,2,600.16,Credit Card,19-02-2023,Emaar Square Mall,1200.32,840.2239999999999,360.096,94,Slow Moving,30.000000000000004,Healthy
I230983,C321993,Female,49,Clothing,1,300.08,Credit Card,02-03-2023,Kanyon,300.08,210.05599999999998,90.024,66,Fast Moving,30.000000000000004,Healthy
I313187,C226519,Female,41,Souvenir,4,46.92,Cash,28-01-2021,Kanyon,187.68,131.376,56.304,27,Fast Moving,30.0,Healthy
I206607,C715684,Female,34,Clothing,1,300.08,Credit Card,19-06-2021,Kanyon,300.08,210.05599999999998,90.024,13,Fast Moving,30.000000000000004,Healthy
I323928,C328195,Female,59,Cosmetics,3,121.98,Cash,16-07-2021,Cevahir AVM,365.94,256.15799999999996,109.78200000000004,16,Fast Moving,30.00000000000001,Healthy
I374693,C284366,Female,20,Food & Beverage,2,10.46,Cash,03-11-2021,Istinye Park,20.92,14.644,6.276000000000002,5,Fast Moving,30.000000000000004,Healthy
I318521,C354398,Female,23,Clothing,5,1500.4,Cash,16-11-2021,Mall of Istanbul,7502.0,5251.4,2250.6000000000004,62,Fast Moving,30.000000000000004,Healthy
I222827,C317063,Female,25,Clothing,3,900.24,Credit Card,27-11-2022,Mall of Istanbul,2700.7200000000003,1890.5040000000001,810.2160000000001,5,Fast Moving,30.000000000000004,Healthy
I649554,C156360,Female,63,Toys,3,107.52,Debit Card,02-08-2021,Kanyon,322.56,225.79199999999997,96.76800000000003,115,Slow Moving,30.00000000000001,Healthy
I111055,C474896,Male,68,Technology,1,1050.0,Credit Card,26-08-2022,Mall of Istanbul,1050.0,735.0,315.0,38,Fast Moving,30.0,Healthy
I570709,C140082,Male,58,Shoes,1,600.17,Debit Card,08-09-2021,Cevahir AVM,600.17,420.11899999999997,180.051,100,Slow Moving,30.0,Healthy
I251307,C240510,Male,58,Shoes,1,600.17,Debit Card,01-01-2022,Mall of Istanbul,600.17,420.11899999999997,180.051,52,Fast Moving,30.0,Healthy
I117277,C292758,Male,47,Clothing,1,300.08,Credit Card,11-01-2023,Istinye Park,300.08,210.05599999999998,90.024,93,Slow Moving,30.000000000000004,Healthy
I240824,C222262,Female,22,Clothing,5,1500.4,Credit Card,28-08-2021,Mall of Istanbul,7502.0,5251.4,2250.6000000000004,108,Slow Moving,30.000000000000004,Healthy
I135134,C130016,Female,51,Cosmetics,1,40.66,Credit Card,01-03-2021,Metrocity,40.66,28.461999999999996,12.198,113,Slow Moving,30.000000000000004,Healthy
I222401,C305749,Male,56,Food & Beverage,5,26.15,Cash,22-05-2021,Viaport Outlet,130.75,91.52499999999999,39.22500000000001,5,Fast Moving,30.000000000000004,Healthy
I263185,C316261,Male,33,Clothing,5,1500.4,Cash,09-03-2021,Kanyon,7502.0,5251.4,2250.6000000000004,20,Fast Moving,30.000000000000004,Healthy
I311849,C178487,Male,27,Technology,5,5250.0,Debit Card,21-04-2021,Cevahir AVM,26250.0,18375.0,7875.0,65,Fast Moving,30.0,Healthy
I137332,C205731,Male,50,Shoes,4,2400.68,Cash,03-05-2021,Istinye Park,9602.72,6721.9039999999995,2880.816,107,Slow Moving,30.0,Healthy
I319596,C171122,Female,49,Technology,1,1050.0,Cash,13-01-2022,Istinye Park,1050.0,735.0,315.0,68,Fast Moving,30.0,Healthy
I632642,C266021,Female,52,Souvenir,5,58.65,Cash,12-03-2022,Mall of Istanbul,293.25,205.27499999999998,87.97500000000002,67,Fast Moving,30.00000000000001,Healthy
I127930,C576719,Male,54,Clothing,1,300.08,Cash,15-11-2022,Kanyon,300.08,210.05599999999998,90.024,73,Fast Moving,30.000000000000004,Healthy
I258931,C254022,Male,19,Cosmetics,3,121.98,Credit Card,20-10-2021,Emaar Square Mall,365.94,256.15799999999996,109.78200000000004,26,Fast Moving,30.00000000000001,Healthy
I230411,C121489,Female,49,Cosmetics,5,203.3,Debit Card,30-09-2021,Mall of Istanbul,1016.5,711.55,304.95000000000005,97,Slow Moving,30.000000000000004,Healthy
I136610,C211545,Female,44,Cosmetics,4,162.64,Credit Card,31-01-2021,Mall of Istanbul,650.56,455.39199999999994,195.168,71,Fast Moving,30.000000000000004,Healthy
I234673,C245349,Male,69,Food & Beverage,4,20.92,Credit Card,08-07-2021,Metropol AVM,83.68,58.576,25.104000000000006,80,Slow Moving,30.000000000000004,Healthy
I138615,C644605,Female,41,Clothing,5,1500.4,Debit Card,07-10-2021,Kanyon,7502.0,5251.4,2250.6000000000004,30,Fast Moving,30.000000000000004,Healthy
I116541,C293936,Female,25,Toys,2,71.68,Cash,09-07-2021,Viaport Outlet,143.36,100.352,43.00800000000001,20,Fast Moving,30.000000000000004,Healthy
I332971,C387282,Female,51,Shoes,4,2400.68,Cash,13-01-2021,Istinye Park,9602.72,6721.9039999999995,2880.816,55,Fast Moving,30.0,Healthy
I786653,C405837,Female,53,Shoes,1,600.17,Cash,20-07-2022,Mall of Istanbul,600.17,420.11899999999997,180.051,105,Slow Moving,30.0,Healthy
I115338,C193298,Female,20,Clothing,3,900.24,Credit Card,01-09-2021,Emaar Square Mall,2700.7200000000003,1890.5040000000001,810.2160000000001,90,Slow Moving,30.000000000000004,Healthy
I201131,C363987,Male,62,Clothing,1,300.08,Cash,25-10-2022,Cevahir AVM,300.08,210.05599999999998,90.024,61,Fast Moving,30.000000000000004,Healthy
I328046,C995929,Female,30,Cosmetics,3,121.98,Debit Card,17-06-2022,Mall of Istanbul,365.94,256.15799999999996,109.78200000000004,33,Fast Moving,30.00000000000001,Healthy
I153790,C236969,Female,47,Cosmetics,1,40.66,Cash,09-05-2021,Viaport Outlet,40.66,28.461999999999996,12.198,82,Slow Moving,30.000000000000004,Healthy
I251311,C145797,Male,40,Shoes,4,2400.68,Credit Card,29-04-2022,Emaar Square Mall,9602.72,6721.9039999999995,2880.816,96,Slow Moving,30.0,Healthy
I326582,C241450,Female,35,Clothing,3,900.24,Credit Card,09-11-2021,Metrocity,2700.7200000000003,1890.5040000000001,810.2160000000001,73,Fast Moving,30.000000000000004,Healthy
I474661,C196296,Female,41,Cosmetics,5,203.3,Cash,08-10-2021,Mall of Istanbul,1016.5,711.55,304.95000000000005,51,Fast Moving,30.000000000000004,Healthy
I160638,C306908,Female,48,Clothing,2,600.16,Cash,29-05-2022,Kanyon,1200.32,840.2239999999999,360.096,117,Slow Moving,30.000000000000004,Healthy
I437948,C141984,Male,26,Food & Beverage,5,26.15,Cash,22-08-2022,Metrocity,130.75,91.52499999999999,39.22500000000001,98,Slow Moving,30.000000000000004,Healthy
I282321,C720642,Female,27,Food & Beverage,1,5.23,Cash,16-11-2022,Kanyon,5.23,3.661,1.5690000000000004,114,Slow Moving,30.000000000000004,Healthy
I707747,C270638,Female,26,Souvenir,5,58.65,Debit Card,17-08-2022,Kanyon,293.25,205.27499999999998,87.97500000000002,66,Fast Moving,30.00000000000001,Healthy
I158486,C858536,Female,65,Food & Beverage,3,15.69,Credit Card,10-02-2023,Istinye Park,47.07,32.949,14.121000000000002,73,Fast Moving,30.000000000000004,Healthy
I224933,C289573,Female,25,Cosmetics,2,81.32,Credit Card,20-01-2021,Kanyon,162.64,113.84799999999998,48.792,80,Slow Moving,30.000000000000004,Healthy
I164873,C122094,Female,19,Books,4,60.6,Credit Card,19-05-2022,Metrocity,242.4,169.68,72.72,20,Fast Moving,30.0,Healthy
I325555,C162986,Male,21,Technology,4,4200.0,Credit Card,30-01-2023,Metrocity,16800.0,11760.0,5040.0,94,Slow Moving,30.0,Healthy
I325396,C271881,Female,61,Food & Beverage,5,26.15,Cash,25-02-2021,Istinye Park,130.75,91.52499999999999,39.22500000000001,94,Slow Moving,30.000000000000004,Healthy
I280155,C214260,Female,65,Toys,5,179.2,Debit Card,18-12-2022,Mall of Istanbul,896.0,627.1999999999999,268.80000000000007,52,Fast Moving,30.00000000000001,Healthy
I156562,C209210,Female,23,Cosmetics,4,162.64,Credit Card,16-07-2022,Metrocity,650.56,455.39199999999994,195.168,89,Slow Moving,30.000000000000004,Healthy
I332361,C296477,Male,42,Clothing,3,900.24,Cash,18-01-2022,Kanyon,2700.7200000000003,1890.5040000000001,810.2160000000001,43,Fast Moving,30.000000000000004,Healthy
I317628,C134069,Male,33,Food & Beverage,3,15.69,Credit Card,11-09-2021,Mall of Istanbul,47.07,32.949,14.121000000000002,104,Slow Moving,30.000000000000004,Healthy
I907952,C241442,Female,54,Clothing,2,600.16,Credit Card,07-08-2022,Metropol AVM,1200.32,840.2239999999999,360.096,37,Fast Moving,30.000000000000004,Healthy
I281621,C312418,Female,67,Food & Beverage,4,20.92,Credit Card,31-01-2021,Kanyon,83.68,58.576,25.104000000000006,98,Slow Moving,30.000000000000004,Healthy
I289841,C127004,Female,41,Food & Beverage,1,5.23,Cash,15-07-2021,Cevahir AVM,5.23,3.661,1.5690000000000004,105,Slow Moving,30.000000000000004,Healthy
I335087,C198868,Female,57,Books,5,75.75,Cash,16-10-2021,Kanyon,378.75,265.125,113.625,27,Fast Moving,30.0,Healthy
I239889,C173860,Female,35,Clothing,1,300.08,Cash,29-03-2021,Mall of Istanbul,300.08,210.05599999999998,90.024,14,Fast Moving,30.000000000000004,Healthy
I742907,C186098,Male,62,Clothing,1,300.08,Cash,22-09-2021,Metropol AVM,300.08,210.05599999999998,90.024,73,Fast Moving,30.000000000000004,Healthy
I271714,C285261,Male,26,Toys,1,35.84,Cash,20-03-2021,Emaar Square Mall,35.84,25.088,10.752000000000002,104,Slow Moving,30.000000000000004,Healthy
I457421,C214662,Male,48,Cosmetics,4,162.64,Cash,28-08-2022,Kanyon,650.56,455.39199999999994,195.168,38,Fast Moving,30.000000000000004,Healthy
I246390,C163444,Female,57,Clothing,4,1200.32,Cash,03-06-2022,Metropol AVM,4801.28,3360.8959999999997,1440.384,56,Fast Moving,30.000000000000004,Healthy
I179338,C533520,Female,53,Shoes,2,1200.34,Cash,27-03-2021,Istinye Park,2400.68,1680.4759999999999,720.204,99,Slow Moving,30.0,Healthy
I254528,C339565,Male,58,Cosmetics,4,162.64,Cash,04-11-2021,Mall of Istanbul,650.56,455.39199999999994,195.168,14,Fast Moving,30.000000000000004,Healthy
I299925,C202977,Female,32,Clothing,2,600.16,Credit Card,11-08-2021,Mall of Istanbul,1200.32,840.2239999999999,360.096,23,Fast Moving,30.000000000000004,Healthy
I321373,C237063,Female,23,Food & Beverage,5,26.15,Cash,05-08-2022,Zorlu Center,130.75,91.52499999999999,39.22500000000001,62,Fast Moving,30.000000000000004,Healthy
I966684,C108497,Female,49,Toys,4,143.36,Cash,02-10-2022,Mall of Istanbul,573.44,401.408,172.03200000000004,100,Slow Moving,30.000000000000004,Healthy
I726807,C219299,Female,26,Clothing,4,1200.32,Credit Card,30-12-2022,Viaport Outlet,4801.28,3360.8959999999997,1440.384,5,Fast Moving,30.000000000000004,Healthy
I333100,C247547,Female,62,Clothing,5,1500.4,Credit Card,05-01-2022,Mall of Istanbul,7502.0,5251.4,2250.6000000000004,73,Fast Moving,30.000000000000004,Healthy
I207643,C190917,Male,30,Toys,1,35.84,Cash,28-02-2022,Mall of Istanbul,35.84,25.088,10.752000000000002,113,Slow Moving,30.000000000000004,Healthy
I647207,C337220,Female,28,Clothing,2,600.16,Credit Card,10-11-2022,Kanyon,1200.32,840.2239999999999,360.096,8,Fast Moving,30.000000000000004,Healthy
I330964,C217919,Female,65,Shoes,2,1200.34,Debit Card,29-11-2022,Metropol AVM,2400.68,1680.4759999999999,720.204,20,Fast Moving,30.0,Healthy
I237324,C112544,Female,56,Toys,1,35.84,Credit Card,21-08-2021,Forum Istanbul,35.84,25.088,10.752000000000002,28,Fast Moving,30.000000000000004,Healthy
I269825,C168912,Female,40,Food & Beverage,3,15.69,Cash,29-06-2021,Mall of Istanbul,47.07,32.949,14.121000000000002,84,Slow Moving,30.000000000000004,Healthy
I305024,C279747,Male,55,Clothing,4,1200.32,Credit Card,07-07-2021,Kanyon,4801.28,3360.8959999999997,1440.384,6,Fast Moving,30.000000000000004,Healthy
I223568,C249401,Female,61,Toys,2,71.68,Credit Card,27-08-2022,Istinye Park,143.36,100.352,43.00800000000001,117,Slow Moving,30.000000000000004,Healthy
I194268,C128618,Female,35,Souvenir,5,58.65,Cash,26-02-2023,Metropol AVM,293.25,205.27499999999998,87.97500000000002,96,Slow Moving,30.00000000000001,Healthy
I155448,C182105,Female,37,Shoes,1,600.17,Cash,27-12-2021,Mall of Istanbul,600.17,420.11899999999997,180.051,36,Fast Moving,30.0,Healthy
I205336,C331127,Male,32,Cosmetics,1,40.66,Cash,01-02-2023,Istinye Park,40.66,28.461999999999996,12.198,95,Slow Moving,30.000000000000004,Healthy
I171351,C286564,Female,68,Souvenir,1,11.73,Debit Card,10-02-2022,Kanyon,11.73,8.211,3.519,88,Slow Moving,30.0,Healthy
I249223,C188064,Female,44,Clothing,2,600.16,Cash,31-01-2021,Mall of Istanbul,1200.32,840.2239999999999,360.096,28,Fast Moving,30.000000000000004,Healthy
I258001,C293329,Female,61,Cosmetics,4,162.64,Credit Card,25-11-2021,Kanyon,650.56,455.39199999999994,195.168,16,Fast Moving,30.000000000000004,Healthy
I231029,C113739,Male,38,Clothing,4,1200.32,Cash,18-01-2023,Istinye Park,4801.28,3360.8959999999997,1440.384,54,Fast Moving,30.000000000000004,Healthy
I163202,C836254,Female,66,Clothing,3,900.24,Credit Card,15-03-2021,Mall of Istanbul,2700.7200000000003,1890.5040000000001,810.2160000000001,39,Fast Moving,30.000000000000004,Healthy
I169427,C245894,Female,53,Clothing,5,1500.4,Cash,03-12-2022,Forum Istanbul,7502.0,5251.4,2250.6000000000004,37,Fast Moving,30.000000000000004,Healthy
I737161,C144894,Female,21,Food & Beverage,4,20.92,Credit Card,24-04-2022,Mall of Istanbul,83.68,58.576,25.104000000000006,37,Fast Moving,30.000000000000004,Healthy
I225327,C190794,Male,61,Cosmetics,2,81.32,Cash,19-08-2022,Cevahir AVM,162.64,113.84799999999998,48.792,65,Fast Moving,30.000000000000004,Healthy
I159355,C142508,Female,32,Food & Beverage,4,20.92,Debit Card,28-11-2021,Metropol AVM,83.68,58.576,25.104000000000006,55,Fast Moving,30.000000000000004,Healthy
I280408,C135555,Female,46,Clothing,1,300.08,Cash,14-06-2021,Viaport Outlet,300.08,210.05599999999998,90.024,47,Fast Moving,30.000000000000004,Healthy
I323785,C501563,Male,25,Toys,2,71.68,Cash,08-01-2021,Kanyon,143.36,100.352,43.00800000000001,105,Slow Moving,30.000000000000004,Healthy
I257286,C152590,Female,49,Cosmetics,1,40.66,Credit Card,12-05-2021,Mall of Istanbul,40.66,28.461999999999996,12.198,16,Fast Moving,30.000000000000004,Healthy
I331405,C772839,Female,26,Clothing,3,900.24,Cash,02-11-2022,Kanyon,2700.7200000000003,1890.5040000000001,810.2160000000001,71,Fast Moving,30.000000000000004,Healthy
I306957,C623421,Female,40,Clothing,2,600.16,Credit Card,17-09-2022,Cevahir AVM,1200.32,840.2239999999999,360.096,69,Fast Moving,30.000000000000004,Healthy
I147079,C222949,Female,20,Clothing,4,1200.32,Credit Card,01-05-2022,Metropol AVM,4801.28,3360.8959999999997,1440.384,37,Fast Moving,30.000000000000004,Healthy
I829259,C133451,Female,38,Cosmetics,4,162.64,Cash,17-11-2022,Viaport Outlet,650.56,455.39199999999994,195.168,44,Fast Moving,30.000000000000004,Healthy
I296251,C195342,Female,63,Cosmetics,2,81.32,Cash,17-06-2022,Metrocity,162.64,113.84799999999998,48.792,78,Slow Moving,30.000000000000004,Healthy
I808238,C336400,Male,25,Shoes,2,1200.34,Credit Card,14-07-2022,Mall of Istanbul,2400.68,1680.4759999999999,720.204,47,Fast Moving,30.0,Healthy
I891465,C175833,Female,19,Clothing,1,300.08,Cash,21-07-2022,Metrocity,300.08,210.05599999999998,90.024,48,Fast Moving,30.000000000000004,Healthy
I563052,C246602,Female,53,Cosmetics,4,162.64,Cash,28-07-2021,Metrocity,650.56,455.39199999999994,195.168,33,Fast Moving,30.000000000000004,Healthy
I130443,C329003,Female,51,Shoes,1,600.17,Cash,08-06-2021,Istinye Park,600.17,420.11899999999997,180.051,17,Fast Moving,30.0,Healthy
I241690,C270340,Male,56,Souvenir,2,23.46,Credit Card,14-06-2022,Kanyon,46.92,32.844,14.076,16,Fast Moving,30.0,Healthy
I643231,C330141,Male,29,Toys,4,143.36,Cash,03-02-2021,Kanyon,573.44,401.408,172.03200000000004,99,Slow Moving,30.000000000000004,Healthy
I295337,C121707,Female,20,Shoes,4,2400.68,Debit Card,05-08-2022,Mall of Istanbul,9602.72,6721.9039999999995,2880.816,50,Fast Moving,30.0,Healthy
I265980,C112452,Female,35,Books,1,15.15,Credit Card,01-04-2022,Forum Istanbul,15.15,10.605,4.545,6,Fast Moving,30.0,Healthy
I293153,C269710,Female,62,Food & Beverage,2,10.46,Cash,10-11-2022,Metropol AVM,20.92,14.644,6.276000000000002,119,Slow Moving,30.000000000000004,Healthy
I193148,C297610,Female,32,Clothing,4,1200.32,Cash,11-02-2023,Cevahir AVM,4801.28,3360.8959999999997,1440.384,118,Slow Moving,30.000000000000004,Healthy
I318625,C319935,Male,48,Technology,5,5250.0,Cash,26-02-2023,Zorlu Center,26250.0,18375.0,7875.0,39,Fast Moving,30.0,Healthy
I142245,C785507,Male,43,Cosmetics,3,121.98,Debit Card,01-12-2022,Zorlu Center,365.94,256.15799999999996,109.78200000000004,91,Slow Moving,30.00000000000001,Healthy
I205906,C217834,Female,57,Clothing,4,1200.32,Credit Card,04-02-2021,Kanyon,4801.28,3360.8959999999997,1440.384,85,Slow Moving,30.000000000000004,Healthy
I277462,C709370,Male,33,Clothing,2,600.16,Cash,22-09-2021,Metrocity,1200.32,840.2239999999999,360.096,94,Slow Moving,30.000000000000004,Healthy
I753100,C216369,Female,49,Food & Beverage,1,5.23,Cash,05-03-2021,Emaar Square Mall,5.23,3.661,1.5690000000000004,12,Fast Moving,30.000000000000004,Healthy
I610847,C322689,Female,29,Clothing,4,1200.32,Cash,06-02-2023,Metrocity,4801.28,3360.8959999999997,1440.384,97,Slow Moving,30.000000000000004,Healthy
I295181,C146203,Female,43,Food & Beverage,2,10.46,Credit Card,17-11-2022,Metrocity,20.92,14.644,6.276000000000002,30,Fast Moving,30.000000000000004,Healthy
I198308,C611809,Female,36,Food & Beverage,5,26.15,Credit Card,11-10-2021,Metrocity,130.75,91.52499999999999,39.22500000000001,78,Slow Moving,30.000000000000004,Healthy
I180570,C210236,Female,59,Shoes,5,3000.85,Cash,06-03-2021,Metrocity,15004.25,10502.974999999999,4501.2750000000015,94,Slow Moving,30.00000000000001,Healthy
I260475,C297118,Female,31,Clothing,5,1500.4,Credit Card,17-03-2022,Mall of Istanbul,7502.0,5251.4,2250.6000000000004,38,Fast Moving,30.000000000000004,Healthy
I251024,C180586,Female,51,Food & Beverage,2,10.46,Debit Card,09-02-2021,Mall of Istanbul,20.92,14.644,6.276000000000002,119,Slow Moving,30.000000000000004,Healthy
I302151,C314705,Male,27,Technology,4,4200.0,Cash,15-03-2021,Kanyon,16800.0,11760.0,5040.0,109,Slow Moving,30.0,Healthy
I145917,C272419,Female,62,Cosmetics,5,203.3,Credit Card,01-02-2023,Forum Istanbul,1016.5,711.55,304.95000000000005,11,Fast Moving,30.000000000000004,Healthy
I254721,C282520,Male,44,Clothing,5,1500.4,Debit Card,27-09-2021,Kanyon,7502.0,5251.4,2250.6000000000004,72,Fast Moving,30.000000000000004,Healthy
I103120,C319624,Female,18,Shoes,4,2400.68,Debit Card,20-02-2022,Mall of Istanbul,9602.72,6721.9039999999995,2880.816,62,Fast Moving,30.0,Healthy
I173288,C264687,Female,52,Food & Beverage,5,26.15,Credit Card,25-01-2023,Metrocity,130.75,91.52499999999999,39.22500000000001,118,Slow Moving,30.000000000000004,Healthy
I279088,C140543,Male,60,Technology,3,3150.0,Credit Card,30-07-2021,Metrocity,9450.0,6615.0,2835.0,113,Slow Moving,30.0,Healthy
I190414,C339391,Female,34,Food & Beverage,3,15.69,Debit Card,18-04-2021,Forum Istanbul,47.07,32.949,14.121000000000002,79,Slow Moving,30.000000000000004,Healthy
I613381,C285587,Male,47,Clothing,1,300.08,Cash,08-02-2021,Mall of Istanbul,300.08,210.05599999999998,90.024,33,Fast Moving,30.000000000000004,Healthy
I107697,C137134,Female,58,Toys,1,35.84,Cash,18-08-2022,Istinye Park,35.84,25.088,10.752000000000002,40,Fast Moving,30.000000000000004,Healthy
I193600,C103896,Female,51,Clothing,4,1200.32,Credit Card,10-09-2021,Istinye Park,4801.28,3360.8959999999997,1440.384,93,Slow Moving,30.000000000000004,Healthy
I165090,C315479,Female,32,Clothing,3,900.24,Debit Card,27-07-2021,Forum Istanbul,2700.7200000000003,1890.5040000000001,810.2160000000001,25,Fast Moving,30.000000000000004,Healthy
I260728,C181912,Female,23,Toys,5,179.2,Credit Card,03-04-2021,Kanyon,896.0,627.1999999999999,268.80000000000007,40,Fast Moving,30.00000000000001,Healthy
I164219,C335107,Female,38,Toys,4,143.36,Cash,03-06-2021,Cevahir AVM,573.44,401.408,172.03200000000004,14,Fast Moving,30.000000000000004,Healthy
I318282,C121510,Male,63,Souvenir,2,23.46,Credit Card,12-01-2021,Metrocity,46.92,32.844,14.076,105,Slow Moving,30.0,Healthy
I212598,C477489,Female,50,Food & Beverage,3,15.69,Cash,07-01-2021,Forum Istanbul,47.07,32.949,14.121000000000002,77,Slow Moving,30.000000000000004,Healthy
I212833,C331382,Male,64,Cosmetics,2,81.32,Cash,29-04-2021,Metrocity,162.64,113.84799999999998,48.792,28,Fast Moving,30.000000000000004,Healthy
I326146,C554087,Male,51,Clothing,2,600.16,Cash,01-07-2021,Metropol AVM,1200.32,840.2239999999999,360.096,68,Fast Moving,30.000000000000004,Healthy
I169684,C226252,Male,21,Food & Beverage,1,5.23,Debit Card,28-07-2021,Zorlu Center,5.23,3.661,1.5690000000000004,103,Slow Moving,30.000000000000004,Healthy
I462436,C227695,Female,20,Cosmetics,3,121.98,Cash,09-09-2021,Cevahir AVM,365.94,256.15799999999996,109.78200000000004,53,Fast Moving,30.00000000000001,Healthy
I940151,C246136,Male,34,Food & Beverage,3,15.69,Credit Card,20-09-2021,Mall of Istanbul,47.07,32.949,14.121000000000002,103,Slow Moving,30.000000000000004,Healthy
I210603,C170928,Female,26,Cosmetics,4,162.64,Debit Card,16-07-2021,Istinye Park,650.56,455.39199999999994,195.168,116,Slow Moving,30.000000000000004,Healthy
I174942,C200317,Female,19,Clothing,3,900.24,Credit Card,23-01-2023,Kanyon,2700.7200000000003,1890.5040000000001,810.2160000000001,40,Fast Moving,30.000000000000004,Healthy
I163206,C192979,Female,47,Food & Beverage,3,15.69,Credit Card,26-06-2021,Mall of Istanbul,47.07,32.949,14.121000000000002,86,Slow Moving,30.000000000000004,Healthy
I266121,C198568,Male,47,Clothing,4,1200.32,Cash,05-01-2022,Kanyon,4801.28,3360.8959999999997,1440.384,117,Slow Moving,30.000000000000004,Healthy
I454912,C251518,Female,56,Toys,2,71.68,Credit Card,04-12-2022,Metropol AVM,143.36,100.352,43.00800000000001,107,Slow Moving,30.000000000000004,Healthy
I831916,C215210,Male,42,Clothing,5,1500.4,Debit Card,24-09-2021,Mall of Istanbul,7502.0,5251.4,2250.6000000000004,100,Slow Moving,30.000000000000004,Healthy
I180372,C271571,Male,49,Souvenir,5,58.65,Cash,13-09-2022,Forum Istanbul,293.25,205.27499999999998,87.97500000000002,28,Fast Moving,30.00000000000001,Healthy
I466698,C303444,Female,51,Shoes,3,1800.51,Debit Card,24-02-2023,Kanyon,5401.53,3781.0709999999995,1620.4590000000003,27,Fast Moving,30.000000000000004,Healthy
I119678,C506925,Female,41,Technology,4,4200.0,Cash,04-03-2021,Emaar Square Mall,16800.0,11760.0,5040.0,66,Fast Moving,30.0,Healthy
I296369,C294604,Male,27,Food & Beverage,1,5.23,Cash,24-02-2021,Kanyon,5.23,3.661,1.5690000000000004,100,Slow Moving,30.000000000000004,Healthy
I133116,C190939,Female,61,Clothing,5,1500.4,Debit Card,02-12-2021,Kanyon,7502.0,5251.4,2250.6000000000004,41,Fast Moving,30.000000000000004,Healthy
I165625,C129849,Female,38,Shoes,4,2400.68,Cash,30-10-2022,Mall of Istanbul,9602.72,6721.9039999999995,2880.816,16,Fast Moving,30.0,Healthy
I333045,C235178,Male,42,Clothing,1,300.08,Credit Card,09-12-2022,Kanyon,300.08,210.05599999999998,90.024,117,Slow Moving,30.000000000000004,Healthy
I131869,C267843,Male,58,Food & Beverage,1,5.23,Debit Card,29-01-2023,Kanyon,5.23,3.661,1.5690000000000004,59,Fast Moving,30.000000000000004,Healthy
I168101,C186861,Female,57,Souvenir,3,35.19,Cash,26-04-2022,Forum Istanbul,105.57,73.89899999999999,31.671000000000006,17,Fast Moving,30.00000000000001,Healthy
I713258,C219983,Male,23,Clothing,3,900.24,Cash,03-01-2021,Kanyon,2700.7200000000003,1890.5040000000001,810.2160000000001,27,Fast Moving,30.000000000000004,Healthy
I144171,C250033,Female,62,Clothing,1,300.08,Debit Card,20-04-2022,Kanyon,300.08,210.05599999999998,90.024,93,Slow Moving,30.000000000000004,Healthy
I191531,C506663,Male,31,Shoes,3,1800.51,Cash,20-12-2022,Metrocity,5401.53,3781.0709999999995,1620.4590000000003,103,Slow Moving,30.000000000000004,Healthy
I165583,C235482,Female,54,Clothing,1,300.08,Credit Card,08-02-2023,Metrocity,300.08,210.05599999999998,90.024,109,Slow Moving,30.000000000000004,Healthy
I210803,C781893,Male,19,Clothing,4,1200.32,Credit Card,17-09-2022,Metrocity,4801.28,3360.8959999999997,1440.384,34,Fast Moving,30.000000000000004,Healthy
I209258,C328444,Male,68,Cosmetics,5,203.3,Cash,07-07-2022,Metrocity,1016.5,711.55,304.95000000000005,21,Fast Moving,30.000000000000004,Healthy
I169548,C307592,Male,44,Clothing,5,1500.4,Credit Card,15-09-2022,Mall of Istanbul,7502.0,5251.4,2250.6000000000004,117,Slow Moving,30.000000000000004,Healthy
I140693,C541983,Female,44,Clothing,2,600.16,Credit Card,27-11-2022,Cevahir AVM,1200.32,840.2239999999999,360.096,66,Fast Moving,30.000000000000004,Healthy
I172509,C283381,Female,29,Shoes,3,1800.51,Cash,26-12-2022,Mall of Istanbul,5401.53,3781.0709999999995,1620.4590000000003,88,Slow Moving,30.000000000000004,Healthy
I301205,C301099,Female,67,Food & Beverage,4,20.92,Credit Card,16-09-2022,Kanyon,83.68,58.576,25.104000000000006,116,Slow Moving,30.000000000000004,Healthy
I338366,C246641,Female,28,Shoes,5,3000.85,Debit Card,01-03-2021,Viaport Outlet,15004.25,10502.974999999999,4501.2750000000015,93,Slow Moving,30.00000000000001,Healthy
I108742,C312617,Female,34,Clothing,5,1500.4,Credit Card,28-04-2021,Mall of Istanbul,7502.0,5251.4,2250.6000000000004,90,Slow Moving,30.000000000000004,Healthy
I261374,C204164,Male,45,Toys,2,71.68,Debit Card,23-04-2021,Istinye Park,143.36,100.352,43.00800000000001,17,Fast Moving,30.000000000000004,Healthy
I860717,C259798,Female,55,Clothing,2,600.16,Debit Card,10-10-2021,Forum Istanbul,1200.32,840.2239999999999,360.096,63,Fast Moving,30.000000000000004,Healthy
I295440,C215336,Female,69,Food & Beverage,2,10.46,Debit Card,10-04-2022,Mall of Istanbul,20.92,14.644,6.276000000000002,23,Fast Moving,30.000000000000004,Healthy
I273820,C339648,Male,30,Food & Beverage,4,20.92,Credit Card,02-12-2022,Cevahir AVM,83.68,58.576,25.104000000000006,53,Fast Moving,30.000000000000004,Healthy
I279919,C290275,Female,38,Clothing,2,600.16,Cash,27-08-2022,Istinye Park,1200.32,840.2239999999999,360.096,104,Slow Moving,30.000000000000004,Healthy
I190006,C230120,Male,39,Cosmetics,1,40.66,Debit Card,13-09-2021,Metrocity,40.66,28.461999999999996,12.198,16,Fast Moving,30.000000000000004,Healthy
I156252,C478733,Female,63,Toys,4,143.36,Debit Card,15-09-2022,Viaport Outlet,573.44,401.408,172.03200000000004,65,Fast Moving,30.000000000000004,Healthy
I183583,C201255,Male,49,Cosmetics,1,40.66,Cash,11-06-2022,Forum Istanbul,40.66,28.461999999999996,12.198,109,Slow Moving,30.000000000000004,Healthy
I258930,C289918,Female,66,Shoes,4,2400.68,Credit Card,13-07-2021,Istinye Park,9602.72,6721.9039999999995,2880.816,23,Fast Moving,30.0,Healthy
I651105,C937123,Female,68,Food & Beverage,1,5.23,Cash,14-12-2021,Mall of Istanbul,5.23,3.661,1.5690000000000004,80,Slow Moving,30.000000000000004,Healthy
I135098,C322924,Male,18,Clothing,5,1500.4,Cash,09-09-2022,Kanyon,7502.0,5251.4,2250.6000000000004,13,Fast Moving,30.000000000000004,Healthy
I187453,C690345,Female,42,Shoes,3,1800.51,Cash,29-01-2023,Metrocity,5401.53,3781.0709999999995,1620.4590000000003,75,Fast Moving,30.000000000000004,Healthy
I176625,C247049,Female,54,Clothing,4,1200.32,Cash,05-07-2022,Metropol AVM,4801.28,3360.8959999999997,1440.384,32,Fast Moving,30.000000000000004,Healthy
I289516,C280253,Male,43,Clothing,5,1500.4,Credit Card,04-11-2021,Zorlu Center,7502.0,5251.4,2250.6000000000004,82,Slow Moving,30.000000000000004,Healthy
I188382,C169477,Male,54,Clothing,1,300.08,Cash,14-03-2021,Emaar Square Mall,300.08,210.05599999999998,90.024,99,Slow Moving,30.000000000000004,Healthy
I749173,C131819,Male,43,Shoes,4,2400.68,Credit Card,23-07-2022,Mall of Istanbul,9602.72,6721.9039999999995,2880.816,56,Fast Moving,30.0,Healthy
I752413,C442324,Male,44,Clothing,3,900.24,Credit Card,13-10-2021,Mall of Istanbul,2700.7200000000003,1890.5040000000001,810.2160000000001,87,Slow Moving,30.000000000000004,Healthy
I254886,C114347,Male,36,Technology,2,2100.0,Debit Card,31-08-2021,Mall of Istanbul,4200.0,2940.0,1260.0,115,Slow Moving,30.0,Healthy
I323478,C216456,Female,41,Food & Beverage,2,10.46,Cash,24-11-2022,Metrocity,20.92,14.644,6.276000000000002,20,Fast Moving,30.000000000000004,Healthy
I178637,C152833,Female,45,Clothing,1,300.08,Credit Card,04-05-2021,Emaar Square Mall,300.08,210.05599999999998,90.024,73,Fast Moving,30.000000000000004,Healthy
I840591,C171160,Female,41,Clothing,2,600.16,Cash,20-06-2021,Cevahir AVM,1200.32,840.2239999999999,360.096,103,Slow Moving,30.000000000000004,Healthy
I251184,C259884,Male,58,Cosmetics,5,203.3,Credit Card,03-12-2021,Metrocity,1016.5,711.55,304.95000000000005,16,Fast Moving,30.000000000000004,Healthy
I929854,C114606,Female,34,Shoes,1,600.17,Debit Card,04-01-2023,Metropol AVM,600.17,420.11899999999997,180.051,29,Fast Moving,30.0,Healthy
I274883,C216025,Female,67,Food & Beverage,1,5.23,Cash,01-03-2022,Viaport Outlet,5.23,3.661,1.5690000000000004,56,Fast Moving,30.000000000000004,Healthy
I338411,C884264,Male,60,Books,5,75.75,Credit Card,17-01-2023,Mall of Istanbul,378.75,265.125,113.625,89,Slow Moving,30.0,Healthy
I301433,C697667,Female,31,Clothing,5,1500.4,Cash,01-07-2021,Istinye Park,7502.0,5251.4,2250.6000000000004,104,Slow Moving,30.000000000000004,Healthy
I218234,C136585,Female,52,Toys,3,107.52,Cash,28-02-2023,Forum Istanbul,322.56,225.79199999999997,96.76800000000003,57,Fast Moving,30.00000000000001,Healthy
I716822,C146582,Male,25,Food & Beverage,5,26.15,Credit Card,05-06-2021,Mall of Istanbul,130.75,91.52499999999999,39.22500000000001,27,Fast Moving,30.000000000000004,Healthy
I174219,C129039,Female,22,Clothing,4,1200.32,Cash,13-12-2021,Kanyon,4801.28,3360.8959999999997,1440.384,20,Fast Moving,30.000000000000004,Healthy
I278299,C183846,Female,34,Food & Beverage,3,15.69,Credit Card,14-03-2022,Metropol AVM,47.07,32.949,14.121000000000002,61,Fast Moving,30.000000000000004,Healthy
I267714,C297404,Male,30,Clothing,4,1200.32,Cash,20-03-2021,Kanyon,4801.28,3360.8959999999997,1440.384,43,Fast Moving,30.000000000000004,Healthy
I670822,C127819,Female,25,Food & Beverage,2,10.46,Credit Card,05-09-2022,Kanyon,20.92,14.644,6.276000000000002,113,Slow Moving,30.000000000000004,Healthy
I339508,C127718,Female,48,Clothing,3,900.24,Cash,27-12-2022,Emaar Square Mall,2700.7200000000003,1890.5040000000001,810.2160000000001,57,Fast Moving,30.000000000000004,Healthy
I268823,C230543,Male,30,Clothing,1,300.08,Debit Card,08-02-2023,Istinye Park,300.08,210.05599999999998,90.024,46,Fast Moving,30.000000000000004,Healthy
I217906,C302358,Female,30,Clothing,3,900.24,Cash,27-06-2021,Kanyon,2700.7200000000003,1890.5040000000001,810.2160000000001,62,Fast Moving,30.000000000000004,Healthy
I846907,C105060,Female,36,Clothing,5,1500.4,Cash,16-10-2022,Istinye Park,7502.0,5251.4,2250.6000000000004,43,Fast Moving,30.000000000000004,Healthy
I176751,C182606,Female,52,Shoes,5,3000.85,Credit Card,26-09-2021,Kanyon,15004.25,10502.974999999999,4501.2750000000015,18,Fast Moving,30.00000000000001,Healthy
I325587,C295864,Male,33,Food & Beverage,1,5.23,Cash,28-07-2021,Viaport Outlet,5.23,3.661,1.5690000000000004,99,Slow Moving,30.000000000000004,Healthy
I112845,C323307,Male,69,Cosmetics,5,203.3,Cash,13-10-2021,Metrocity,1016.5,711.55,304.95000000000005,9,Fast Moving,30.000000000000004,Healthy
I158003,C104350,Female,46,Clothing,2,600.16,Cash,20-02-2021,Metrocity,1200.32,840.2239999999999,360.096,39,Fast Moving,30.000000000000004,Healthy
I276368,C282281,Female,65,Toys,4,143.36,Debit Card,25-05-2021,Kanyon,573.44,401.408,172.03200000000004,91,Slow Moving,30.000000000000004,Healthy
I206246,C506887,Male,27,Food & Beverage,5,26.15,Cash,04-12-2021,Kanyon,130.75,91.52499999999999,39.22500000000001,97,Slow Moving,30.000000000000004,Healthy
I195587,C528686,Female,42,Food & Beverage,2,10.46,Cash,18-02-2021,Kanyon,20.92,14.644,6.276000000000002,111,Slow Moving,30.000000000000004,Healthy
I213354,C157218,Female,56,Technology,5,5250.0,Credit Card,03-03-2021,Kanyon,26250.0,18375.0,7875.0,79,Slow Moving,30.0,Healthy
I583185,C172691,Female,68,Cosmetics,5,203.3,Credit Card,25-08-2021,Metropol AVM,1016.5,711.55,304.95000000000005,22,Fast Moving,30.000000000000004,Healthy
I236100,C330221,Male,64,Food & Beverage,3,15.69,Credit Card,18-09-2021,Mall of Istanbul,47.07,32.949,14.121000000000002,115,Slow Moving,30.000000000000004,Healthy
I298339,C336104,Male,59,Food & Beverage,1,5.23,Debit Card,12-06-2021,Mall of Istanbul,5.23,3.661,1.5690000000000004,80,Slow Moving,30.000000000000004,Healthy
I280823,C807852,Female,68,Technology,3,3150.0,Credit Card,12-08-2022,Istinye Park,9450.0,6615.0,2835.0,13,Fast Moving,30.0,Healthy
I863565,C128312,Male,25,Cosmetics,5,203.3,Cash,28-03-2021,Viaport Outlet,1016.5,711.55,304.95000000000005,78,Slow Moving,30.000000000000004,Healthy
I243784,C150950,Female,40,Toys,5,179.2,Credit Card,14-03-2021,Kanyon,896.0,627.1999999999999,268.80000000000007,62,Fast Moving,30.00000000000001,Healthy
I810580,C305706,Female,18,Toys,1,35.84,Debit Card,10-01-2021,Kanyon,35.84,25.088,10.752000000000002,112,Slow Moving,30.000000000000004,Healthy
I297768,C310310,Male,56,Clothing,4,1200.32,Cash,06-11-2021,Istinye Park,4801.28,3360.8959999999997,1440.384,21,Fast Moving,30.000000000000004,Healthy
I231514,C414958,Female,36,Shoes,1,600.17,Cash,21-12-2022,Emaar Square Mall,600.17,420.11899999999997,180.051,106,Slow Moving,30.0,Healthy
I200720,C296534,Female,30,Food & Beverage,1,5.23,Credit Card,21-04-2022,Emaar Square Mall,5.23,3.661,1.5690000000000004,11,Fast Moving,30.000000000000004,Healthy
I171758,C234534,Female,52,Cosmetics,4,162.64,Debit Card,22-03-2022,Emaar Square Mall,650.56,455.39199999999994,195.168,50,Fast Moving,30.000000000000004,Healthy
I148039,C247694,Female,24,Technology,4,4200.0,Debit Card,13-05-2022,Kanyon,16800.0,11760.0,5040.0,17,Fast Moving,30.0,Healthy
I943432,C141657,Female,30,Clothing,2,600.16,Cash,07-07-2021,Mall of Istanbul,1200.32,840.2239999999999,360.096,44,Fast Moving,30.000000000000004,Healthy
I215019,C156233,Female,45,Cosmetics,5,203.3,Cash,22-06-2022,Kanyon,1016.5,711.55,304.95000000000005,46,Fast Moving,30.000000000000004,Healthy
I204541,C354331,Male,29,Toys,4,143.36,Cash,05-07-2021,Kanyon,573.44,401.408,172.03200000000004,13,Fast Moving,30.000000000000004,Healthy
I528108,C131221,Male,24,Books,1,15.15,Debit Card,16-10-2022,Metropol AVM,15.15,10.605,4.545,54,Fast Moving,30.0,Healthy
I163618,C123445,Female,46,Clothing,2,600.16,Cash,01-08-2021,Emaar Square Mall,1200.32,840.2239999999999,360.096,31,Fast Moving,30.000000000000004,Healthy
I255698,C207443,Female,65,Shoes,4,2400.68,Cash,28-10-2022,Metrocity,9602.72,6721.9039999999995,2880.816,70,Fast Moving,30.0,Healthy
I328430,C137762,Female,26,Toys,1,35.84,Credit Card,29-10-2021,Viaport Outlet,35.84,25.088,10.752000000000002,9,Fast Moving,30.000000000000004,Healthy
I561353,C152904,Female,58,Toys,3,107.52,Cash,10-11-2022,Metrocity,322.56,225.79199999999997,96.76800000000003,33,Fast Moving,30.00000000000001,Healthy
I101472,C216194,Female,45,Clothing,4,1200.32,Cash,06-07-2021,Metrocity,4801.28,3360.8959999999997,1440.384,41,Fast Moving,30.000000000000004,Healthy
I109605,C207415,Male,43,Cosmetics,3,121.98,Debit Card,27-10-2021,Mall of Istanbul,365.94,256.15799999999996,109.78200000000004,42,Fast Moving,30.00000000000001,Healthy
I143755,C621747,Female,25,Souvenir,4,46.92,Debit Card,16-06-2021,Metrocity,187.68,131.376,56.304,87,Slow Moving,30.0,Healthy
I335633,C621794,Female,53,Clothing,3,900.24,Credit Card,21-07-2022,Zorlu Center,2700.7200000000003,1890.5040000000001,810.2160000000001,12,Fast Moving,30.000000000000004,Healthy
I212054,C218289,Female,63,Clothing,1,300.08,Debit Card,24-06-2021,Mall of Istanbul,300.08,210.05599999999998,90.024,116,Slow Moving,30.000000000000004,Healthy
I142204,C235878,Female,37,Cosmetics,1,40.66,Credit Card,28-04-2021,Cevahir AVM,40.66,28.461999999999996,12.198,113,Slow Moving,30.000000000000004,Healthy
I310814,C251446,Female,68,Cosmetics,4,162.64,Debit Card,17-03-2021,Mall of Istanbul,650.56,455.39199999999994,195.168,69,Fast Moving,30.000000000000004,Healthy
I202865,C708005,Female,67,Books,5,75.75,Cash,31-03-2021,Mall of Istanbul,378.75,265.125,113.625,90,Slow Moving,30.0,Healthy
I128008,C323349,Female,29,Clothing,5,1500.4,Cash,13-07-2021,Mall of Istanbul,7502.0,5251.4,2250.6000000000004,21,Fast Moving,30.000000000000004,Healthy
I244711,C180375,Female,55,Clothing,4,1200.32,Cash,21-11-2021,Mall of Istanbul,4801.28,3360.8959999999997,1440.384,75,Fast Moving,30.000000000000004,Healthy
I202868,C254007,Male,30,Clothing,2,600.16,Debit Card,27-02-2022,Kanyon,1200.32,840.2239999999999,360.096,93,Slow Moving,30.000000000000004,Healthy
I229755,C908169,Female,57,Toys,5,179.2,Cash,22-11-2021,Istinye Park,896.0,627.1999999999999,268.80000000000007,49,Fast Moving,30.00000000000001,Healthy
I551504,C587022,Male,33,Shoes,1,600.17,Debit Card,30-03-2022,Zorlu Center,600.17,420.11899999999997,180.051,8,Fast Moving,30.0,Healthy
I357584,C485257,Female,54,Clothing,3,900.24,Cash,13-05-2022,Kanyon,2700.7200000000003,1890.5040000000001,810.2160000000001,40,Fast Moving,30.000000000000004,Healthy
I572568,C196813,Female,66,Shoes,4,2400.68,Credit Card,02-12-2022,Mall of Istanbul,9602.72,6721.9039999999995,2880.816,74,Fast Moving,30.0,Healthy
I834928,C242182,Male,56,Clothing,5,1500.4,Debit Card,10-08-2022,Emaar Square Mall,7502.0,5251.4,2250.6000000000004,35,Fast Moving,30.000000000000004,Healthy
I301887,C331182,Male,30,Technology,4,4200.0,Credit Card,13-04-2021,Zorlu Center,16800.0,11760.0,5040.0,23,Fast Moving,30.0,Healthy
I722991,C206713,Female,19,Clothing,5,1500.4,Cash,12-03-2022,Zorlu Center,7502.0,5251.4,2250.6000000000004,65,Fast Moving,30.000000000000004,Healthy
I121934,C376889,Female,22,Technology,1,1050.0,Cash,07-10-2022,Metrocity,1050.0,735.0,315.0,112,Slow Moving,30.0,Healthy
I161868,C333202,Male,29,Food & Beverage,5,26.15,Debit Card,17-03-2021,Emaar Square Mall,130.75,91.52499999999999,39.22500000000001,58,Fast Moving,30.000000000000004,Healthy
I227368,C147456,Male,44,Clothing,2,600.16,Cash,10-08-2022,Mall of Istanbul,1200.32,840.2239999999999,360.096,43,Fast Moving,30.000000000000004,Healthy
I283492,C221830,Female,38,Toys,1,35.84,Credit Card,28-09-2021,Emaar Square Mall,35.84,25.088,10.752000000000002,95,Slow Moving,30.000000000000004,Healthy
I236127,C634747,Female,32,Clothing,3,900.24,Cash,12-10-2021,Cevahir AVM,2700.7200000000003,1890.5040000000001,810.2160000000001,78,Slow Moving,30.000000000000004,Healthy
I259412,C108986,Female,58,Toys,4,143.36,Credit Card,29-03-2021,Viaport Outlet,573.44,401.408,172.03200000000004,94,Slow Moving,30.000000000000004,Healthy
I155577,C205202,Female,55,Cosmetics,4,162.64,Cash,21-05-2021,Emaar Square Mall,650.56,455.39199999999994,195.168,23,Fast Moving,30.000000000000004,Healthy
I311797,C160680,Female,64,Food & Beverage,2,10.46,Credit Card,31-03-2022,Metropol AVM,20.92,14.644,6.276000000000002,43,Fast Moving,30.000000000000004,Healthy
I242848,C805973,Female,45,Clothing,3,900.24,Credit Card,27-03-2021,Istinye Park,2700.7200000000003,1890.5040000000001,810.2160000000001,71,Fast Moving,30.000000000000004,Healthy
I448498,C246456,Female,65,Clothing,1,300.08,Credit Card,23-07-2022,Kanyon,300.08,210.05599999999998,90.024,49,Fast Moving,30.000000000000004,Healthy
I310335,C293191,Female,54,Clothing,4,1200.32,Debit Card,08-03-2022,Metrocity,4801.28,3360.8959999999997,1440.384,17,Fast Moving,30.000000000000004,Healthy
I925190,C248510,Male,58,Clothing,5,1500.4,Cash,04-02-2021,Metrocity,7502.0,5251.4,2250.6000000000004,118,Slow Moving,30.000000000000004,Healthy
I777286,C102849,Female,40,Cosmetics,2,81.32,Debit Card,24-01-2021,Emaar Square Mall,162.64,113.84799999999998,48.792,96,Slow Moving,30.000000000000004,Healthy
I126253,C732384,Male,24,Clothing,5,1500.4,Debit Card,02-02-2021,Metrocity,7502.0,5251.4,2250.6000000000004,62,Fast Moving,30.000000000000004,Healthy
I287899,C121299,Female,60,Clothing,5,1500.4,Debit Card,16-05-2022,Kanyon,7502.0,5251.4,2250.6000000000004,24,Fast Moving,30.000000000000004,Healthy
I170920,C103741,Female,60,Food & Beverage,3,15.69,Cash,17-12-2021,Metrocity,47.07,32.949,14.121000000000002,96,Slow Moving,30.000000000000004,Healthy
I270096,C660491,Male,66,Food & Beverage,2,10.46,Credit Card,03-05-2022,Metropol AVM,20.92,14.644,6.276000000000002,76,Slow Moving,30.000000000000004,Healthy
I557757,C323696,Male,59,Food & Beverage,1,5.23,Cash,27-08-2021,Kanyon,5.23,3.661,1.5690000000000004,65,Fast Moving,30.000000000000004,Healthy
I377607,C274788,Male,69,Souvenir,5,58.65,Credit Card,11-01-2022,Metrocity,293.25,205.27499999999998,87.97500000000002,109,Slow Moving,30.00000000000001,Healthy
I256639,C158968,Female,47,Cosmetics,4,162.64,Credit Card,05-03-2023,Kanyon,650.56,455.39199999999994,195.168,43,Fast Moving,30.000000000000004,Healthy
I322886,C289495,Male,39,Technology,3,3150.0,Cash,07-01-2022,Istinye Park,9450.0,6615.0,2835.0,5,Fast Moving,30.0,Healthy
I248770,C646756,Female,54,Clothing,1,300.08,Cash,19-08-2022,Kanyon,300.08,210.05599999999998,90.024,7,Fast Moving,30.000000000000004,Healthy
I128121,C193824,Female,67,Technology,4,4200.0,Cash,17-01-2022,Metrocity,16800.0,11760.0,5040.0,81,Slow Moving,30.0,Healthy
I326712,C226996,Male,30,Clothing,2,600.16,Cash,05-05-2021,Metropol AVM,1200.32,840.2239999999999,360.096,96,Slow Moving,30.000000000000004,Healthy
I159865,C276008,Female,27,Toys,3,107.52,Credit Card,04-01-2022,Mall of Istanbul,322.56,225.79199999999997,96.76800000000003,66,Fast Moving,30.00000000000001,Healthy
I234223,C282899,Female,52,Cosmetics,4,162.64,Cash,26-10-2021,Metropol AVM,650.56,455.39199999999994,195.168,67,Fast Moving,30.000000000000004,Healthy
I616042,C323659,Female,57,Food & Beverage,3,15.69,Cash,17-06-2022,Kanyon,47.07,32.949,14.121000000000002,117,Slow Moving,30.000000000000004,Healthy
I148642,C158270,Male,52,Clothing,1,300.08,Credit Card,20-04-2021,Mall of Istanbul,300.08,210.05599999999998,90.024,29,Fast Moving,30.000000000000004,Healthy
I103072,C170969,Male,20,Cosmetics,4,162.64,Cash,04-04-2022,Forum Istanbul,650.56,455.39199999999994,195.168,60,Fast Moving,30.000000000000004,Healthy
I497958,C170219,Female,52,Souvenir,5,58.65,Credit Card,25-02-2022,Mall of Istanbul,293.25,205.27499999999998,87.97500000000002,37,Fast Moving,30.00000000000001,Healthy
I236668,C111026,Female,67,Food & Beverage,3,15.69,Debit Card,06-05-2021,Viaport Outlet,47.07,32.949,14.121000000000002,42,Fast Moving,30.000000000000004,Healthy
I836239,C760307,Female,20,Cosmetics,4,162.64,Cash,13-11-2021,Kanyon,650.56,455.39199999999994,195.168,10,Fast Moving,30.000000000000004,Healthy
I249682,C183888,Female,64,Clothing,3,900.24,Cash,03-08-2022,Metropol AVM,2700.7200000000003,1890.5040000000001,810.2160000000001,62,Fast Moving,30.000000000000004,Healthy
I140825,C144823,Female,20,Cosmetics,2,81.32,Debit Card,04-02-2023,Kanyon,162.64,113.84799999999998,48.792,48,Fast Moving,30.000000000000004,Healthy
I742965,C211277,Female,60,Toys,3,107.52,Cash,27-08-2022,Zorlu Center,322.56,225.79199999999997,96.76800000000003,49,Fast Moving,30.00000000000001,Healthy
I291579,C204782,Female,36,Clothing,1,300.08,Credit Card,31-10-2022,Mall of Istanbul,300.08,210.05599999999998,90.024,36,Fast Moving,30.000000000000004,Healthy
I196493,C184882,Female,29,Shoes,4,2400.68,Credit Card,27-03-2022,Kanyon,9602.72,6721.9039999999995,2880.816,49,Fast Moving,30.0,Healthy
I185316,C228532,Female,45,Souvenir,1,11.73,Cash,30-05-2022,Zorlu Center,11.73,8.211,3.519,65,Fast Moving,30.0,Healthy
I212235,C315826,Female,18,Food & Beverage,1,5.23,Cash,20-01-2021,Cevahir AVM,5.23,3.661,1.5690000000000004,51,Fast Moving,30.000000000000004,Healthy
I219127,C339071,Female,54,Books,1,15.15,Debit Card,23-12-2022,Kanyon,15.15,10.605,4.545,25,Fast Moving,30.0,Healthy
I971862,C219304,Male,45,Clothing,3,900.24,Cash,06-11-2022,Kanyon,2700.7200000000003,1890.5040000000001,810.2160000000001,84,Slow Moving,30.000000000000004,Healthy
I108180,C192474,Female,59,Food & Beverage,1,5.23,Cash,21-10-2022,Kanyon,5.23,3.661,1.5690000000000004,89,Slow Moving,30.000000000000004,Healthy
I321337,C398415,Female,49,Clothing,2,600.16,Cash,23-11-2021,Kanyon,1200.32,840.2239999999999,360.096,79,Slow Moving,30.000000000000004,Healthy
I274610,C391672,Male,61,Souvenir,3,35.19,Cash,15-01-2022,Metrocity,105.57,73.89899999999999,31.671000000000006,105,Slow Moving,30.00000000000001,Healthy
I678477,C275887,Female,28,Food & Beverage,3,15.69,Credit Card,06-06-2022,Cevahir AVM,47.07,32.949,14.121000000000002,40,Fast Moving,30.000000000000004,Healthy
I326054,C198086,Female,36,Books,3,45.45,Cash,02-09-2021,Metrocity,136.35000000000002,95.44500000000001,40.905000000000015,103,Slow Moving,30.000000000000004,Healthy
I284282,C822515,Female,69,Clothing,2,600.16,Cash,10-07-2022,Mall of Istanbul,1200.32,840.2239999999999,360.096,23,Fast Moving,30.000000000000004,Healthy
I256046,C871318,Female,27,Food & Beverage,3,15.69,Cash,14-04-2022,Mall of Istanbul,47.07,32.949,14.121000000000002,24,Fast Moving,30.000000000000004,Healthy
I486233,C199664,Female,30,Clothing,3,900.24,Credit Card,14-03-2022,Metrocity,2700.7200000000003,1890.5040000000001,810.2160000000001,61,Fast Moving,30.000000000000004,Healthy
I237899,C820137,Male,67,Cosmetics,4,162.64,Debit Card,01-05-2021,Zorlu Center,650.56,455.39199999999994,195.168,22,Fast Moving,30.000000000000004,Healthy
I102481,C521673,Male,66,Shoes,4,2400.68,Credit Card,22-04-2022,Kanyon,9602.72,6721.9039999999995,2880.816,51,Fast Moving,30.0,Healthy
I198156,C149637,Female,52,Food & Beverage,4,20.92,Cash,26-02-2023,Metropol AVM,83.68,58.576,25.104000000000006,109,Slow Moving,30.000000000000004,Healthy
I411189,C743273,Male,69,Food & Beverage,3,15.69,Credit Card,08-02-2021,Metrocity,47.07,32.949,14.121000000000002,53,Fast Moving,30.000000000000004,Healthy
I528396,C130273,Female,63,Clothing,1,300.08,Debit Card,21-11-2022,Metropol AVM,300.08,210.05599999999998,90.024,18,Fast Moving,30.000000000000004,Healthy
I225178,C240389,Female,20,Clothing,5,1500.4,Credit Card,10-02-2021,Kanyon,7502.0,5251.4,2250.6000000000004,19,Fast Moving,30.000000000000004,Healthy
I103131,C470346,Female,23,Toys,4,143.36,Cash,22-03-2022,Metrocity,573.44,401.408,172.03200000000004,35,Fast Moving,30.000000000000004,Healthy
I179619,C423734,Male,47,Toys,3,107.52,Cash,11-10-2022,Metrocity,322.56,225.79199999999997,96.76800000000003,5,Fast Moving,30.00000000000001,Healthy
I229909,C139077,Male,43,Clothing,5,1500.4,Cash,10-05-2022,Viaport Outlet,7502.0,5251.4,2250.6000000000004,58,Fast Moving,30.000000000000004,Healthy
I472142,C842431,Male,55,Shoes,1,600.17,Cash,04-08-2021,Cevahir AVM,600.17,420.11899999999997,180.051,7,Fast Moving,30.0,Healthy
I184289,C102301,Male,25,Toys,2,71.68,Credit Card,18-09-2022,Metrocity,143.36,100.352,43.00800000000001,20,Fast Moving,30.000000000000004,Healthy
I340111,C222159,Female,62,Shoes,4,2400.68,Cash,01-04-2022,Mall of Istanbul,9602.72,6721.9039999999995,2880.816,91,Slow Moving,30.0,Healthy
I244311,C204727,Female,23,Cosmetics,1,40.66,Cash,11-03-2022,Metrocity,40.66,28.461999999999996,12.198,61,Fast Moving,30.000000000000004,Healthy
I208028,C325158,Female,48,Technology,5,5250.0,Credit Card,03-03-2022,Cevahir AVM,26250.0,18375.0,7875.0,79,Slow Moving,30.0,Healthy
I201268,C649525,Male,64,Souvenir,1,11.73,Cash,31-05-2022,Kanyon,11.73,8.211,3.519,16,Fast Moving,30.0,Healthy
I406982,C283221,Female,50,Clothing,2,600.16,Credit Card,23-01-2021,Mall of Istanbul,1200.32,840.2239999999999,360.096,78,Slow Moving,30.000000000000004,Healthy
I259335,C153509,Female,42,Cosmetics,2,81.32,Cash,17-02-2022,Metrocity,162.64,113.84799999999998,48.792,100,Slow Moving,30.000000000000004,Healthy
I278596,C290548,Male,43,Clothing,3,900.24,Cash,12-05-2021,Mall of Istanbul,2700.7200000000003,1890.5040000000001,810.2160000000001,20,Fast Moving,30.000000000000004,Healthy
I156920,C133134,Female,25,Clothing,3,900.24,Credit Card,26-06-2022,Mall of Istanbul,2700.7200000000003,1890.5040000000001,810.2160000000001,76,Slow Moving,30.000000000000004,Healthy
I189797,C245539,Male,66,Clothing,3,900.24,Debit Card,22-10-2021,Metropol AVM,2700.7200000000003,1890.5040000000001,810.2160000000001,106,Slow Moving,30.000000000000004,Healthy
I283099,C110711,Female,41,Food & Beverage,1,5.23,Cash,12-12-2021,Kanyon,5.23,3.661,1.5690000000000004,80,Slow Moving,30.000000000000004,Healthy
I108662,C141093,Female,37,Cosmetics,3,121.98,Cash,16-09-2021,Metropol AVM,365.94,256.15799999999996,109.78200000000004,28,Fast Moving,30.00000000000001,Healthy
I443008,C299644,Female,43,Clothing,3,900.24,Credit Card,30-08-2021,Metropol AVM,2700.7200000000003,1890.5040000000001,810.2160000000001,32,Fast Moving,30.000000000000004,Healthy
I756144,C141285,Female,19,Clothing,2,600.16,Credit Card,29-11-2021,Kanyon,1200.32,840.2239999999999,360.096,12,Fast Moving,30.000000000000004,Healthy
I148225,C120095,Female,64,Technology,4,4200.0,Credit Card,07-06-2021,Mall of Istanbul,16800.0,11760.0,5040.0,96,Slow Moving,30.0,Healthy
I187159,C130462,Female,39,Shoes,5,3000.85,Debit Card,18-09-2021,Forum Istanbul,15004.25,10502.974999999999,4501.2750000000015,40,Fast Moving,30.00000000000001,Healthy
I265543,C116092,Female,21,Cosmetics,2,81.32,Credit Card,03-10-2022,Mall of Istanbul,162.64,113.84799999999998,48.792,94,Slow Moving,30.000000000000004,Healthy
I169324,C152098,Male,51,Food & Beverage,3,15.69,Cash,14-03-2022,Emaar Square Mall,47.07,32.949,14.121000000000002,12,Fast Moving,30.000000000000004,Healthy
I186033,C766767,Male,67,Books,5,75.75,Cash,12-01-2023,Kanyon,378.75,265.125,113.625,62,Fast Moving,30.0,Healthy
I307337,C322195,Male,54,Shoes,3,1800.51,Debit Card,25-02-2023,Metropol AVM,5401.53,3781.0709999999995,1620.4590000000003,64,Fast Moving,30.000000000000004,Healthy
I988233,C114713,Female,21,Food & Beverage,2,10.46,Cash,01-11-2021,Forum Istanbul,20.92,14.644,6.276000000000002,54,Fast Moving,30.000000000000004,Healthy
I713320,C189364,Male,29,Technology,1,1050.0,Debit Card,23-11-2021,Zorlu Center,1050.0,735.0,315.0,32,Fast Moving,30.0,Healthy
I187305,C150584,Female,32,Shoes,3,1800.51,Debit Card,12-03-2022,Kanyon,5401.53,3781.0709999999995,1620.4590000000003,96,Slow Moving,30.000000000000004,Healthy
I193430,C275695,Female,55,Clothing,4,1200.32,Credit Card,12-05-2021,Metrocity,4801.28,3360.8959999999997,1440.384,105,Slow Moving,30.000000000000004,Healthy
I202249,C614595,Male,24,Souvenir,4,46.92,Cash,30-10-2022,Istinye Park,187.68,131.376,56.304,45,Fast Moving,30.0,Healthy
I910927,C300832,Male,37,Clothing,3,900.24,Credit Card,16-01-2023,Kanyon,2700.7200000000003,1890.5040000000001,810.2160000000001,104,Slow Moving,30.000000000000004,Healthy
I602106,C241238,Female,53,Shoes,5,3000.85,Credit Card,26-08-2022,Istinye Park,15004.25,10502.974999999999,4501.2750000000015,68,Fast Moving,30.00000000000001,Healthy
I289972,C182162,Female,43,Food & Beverage,5,26.15,Debit Card,26-11-2022,Istinye Park,130.75,91.52499999999999,39.22500000000001,31,Fast Moving,30.000000000000004,Healthy
I109018,C328169,Female,39,Toys,3,107.52,Credit Card,09-07-2021,Metropol AVM,322.56,225.79199999999997,96.76800000000003,67,Fast Moving,30.00000000000001,Healthy
I333269,C121380,Female,37,Shoes,3,1800.51,Debit Card,26-05-2021,Viaport Outlet,5401.53,3781.0709999999995,1620.4590000000003,21,Fast Moving,30.000000000000004,Healthy
I586154,C788630,Female,58,Food & Beverage,1,5.23,Cash,14-12-2021,Istinye Park,5.23,3.661,1.5690000000000004,77,Slow Moving,30.000000000000004,Healthy
I264725,C143781,Male,28,Toys,1,35.84,Credit Card,15-07-2022,Mall of Istanbul,35.84,25.088,10.752000000000002,37,Fast Moving,30.000000000000004,Healthy
I291281,C285797,Male,45,Technology,1,1050.0,Credit Card,14-04-2022,Metropol AVM,1050.0,735.0,315.0,88,Slow Moving,30.0,Healthy
I144506,C174330,Female,21,Clothing,4,1200.32,Cash,16-01-2021,Istinye Park,4801.28,3360.8959999999997,1440.384,81,Slow Moving,30.000000000000004,Healthy
I205315,C430942,Female,39,Cosmetics,5,203.3,Cash,03-06-2022,Zorlu Center,1016.5,711.55,304.95000000000005,96,Slow Moving,30.000000000000004,Healthy
I211823,C270543,Male,23,Clothing,5,1500.4,Debit Card,16-03-2021,Zorlu Center,7502.0,5251.4,2250.6000000000004,116,Slow Moving,30.000000000000004,Healthy
I160370,C102275,Male,41,Clothing,1,300.08,Credit Card,07-02-2022,Metrocity,300.08,210.05599999999998,90.024,33,Fast Moving,30.000000000000004,Healthy
I526871,C841591,Female,26,Food & Beverage,2,10.46,Credit Card,12-04-2021,Metropol AVM,20.92,14.644,6.276000000000002,17,Fast Moving,30.000000000000004,Healthy
I275001,C162681,Male,51,Toys,4,143.36,Debit Card,04-05-2022,Cevahir AVM,573.44,401.408,172.03200000000004,50,Fast Moving,30.000000000000004,Healthy
I129187,C716629,Male,49,Cosmetics,2,81.32,Cash,06-08-2022,Forum Istanbul,162.64,113.84799999999998,48.792,39,Fast Moving,30.000000000000004,Healthy
I292336,C512978,Male,45,Clothing,4,1200.32,Cash,09-05-2022,Forum Istanbul,4801.28,3360.8959999999997,1440.384,10,Fast Moving,30.000000000000004,Healthy
I122881,C289069,Male,33,Cosmetics,5,203.3,Cash,22-05-2021,Forum Istanbul,1016.5,711.55,304.95000000000005,86,Slow Moving,30.000000000000004,Healthy
I240283,C812425,Female,53,Shoes,4,2400.68,Cash,10-01-2023,Metropol AVM,9602.72,6721.9039999999995,2880.816,119,Slow Moving,30.0,Healthy
I204229,C200576,Female,32,Cosmetics,1,40.66,Credit Card,25-04-2022,Cevahir AVM,40.66,28.461999999999996,12.198,73,Fast Moving,30.000000000000004,Healthy
I110467,C155221,Male,40,Clothing,1,300.08,Cash,08-10-2022,Mall of Istanbul,300.08,210.05599999999998,90.024,51,Fast Moving,30.000000000000004,Healthy
I316054,C251062,Male,60,Clothing,5,1500.4,Debit Card,13-10-2022,Kanyon,7502.0,5251.4,2250.6000000000004,29,Fast Moving,30.000000000000004,Healthy
I203525,C335061,Female,37,Clothing,1,300.08,Cash,08-09-2022,Metropol AVM,300.08,210.05599999999998,90.024,70,Fast Moving,30.000000000000004,Healthy
I186437,C283983,Female,56,Technology,5,5250.0,Debit Card,05-12-2022,Kanyon,26250.0,18375.0,7875.0,14,Fast Moving,30.0,Healthy
I136489,C315999,Female,55,Clothing,2,600.16,Credit Card,13-03-2022,Metropol AVM,1200.32,840.2239999999999,360.096,60,Fast Moving,30.000000000000004,Healthy
I125636,C987230,Male,68,Books,1,15.15,Debit Card,16-05-2021,Kanyon,15.15,10.605,4.545,34,Fast Moving,30.0,Healthy
I310984,C921649,Female,54,Cosmetics,2,81.32,Credit Card,26-12-2021,Metrocity,162.64,113.84799999999998,48.792,118,Slow Moving,30.000000000000004,Healthy
I329288,C327823,Female,56,Food & Beverage,3,15.69,Credit Card,12-05-2022,Mall of Istanbul,47.07,32.949,14.121000000000002,113,Slow Moving,30.000000000000004,Healthy
I278935,C203598,Male,27,Toys,2,71.68,Cash,14-12-2022,Cevahir AVM,143.36,100.352,43.00800000000001,9,Fast Moving,30.000000000000004,Healthy
I243503,C224753,Female,41,Toys,1,35.84,Debit Card,18-09-2021,Kanyon,35.84,25.088,10.752000000000002,37,Fast Moving,30.000000000000004,Healthy
I214040,C270797,Male,59,Shoes,4,2400.68,Credit Card,16-11-2022,Istinye Park,9602.72,6721.9039999999995,2880.816,69,Fast Moving,30.0,Healthy
I135338,C249974,Male,62,Clothing,1,300.08,Credit Card,19-10-2022,Viaport Outlet,300.08,210.05599999999998,90.024,22,Fast Moving,30.000000000000004,Healthy
I103926,C132495,Male,32,Cosmetics,2,81.32,Credit Card,17-08-2022,Emaar Square Mall,162.64,113.84799999999998,48.792,100,Slow Moving,30.000000000000004,Healthy
I200763,C304747,Male,47,Cosmetics,2,81.32,Debit Card,23-12-2021,Kanyon,162.64,113.84799999999998,48.792,115,Slow Moving,30.000000000000004,Healthy
I210726,C266724,Female,42,Technology,5,5250.0,Cash,16-11-2021,Cevahir AVM,26250.0,18375.0,7875.0,53,Fast Moving,30.0,Healthy
I140666,C494615,Male,33,Food & Beverage,3,15.69,Cash,02-08-2021,Metrocity,47.07,32.949,14.121000000000002,15,Fast Moving,30.000000000000004,Healthy
I328455,C252265,Male,66,Technology,5,5250.0,Credit Card,17-02-2021,Mall of Istanbul,26250.0,18375.0,7875.0,89,Slow Moving,30.0,Healthy
I289097,C319806,Female,55,Cosmetics,5,203.3,Cash,06-05-2021,Mall of Istanbul,1016.5,711.55,304.95000000000005,30,Fast Moving,30.000000000000004,Healthy
I173201,C219548,Female,24,Food & Beverage,4,20.92,Credit Card,03-10-2022,Emaar Square Mall,83.68,58.576,25.104000000000006,67,Fast Moving,30.000000000000004,Healthy
I203880,C184052,Female,64,Toys,5,179.2,Debit Card,15-06-2021,Mall of Istanbul,896.0,627.1999999999999,268.80000000000007,93,Slow Moving,30.00000000000001,Healthy
I695490,C206253,Female,27,Shoes,5,3000.85,Debit Card,14-02-2021,Metrocity,15004.25,10502.974999999999,4501.2750000000015,90,Slow Moving,30.00000000000001,Healthy
I788206,C249725,Female,62,Cosmetics,2,81.32,Credit Card,21-02-2023,Istinye Park,162.64,113.84799999999998,48.792,63,Fast Moving,30.000000000000004,Healthy
I935474,C224881,Female,68,Cosmetics,2,81.32,Debit Card,03-09-2022,Metropol AVM,162.64,113.84799999999998,48.792,31,Fast Moving,30.000000000000004,Healthy
I308383,C321914,Female,62,Cosmetics,3,121.98,Credit Card,20-09-2021,Kanyon,365.94,256.15799999999996,109.78200000000004,53,Fast Moving,30.00000000000001,Healthy
I335039,C209245,Male,36,Souvenir,1,11.73,Cash,09-05-2022,Istinye Park,11.73,8.211,3.519,81,Slow Moving,30.0,Healthy
I375865,C130895,Male,64,Clothing,3,900.24,Credit Card,30-05-2022,Kanyon,2700.7200000000003,1890.5040000000001,810.2160000000001,37,Fast Moving,30.000000000000004,Healthy
I300065,C207573,Male,22,Technology,4,4200.0,Cash,12-03-2022,Viaport Outlet,16800.0,11760.0,5040.0,102,Slow Moving,30.0,Healthy
I123471,C257469,Female,26,Food & Beverage,5,26.15,Debit Card,25-03-2022,Kanyon,130.75,91.52499999999999,39.22500000000001,109,Slow Moving,30.000000000000004,Healthy
I259780,C795627,Female,37,Clothing,5,1500.4,Cash,27-09-2021,Istinye Park,7502.0,5251.4,2250.6000000000004,103,Slow Moving,30.000000000000004,Healthy
I276581,C194674,Female,47,Cosmetics,1,40.66,Credit Card,14-11-2021,Istinye Park,40.66,28.461999999999996,12.198,5,Fast Moving,30.000000000000004,Healthy
I187144,C774214,Female,40,Toys,1,35.84,Credit Card,29-05-2022,Metropol AVM,35.84,25.088,10.752000000000002,25,Fast Moving,30.000000000000004,Healthy
I200005,C120804,Female,58,Food & Beverage,1,5.23,Debit Card,09-03-2021,Kanyon,5.23,3.661,1.5690000000000004,116,Slow Moving,30.000000000000004,Healthy
I246910,C156004,Male,32,Books,2,30.3,Cash,12-02-2022,Istinye Park,60.6,42.42,18.18,59,Fast Moving,30.0,Healthy
I274783,C596756,Female,36,Clothing,1,300.08,Credit Card,07-03-2022,Metrocity,300.08,210.05599999999998,90.024,10,Fast Moving,30.000000000000004,Healthy
I258186,C251433,Female,56,Toys,4,143.36,Debit Card,05-02-2021,Metrocity,573.44,401.408,172.03200000000004,96,Slow Moving,30.000000000000004,Healthy
I149861,C288298,Female,41,Clothing,4,1200.32,Credit Card,05-12-2022,Kanyon,4801.28,3360.8959999999997,1440.384,85,Slow Moving,30.000000000000004,Healthy
I678783,C148675,Female,34,Food & Beverage,5,26.15,Debit Card,14-04-2021,Mall of Istanbul,130.75,91.52499999999999,39.22500000000001,73,Fast Moving,30.000000000000004,Healthy
I283199,C270726,Female,37,Clothing,5,1500.4,Credit Card,04-10-2021,Mall of Istanbul,7502.0,5251.4,2250.6000000000004,99,Slow Moving,30.000000000000004,Healthy
I262240,C105474,Female,55,Cosmetics,1,40.66,Credit Card,15-01-2023,Mall of Istanbul,40.66,28.461999999999996,12.198,9,Fast Moving,30.000000000000004,Healthy
I255066,C829423,Female,25,Shoes,2,1200.34,Cash,07-06-2022,Kanyon,2400.68,1680.4759999999999,720.204,106,Slow Moving,30.0,Healthy
I110699,C111251,Female,50,Clothing,4,1200.32,Cash,07-11-2022,Istinye Park,4801.28,3360.8959999999997,1440.384,7,Fast Moving,30.000000000000004,Healthy
I172592,C269506,Male,66,Shoes,3,1800.51,Cash,05-07-2021,Zorlu Center,5401.53,3781.0709999999995,1620.4590000000003,57,Fast Moving,30.000000000000004,Healthy
I197048,C127041,Male,52,Clothing,1,300.08,Cash,22-10-2022,Istinye Park,300.08,210.05599999999998,90.024,27,Fast Moving,30.000000000000004,Healthy
I846448,C870412,Female,24,Cosmetics,1,40.66,Debit Card,24-02-2023,Emaar Square Mall,40.66,28.461999999999996,12.198,105,Slow Moving,30.000000000000004,Healthy
I255738,C108367,Male,52,Food & Beverage,3,15.69,Debit Card,12-04-2022,Kanyon,47.07,32.949,14.121000000000002,57,Fast Moving,30.000000000000004,Healthy
I309846,C191673,Male,43,Clothing,3,900.24,Cash,27-02-2021,Mall of Istanbul,2700.7200000000003,1890.5040000000001,810.2160000000001,41,Fast Moving,30.000000000000004,Healthy
I230210,C979970,Male,41,Cosmetics,1,40.66,Cash,31-03-2021,Cevahir AVM,40.66,28.461999999999996,12.198,78,Slow Moving,30.000000000000004,Healthy
I338832,C324708,Female,28,Clothing,5,1500.4,Credit Card,16-03-2021,Metrocity,7502.0,5251.4,2250.6000000000004,78,Slow Moving,30.000000000000004,Healthy
I701994,C289614,Male,31,Food & Beverage,1,5.23,Cash,09-02-2023,Forum Istanbul,5.23,3.661,1.5690000000000004,87,Slow Moving,30.000000000000004,Healthy
I116064,C103877,Female,41,Shoes,3,1800.51,Credit Card,28-02-2021,Metropol AVM,5401.53,3781.0709999999995,1620.4590000000003,21,Fast Moving,30.000000000000004,Healthy
I233553,C264659,Male,21,Cosmetics,3,121.98,Cash,26-03-2022,Metrocity,365.94,256.15799999999996,109.78200000000004,89,Slow Moving,30.00000000000001,Healthy
I334498,C108756,Female,45,Cosmetics,3,121.98,Credit Card,27-01-2023,Istinye Park,365.94,256.15799999999996,109.78200000000004,82,Slow Moving,30.00000000000001,Healthy
I210221,C253975,Female,41,Books,3,45.45,Cash,29-03-2021,Istinye Park,136.35000000000002,95.44500000000001,40.905000000000015,77,Slow Moving,30.000000000000004,Healthy
I107367,C773134,Male,42,Clothing,3,900.24,Cash,21-01-2021,Metrocity,2700.7200000000003,1890.5040000000001,810.2160000000001,114,Slow Moving,30.000000000000004,Healthy
I240053,C433673,Male,50,Cosmetics,1,40.66,Credit Card,22-05-2022,Metrocity,40.66,28.461999999999996,12.198,5,Fast Moving,30.000000000000004,Healthy
I198312,C271450,Female,42,Clothing,3,900.24,Cash,07-03-2022,Kanyon,2700.7200000000003,1890.5040000000001,810.2160000000001,55,Fast Moving,30.000000000000004,Healthy
I111670,C327098,Female,25,Clothing,2,600.16,Credit Card,30-07-2022,Kanyon,1200.32,840.2239999999999,360.096,49,Fast Moving,30.000000000000004,Healthy
I631073,C132270,Female,39,Shoes,5,3000.85,Debit Card,10-04-2021,Emaar Square Mall,15004.25,10502.974999999999,4501.2750000000015,81,Slow Moving,30.00000000000001,Healthy
I304483,C193793,Male,23,Toys,5,179.2,Cash,05-03-2022,Viaport Outlet,896.0,627.1999999999999,268.80000000000007,8,Fast Moving,30.00000000000001,Healthy
I110493,C320229,Male,67,Books,2,30.3,Debit Card,20-04-2021,Mall of Istanbul,60.6,42.42,18.18,66,Fast Moving,30.0,Healthy
I224918,C275631,Female,42,Food & Beverage,5,26.15,Credit Card,01-11-2022,Kanyon,130.75,91.52499999999999,39.22500000000001,69,Fast Moving,30.000000000000004,Healthy
I176867,C462416,Female,63,Clothing,2,600.16,Credit Card,13-02-2023,Metrocity,1200.32,840.2239999999999,360.096,117,Slow Moving,30.000000000000004,Healthy
I225893,C245407,Male,53,Souvenir,4,46.92,Credit Card,10-04-2021,Emaar Square Mall,187.68,131.376,56.304,108,Slow Moving,30.0,Healthy
I462596,C269497,Male,32,Food & Beverage,5,26.15,Debit Card,25-05-2022,Metrocity,130.75,91.52499999999999,39.22500000000001,36,Fast Moving,30.000000000000004,Healthy
I990095,C190709,Male,43,Shoes,2,1200.34,Debit Card,26-12-2022,Mall of Istanbul,2400.68,1680.4759999999999,720.204,38,Fast Moving,30.0,Healthy
I112841,C291389,Female,22,Clothing,2,600.16,Credit Card,19-05-2021,Metropol AVM,1200.32,840.2239999999999,360.096,96,Slow Moving,30.000000000000004,Healthy
I177064,C593370,Male,30,Food & Beverage,4,20.92,Debit Card,21-12-2022,Mall of Istanbul,83.68,58.576,25.104000000000006,99,Slow Moving,30.000000000000004,Healthy
I293058,C303552,Female,20,Clothing,3,900.24,Cash,17-06-2021,Kanyon,2700.7200000000003,1890.5040000000001,810.2160000000001,76,Slow Moving,30.000000000000004,Healthy
I714982,C747740,Female,40,Cosmetics,2,81.32,Credit Card,23-11-2022,Istinye Park,162.64,113.84799999999998,48.792,43,Fast Moving,30.000000000000004,Healthy
I259581,C791362,Male,61,Clothing,4,1200.32,Credit Card,19-03-2021,Kanyon,4801.28,3360.8959999999997,1440.384,30,Fast Moving,30.000000000000004,Healthy
I272468,C132400,Male,44,Clothing,5,1500.4,Cash,30-08-2022,Zorlu Center,7502.0,5251.4,2250.6000000000004,38,Fast Moving,30.000000000000004,Healthy
I773945,C677850,Female,55,Cosmetics,4,162.64,Cash,12-12-2022,Metropol AVM,650.56,455.39199999999994,195.168,58,Fast Moving,30.000000000000004,Healthy
I488800,C263908,Female,54,Food & Beverage,2,10.46,Credit Card,11-10-2021,Istinye Park,20.92,14.644,6.276000000000002,7,Fast Moving,30.000000000000004,Healthy
I539167,C205165,Male,23,Toys,3,107.52,Cash,16-12-2021,Zorlu Center,322.56,225.79199999999997,96.76800000000003,54,Fast Moving,30.00000000000001,Healthy
I614933,C290106,Female,61,Clothing,1,300.08,Cash,05-05-2021,Cevahir AVM,300.08,210.05599999999998,90.024,16,Fast Moving,30.000000000000004,Healthy
I307328,C174747,Male,37,Clothing,1,300.08,Cash,14-05-2022,Mall of Istanbul,300.08,210.05599999999998,90.024,69,Fast Moving,30.000000000000004,Healthy
I195795,C191147,Female,43,Food & Beverage,2,10.46,Cash,21-11-2022,Viaport Outlet,20.92,14.644,6.276000000000002,58,Fast Moving,30.000000000000004,Healthy
I316501,C249906,Male,33,Shoes,4,2400.68,Cash,13-11-2022,Mall of Istanbul,9602.72,6721.9039999999995,2880.816,112,Slow Moving,30.0,Healthy
I105482,C129846,Male,18,Clothing,5,1500.4,Cash,17-08-2021,Mall of Istanbul,7502.0,5251.4,2250.6000000000004,9,Fast Moving,30.000000000000004,Healthy
I269076,C155333,Female,30,Toys,1,35.84,Debit Card,20-08-2021,Forum Istanbul,35.84,25.088,10.752000000000002,98,Slow Moving,30.000000000000004,Healthy
I235877,C272155,Female,68,Toys,5,179.2,Debit Card,06-03-2021,Mall of Istanbul,896.0,627.1999999999999,268.80000000000007,98,Slow Moving,30.00000000000001,Healthy
I323413,C266213,Male,34,Clothing,1,300.08,Debit Card,09-01-2022,Kanyon,300.08,210.05599999999998,90.024,61,Fast Moving,30.000000000000004,Healthy
I404845,C622685,Female,34,Books,1,15.15,Credit Card,09-04-2021,Forum Istanbul,15.15,10.605,4.545,21,Fast Moving,30.0,Healthy
I249846,C832010,Female,59,Food & Beverage,2,10.46,Debit Card,17-02-2023,Kanyon,20.92,14.644,6.276000000000002,116,Slow Moving,30.000000000000004,Healthy
I110354,C288597,Female,22,Clothing,5,1500.4,Debit Card,18-08-2022,Mall of Istanbul,7502.0,5251.4,2250.6000000000004,51,Fast Moving,30.000000000000004,Healthy
I175688,C259229,Female,30,Cosmetics,5,203.3,Debit Card,10-09-2022,Kanyon,1016.5,711.55,304.95000000000005,27,Fast Moving,30.000000000000004,Healthy
I467431,C724217,Female,50,Toys,3,107.52,Debit Card,25-06-2021,Metropol AVM,322.56,225.79199999999997,96.76800000000003,83,Slow Moving,30.00000000000001,Healthy
I175461,C913425,Female,68,Food & Beverage,3,15.69,Cash,26-10-2022,Kanyon,47.07,32.949,14.121000000000002,105,Slow Moving,30.000000000000004,Healthy
I157207,C255828,Female,49,Clothing,1,300.08,Cash,22-02-2022,Cevahir AVM,300.08,210.05599999999998,90.024,89,Slow Moving,30.000000000000004,Healthy
I193060,C219791,Male,38,Toys,5,179.2,Credit Card,18-05-2022,Mall of Istanbul,896.0,627.1999999999999,268.80000000000007,18,Fast Moving,30.00000000000001,Healthy
I255430,C981925,Male,51,Cosmetics,3,121.98,Debit Card,13-02-2023,Mall of Istanbul,365.94,256.15799999999996,109.78200000000004,70,Fast Moving,30.00000000000001,Healthy
I165932,C237757,Male,44,Cosmetics,3,121.98,Credit Card,04-03-2023,Cevahir AVM,365.94,256.15799999999996,109.78200000000004,79,Slow Moving,30.00000000000001,Healthy
I123656,C238083,Male,64,Clothing,2,600.16,Cash,21-04-2022,Kanyon,1200.32,840.2239999999999,360.096,55,Fast Moving,30.000000000000004,Healthy
I338093,C306266,Female,31,Clothing,4,1200.32,Credit Card,27-07-2022,Mall of Istanbul,4801.28,3360.8959999999997,1440.384,107,Slow Moving,30.000000000000004,Healthy
I543510,C199858,Female,34,Technology,1,1050.0,Debit Card,27-01-2022,Kanyon,1050.0,735.0,315.0,42,Fast Moving,30.0,Healthy
I177444,C179915,Male,40,Clothing,3,900.24,Debit Card,09-01-2023,Emaar Square Mall,2700.7200000000003,1890.5040000000001,810.2160000000001,68,Fast Moving,30.000000000000004,Healthy
I248527,C307014,Female,58,Shoes,1,600.17,Credit Card,30-05-2021,Viaport Outlet,600.17,420.11899999999997,180.051,102,Slow Moving,30.0,Healthy
I103907,C280853,Male,56,Clothing,4,1200.32,Cash,04-10-2022,Forum Istanbul,4801.28,3360.8959999999997,1440.384,42,Fast Moving,30.000000000000004,Healthy
I109766,C106066,Female,57,Food & Beverage,5,26.15,Cash,06-11-2022,Metrocity,130.75,91.52499999999999,39.22500000000001,54,Fast Moving,30.000000000000004,Healthy
I195981,C257683,Female,38,Shoes,1,600.17,Credit Card,06-08-2021,Kanyon,600.17,420.11899999999997,180.051,102,Slow Moving,30.0,Healthy
I583553,C364009,Female,55,Souvenir,3,35.19,Debit Card,24-11-2021,Mall of Istanbul,105.57,73.89899999999999,31.671000000000006,86,Slow Moving,30.00000000000001,Healthy
I225840,C325548,Female,23,Food & Beverage,3,15.69,Credit Card,20-07-2021,Cevahir AVM,47.07,32.949,14.121000000000002,34,Fast Moving,30.000000000000004,Healthy
I478092,C606953,Male,66,Souvenir,2,23.46,Cash,18-03-2021,Kanyon,46.92,32.844,14.076,83,Slow Moving,30.0,Healthy
I107322,C920331,Male,27,Clothing,2,600.16,Credit Card,21-10-2022,Mall of Istanbul,1200.32,840.2239999999999,360.096,95,Slow Moving,30.000000000000004,Healthy
I307584,C140413,Female,58,Cosmetics,1,40.66,Credit Card,24-06-2022,Viaport Outlet,40.66,28.461999999999996,12.198,55,Fast Moving,30.000000000000004,Healthy
I300522,C323469,Female,32,Cosmetics,5,203.3,Credit Card,05-02-2022,Mall of Istanbul,1016.5,711.55,304.95000000000005,67,Fast Moving,30.000000000000004,Healthy
I335770,C336888,Male,57,Cosmetics,1,40.66,Debit Card,08-10-2022,Forum Istanbul,40.66,28.461999999999996,12.198,102,Slow Moving,30.000000000000004,Healthy
I273054,C148034,Male,43,Food & Beverage,5,26.15,Debit Card,26-04-2021,Metropol AVM,130.75,91.52499999999999,39.22500000000001,56,Fast Moving,30.000000000000004,Healthy
I226742,C724391,Female,56,Clothing,3,900.24,Cash,12-03-2021,Viaport Outlet,2700.7200000000003,1890.5040000000001,810.2160000000001,42,Fast Moving,30.000000000000004,Healthy
I259039,C180485,Female,40,Clothing,1,300.08,Debit Card,19-02-2021,Istinye Park,300.08,210.05599999999998,90.024,101,Slow Moving,30.000000000000004,Healthy
I263787,C323464,Female,60,Food & Beverage,4,20.92,Cash,14-10-2021,Metrocity,83.68,58.576,25.104000000000006,92,Slow Moving,30.000000000000004,Healthy
I301307,C326699,Male,41,Technology,5,5250.0,Debit Card,30-05-2021,Mall of Istanbul,26250.0,18375.0,7875.0,83,Slow Moving,30.0,Healthy
I270709,C632826,Male,41,Clothing,2,600.16,Credit Card,01-10-2021,Istinye Park,1200.32,840.2239999999999,360.096,34,Fast Moving,30.000000000000004,Healthy
I390879,C196337,Female,54,Clothing,2,600.16,Cash,19-04-2022,Mall of Istanbul,1200.32,840.2239999999999,360.096,110,Slow Moving,30.000000000000004,Healthy
I694304,C258995,Female,42,Cosmetics,4,162.64,Debit Card,16-04-2021,Mall of Istanbul,650.56,455.39199999999994,195.168,55,Fast Moving,30.000000000000004,Healthy
I613571,C246847,Male,56,Clothing,3,900.24,Cash,19-01-2022,Mall of Istanbul,2700.7200000000003,1890.5040000000001,810.2160000000001,85,Slow Moving,30.000000000000004,Healthy
I320883,C282894,Female,32,Technology,4,4200.0,Credit Card,08-08-2021,Mall of Istanbul,16800.0,11760.0,5040.0,9,Fast Moving,30.0,Healthy
I306290,C125304,Male,59,Clothing,2,600.16,Cash,02-02-2022,Mall of Istanbul,1200.32,840.2239999999999,360.096,33,Fast Moving,30.000000000000004,Healthy
I440435,C496516,Female,50,Food & Beverage,5,26.15,Cash,02-09-2021,Metrocity,130.75,91.52499999999999,39.22500000000001,8,Fast Moving,30.000000000000004,Healthy
I321342,C831048,Male,23,Clothing,1,300.08,Credit Card,02-03-2022,Kanyon,300.08,210.05599999999998,90.024,14,Fast Moving,30.000000000000004,Healthy
I273975,C208819,Male,50,Cosmetics,5,203.3,Credit Card,01-03-2021,Emaar Square Mall,1016.5,711.55,304.95000000000005,60,Fast Moving,30.000000000000004,Healthy
I337040,C804531,Female,55,Food & Beverage,5,26.15,Credit Card,15-12-2022,Kanyon,130.75,91.52499999999999,39.22500000000001,21,Fast Moving,30.000000000000004,Healthy
I223697,C237182,Male,62,Cosmetics,3,121.98,Debit Card,25-04-2021,Istinye Park,365.94,256.15799999999996,109.78200000000004,78,Slow Moving,30.00000000000001,Healthy
I287998,C131599,Female,32,Clothing,5,1500.4,Debit Card,24-02-2022,Forum Istanbul,7502.0,5251.4,2250.6000000000004,21,Fast Moving,30.000000000000004,Healthy
I117673,C191057,Male,37,Food & Beverage,4,20.92,Debit Card,08-03-2022,Istinye Park,83.68,58.576,25.104000000000006,88,Slow Moving,30.000000000000004,Healthy
I249964,C195284,Female,63,Toys,3,107.52,Cash,25-12-2021,Kanyon,322.56,225.79199999999997,96.76800000000003,92,Slow Moving,30.00000000000001,Healthy
I100760,C800785,Female,18,Books,4,60.6,Credit Card,19-01-2021,Mall of Istanbul,242.4,169.68,72.72,73,Fast Moving,30.0,Healthy
I234239,C236711,Female,22,Shoes,5,3000.85,Cash,03-06-2022,Kanyon,15004.25,10502.974999999999,4501.2750000000015,38,Fast Moving,30.00000000000001,Healthy
I125122,C118689,Male,51,Shoes,4,2400.68,Cash,19-07-2022,Cevahir AVM,9602.72,6721.9039999999995,2880.816,10,Fast Moving,30.0,Healthy
I831550,C194063,Female,52,Clothing,4,1200.32,Cash,04-05-2021,Istinye Park,4801.28,3360.8959999999997,1440.384,57,Fast Moving,30.000000000000004,Healthy
I898132,C210393,Male,30,Clothing,2,600.16,Cash,12-11-2021,Mall of Istanbul,1200.32,840.2239999999999,360.096,70,Fast Moving,30.000000000000004,Healthy
I144412,C261316,Male,32,Cosmetics,1,40.66,Cash,07-03-2023,Metrocity,40.66,28.461999999999996,12.198,81,Slow Moving,30.000000000000004,Healthy
I264104,C177823,Female,46,Shoes,4,2400.68,Cash,04-04-2022,Istinye Park,9602.72,6721.9039999999995,2880.816,111,Slow Moving,30.0,Healthy
I203031,C748439,Male,31,Books,5,75.75,Cash,14-04-2021,Mall of Istanbul,378.75,265.125,113.625,47,Fast Moving,30.0,Healthy
I147481,C245715,Female,30,Food & Beverage,5,26.15,Cash,16-12-2021,Istinye Park,130.75,91.52499999999999,39.22500000000001,116,Slow Moving,30.000000000000004,Healthy
I293034,C220780,Male,24,Food & Beverage,4,20.92,Cash,16-09-2021,Mall of Istanbul,83.68,58.576,25.104000000000006,79,Slow Moving,30.000000000000004,Healthy
I252678,C126392,Male,25,Food & Beverage,2,10.46,Cash,24-04-2021,Istinye Park,20.92,14.644,6.276000000000002,119,Slow Moving,30.000000000000004,Healthy
I257579,C149849,Female,25,Clothing,1,300.08,Cash,08-09-2021,Istinye Park,300.08,210.05599999999998,90.024,115,Slow Moving,30.000000000000004,Healthy
I257208,C168310,Female,31,Souvenir,3,35.19,Cash,15-06-2022,Metrocity,105.57,73.89899999999999,31.671000000000006,27,Fast Moving,30.00000000000001,Healthy
I255446,C126647,Female,54,Shoes,5,3000.85,Credit Card,17-02-2021,Zorlu Center,15004.25,10502.974999999999,4501.2750000000015,59,Fast Moving,30.00000000000001,Healthy
I854848,C278752,Female,57,Technology,3,3150.0,Debit Card,06-05-2021,Cevahir AVM,9450.0,6615.0,2835.0,84,Slow Moving,30.0,Healthy
I213167,C111668,Male,25,Clothing,1,300.08,Credit Card,28-07-2021,Mall of Istanbul,300.08,210.05599999999998,90.024,99,Slow Moving,30.000000000000004,Healthy
I316677,C119364,Female,44,Books,4,60.6,Cash,21-09-2022,Mall of Istanbul,242.4,169.68,72.72,79,Slow Moving,30.0,Healthy
I328733,C158114,Female,43,Clothing,3,900.24,Cash,07-08-2021,Mall of Istanbul,2700.7200000000003,1890.5040000000001,810.2160000000001,20,Fast Moving,30.000000000000004,Healthy
I127144,C195508,Male,18,Souvenir,1,11.73,Debit Card,03-11-2022,Mall of Istanbul,11.73,8.211,3.519,12,Fast Moving,30.0,Healthy
I125746,C317968,Female,57,Toys,1,35.84,Cash,18-06-2022,Viaport Outlet,35.84,25.088,10.752000000000002,8,Fast Moving,30.000000000000004,Healthy
I994913,C809683,Female,25,Cosmetics,1,40.66,Credit Card,07-03-2022,Kanyon,40.66,28.461999999999996,12.198,108,Slow Moving,30.000000000000004,Healthy
I634948,C228735,Female,50,Food & Beverage,3,15.69,Cash,03-09-2022,Metrocity,47.07,32.949,14.121000000000002,8,Fast Moving,30.000000000000004,Healthy
I269024,C278483,Male,49,Clothing,1,300.08,Debit Card,12-08-2022,Kanyon,300.08,210.05599999999998,90.024,60,Fast Moving,30.000000000000004,Healthy
I264126,C158261,Male,21,Food & Beverage,2,10.46,Cash,28-04-2022,Metrocity,20.92,14.644,6.276000000000002,29,Fast Moving,30.000000000000004,Healthy
I140362,C102607,Male,38,Technology,2,2100.0,Debit Card,24-10-2021,Metrocity,4200.0,2940.0,1260.0,71,Fast Moving,30.0,Healthy
I617893,C808112,Male,65,Clothing,5,1500.4,Cash,18-07-2022,Metrocity,7502.0,5251.4,2250.6000000000004,100,Slow Moving,30.000000000000004,Healthy
I190439,C145982,Female,32,Clothing,3,900.24,Credit Card,24-06-2022,Metropol AVM,2700.7200000000003,1890.5040000000001,810.2160000000001,71,Fast Moving,30.000000000000004,Healthy
I182480,C325166,Female,47,Food & Beverage,5,26.15,Credit Card,24-05-2022,Kanyon,130.75,91.52499999999999,39.22500000000001,31,Fast Moving,30.000000000000004,Healthy
I203099,C266175,Female,53,Clothing,1,300.08,Credit Card,01-12-2021,Zorlu Center,300.08,210.05599999999998,90.024,97,Slow Moving,30.000000000000004,Healthy
I740038,C213718,Male,34,Clothing,1,300.08,Debit Card,14-12-2022,Metropol AVM,300.08,210.05599999999998,90.024,36,Fast Moving,30.000000000000004,Healthy
I215044,C184322,Female,61,Cosmetics,1,40.66,Cash,19-01-2023,Forum Istanbul,40.66,28.461999999999996,12.198,54,Fast Moving,30.000000000000004,Healthy
I171352,C478668,Female,19,Clothing,5,1500.4,Credit Card,13-10-2021,Metrocity,7502.0,5251.4,2250.6000000000004,65,Fast Moving,30.000000000000004,Healthy
I340002,C331539,Female,61,Cosmetics,2,81.32,Cash,12-12-2022,Forum Istanbul,162.64,113.84799999999998,48.792,55,Fast Moving,30.000000000000004,Healthy
I230886,C193813,Male,33,Cosmetics,3,121.98,Cash,17-06-2022,Mall of Istanbul,365.94,256.15799999999996,109.78200000000004,23,Fast Moving,30.00000000000001,Healthy
I133005,C716870,Female,53,Food & Beverage,2,10.46,Cash,19-12-2021,Zorlu Center,20.92,14.644,6.276000000000002,25,Fast Moving,30.000000000000004,Healthy
I282711,C168973,Male,68,Toys,3,107.52,Cash,07-06-2022,Kanyon,322.56,225.79199999999997,96.76800000000003,9,Fast Moving,30.00000000000001,Healthy
I150266,C297748,Male,37,Toys,5,179.2,Cash,20-11-2022,Kanyon,896.0,627.1999999999999,268.80000000000007,86,Slow Moving,30.00000000000001,Healthy
I339115,C678680,Male,69,Clothing,4,1200.32,Credit Card,27-03-2021,Metrocity,4801.28,3360.8959999999997,1440.384,96,Slow Moving,30.000000000000004,Healthy
I185772,C119032,Female,40,Food & Beverage,3,15.69,Cash,13-01-2022,Mall of Istanbul,47.07,32.949,14.121000000000002,46,Fast Moving,30.000000000000004,Healthy
I122393,C134708,Female,67,Cosmetics,1,40.66,Cash,07-06-2022,Mall of Istanbul,40.66,28.461999999999996,12.198,65,Fast Moving,30.000000000000004,Healthy
I280459,C100299,Female,22,Books,1,15.15,Credit Card,23-09-2022,Metrocity,15.15,10.605,4.545,26,Fast Moving,30.0,Healthy
I912888,C214164,Female,34,Toys,4,143.36,Debit Card,17-02-2021,Kanyon,573.44,401.408,172.03200000000004,25,Fast Moving,30.000000000000004,Healthy
I238472,C299327,Female,34,Clothing,1,300.08,Cash,17-11-2021,Kanyon,300.08,210.05599999999998,90.024,74,Fast Moving,30.000000000000004,Healthy
I581146,C333988,Female,56,Clothing,5,1500.4,Cash,11-12-2022,Viaport Outlet,7502.0,5251.4,2250.6000000000004,5,Fast Moving,30.000000000000004,Healthy
I151425,C110568,Male,26,Clothing,5,1500.4,Credit Card,12-05-2022,Emaar Square Mall,7502.0,5251.4,2250.6000000000004,9,Fast Moving,30.000000000000004,Healthy
I252733,C132150,Female,69,Books,5,75.75,Credit Card,17-05-2022,Zorlu Center,378.75,265.125,113.625,109,Slow Moving,30.0,Healthy
I176351,C224260,Female,67,Clothing,2,600.16,Cash,20-02-2021,Cevahir AVM,1200.32,840.2239999999999,360.096,16,Fast Moving,30.000000000000004,Healthy
I221786,C314993,Male,61,Clothing,4,1200.32,Credit Card,15-04-2021,Metropol AVM,4801.28,3360.8959999999997,1440.384,94,Slow Moving,30.000000000000004,Healthy
I328774,C183588,Female,26,Food & Beverage,1,5.23,Cash,26-06-2021,Forum Istanbul,5.23,3.661,1.5690000000000004,50,Fast Moving,30.000000000000004,Healthy
I752293,C211763,Male,63,Clothing,4,1200.32,Cash,02-03-2023,Zorlu Center,4801.28,3360.8959999999997,1440.384,38,Fast Moving,30.000000000000004,Healthy
I106866,C246898,Female,51,Toys,4,143.36,Credit Card,10-01-2022,Zorlu Center,573.44,401.408,172.03200000000004,53,Fast Moving,30.000000000000004,Healthy
I286110,C281244,Male,60,Clothing,4,1200.32,Credit Card,11-12-2022,Metropol AVM,4801.28,3360.8959999999997,1440.384,82,Slow Moving,30.000000000000004,Healthy
I313265,C288863,Female,26,Books,1,15.15,Debit Card,17-01-2021,Viaport Outlet,15.15,10.605,4.545,94,Slow Moving,30.0,Healthy
I214882,C582997,Male,34,Souvenir,2,23.46,Credit Card,07-08-2022,Kanyon,46.92,32.844,14.076,49,Fast Moving,30.0,Healthy
I166473,C240916,Female,25,Clothing,5,1500.4,Cash,20-03-2022,Forum Istanbul,7502.0,5251.4,2250.6000000000004,31,Fast Moving,30.000000000000004,Healthy
I178412,C108007,Male,49,Shoes,5,3000.85,Debit Card,23-11-2022,Metropol AVM,15004.25,10502.974999999999,4501.2750000000015,77,Slow Moving,30.00000000000001,Healthy
I261248,C104963,Male,69,Souvenir,1,11.73,Cash,26-02-2021,Zorlu Center,11.73,8.211,3.519,30,Fast Moving,30.0,Healthy
I147152,C286640,Male,66,Books,1,15.15,Cash,18-04-2021,Kanyon,15.15,10.605,4.545,51,Fast Moving,30.0,Healthy
I531648,C156880,Male,23,Clothing,3,900.24,Cash,08-10-2022,Mall of Istanbul,2700.7200000000003,1890.5040000000001,810.2160000000001,90,Slow Moving,30.000000000000004,Healthy
I215582,C129686,Female,18,Cosmetics,4,162.64,Debit Card,29-12-2021,Cevahir AVM,650.56,455.39199999999994,195.168,115,Slow Moving,30.000000000000004,Healthy
I331938,C864800,Male,24,Cosmetics,1,40.66,Debit Card,14-07-2022,Metrocity,40.66,28.461999999999996,12.198,60,Fast Moving,30.000000000000004,Healthy
I176706,C223982,Female,39,Cosmetics,1,40.66,Cash,21-01-2021,Kanyon,40.66,28.461999999999996,12.198,98,Slow Moving,30.000000000000004,Healthy
I306370,C158827,Female,50,Shoes,4,2400.68,Credit Card,19-01-2023,Metrocity,9602.72,6721.9039999999995,2880.816,111,Slow Moving,30.0,Healthy
I894668,C253252,Male,52,Technology,1,1050.0,Credit Card,12-09-2022,Metrocity,1050.0,735.0,315.0,67,Fast Moving,30.0,Healthy
I163001,C592891,Male,56,Cosmetics,3,121.98,Cash,19-06-2021,Metrocity,365.94,256.15799999999996,109.78200000000004,52,Fast Moving,30.00000000000001,Healthy
I216555,C287380,Female,41,Clothing,1,300.08,Debit Card,15-05-2021,Metropol AVM,300.08,210.05599999999998,90.024,65,Fast Moving,30.000000000000004,Healthy
I247751,C897202,Female,21,Clothing,3,900.24,Debit Card,04-11-2021,Emaar Square Mall,2700.7200000000003,1890.5040000000001,810.2160000000001,85,Slow Moving,30.000000000000004,Healthy
I238537,C618494,Male,42,Clothing,1,300.08,Cash,05-05-2021,Forum Istanbul,300.08,210.05599999999998,90.024,30,Fast Moving,30.000000000000004,Healthy
I128275,C228922,Female,50,Clothing,2,600.16,Credit Card,30-12-2021,Metropol AVM,1200.32,840.2239999999999,360.096,40,Fast Moving,30.000000000000004,Healthy
I167097,C101074,Female,53,Clothing,2,600.16,Cash,25-09-2021,Metrocity,1200.32,840.2239999999999,360.096,5,Fast Moving,30.000000000000004,Healthy
I329721,C242798,Female,32,Technology,4,4200.0,Credit Card,01-09-2022,Kanyon,16800.0,11760.0,5040.0,12,Fast Moving,30.0,Healthy
I145120,C293612,Female,60,Clothing,4,1200.32,Debit Card,04-02-2023,Metrocity,4801.28,3360.8959999999997,1440.384,117,Slow Moving,30.000000000000004,Healthy
I339998,C299567,Male,34,Food & Beverage,3,15.69,Credit Card,17-11-2022,Zorlu Center,47.07,32.949,14.121000000000002,103,Slow Moving,30.000000000000004,Healthy
I101862,C352919,Female,24,Shoes,2,1200.34,Credit Card,02-12-2022,Viaport Outlet,2400.68,1680.4759999999999,720.204,56,Fast Moving,30.0,Healthy
I292866,C152959,Female,44,Clothing,2,600.16,Cash,06-08-2021,Viaport Outlet,1200.32,840.2239999999999,360.096,83,Slow Moving,30.000000000000004,Healthy
I244481,C104690,Female,32,Clothing,3,900.24,Debit Card,12-03-2022,Kanyon,2700.7200000000003,1890.5040000000001,810.2160000000001,51,Fast Moving,30.000000000000004,Healthy
I399156,C285884,Female,42,Food & Beverage,1,5.23,Cash,14-09-2022,Metrocity,5.23,3.661,1.5690000000000004,60,Fast Moving,30.000000000000004,Healthy
I998832,C257559,Male,23,Souvenir,2,23.46,Credit Card,21-02-2021,Metrocity,46.92,32.844,14.076,90,Slow Moving,30.0,Healthy
I228888,C261635,Male,33,Technology,1,1050.0,Cash,18-12-2022,Kanyon,1050.0,735.0,315.0,18,Fast Moving,30.0,Healthy
I304606,C316806,Male,64,Clothing,4,1200.32,Cash,07-03-2023,Metrocity,4801.28,3360.8959999999997,1440.384,94,Slow Moving,30.000000000000004,Healthy
I287543,C272133,Female,69,Clothing,5,1500.4,Cash,06-04-2021,Forum Istanbul,7502.0,5251.4,2250.6000000000004,32,Fast Moving,30.000000000000004,Healthy
I181621,C112446,Male,30,Books,3,45.45,Debit Card,03-03-2022,Cevahir AVM,136.35000000000002,95.44500000000001,40.905000000000015,91,Slow Moving,30.000000000000004,Healthy
I282516,C666466,Female,66,Books,3,45.45,Cash,10-08-2022,Viaport Outlet,136.35000000000002,95.44500000000001,40.905000000000015,82,Slow Moving,30.000000000000004,Healthy
I182260,C116531,Female,68,Food & Beverage,1,5.23,Cash,18-04-2021,Metrocity,5.23,3.661,1.5690000000000004,92,Slow Moving,30.000000000000004,Healthy
I139323,C171015,Female,48,Cosmetics,1,40.66,Cash,03-09-2022,Metrocity,40.66,28.461999999999996,12.198,6,Fast Moving,30.000000000000004,Healthy
I339366,C480735,Male,52,Clothing,5,1500.4,Cash,08-06-2021,Forum Istanbul,7502.0,5251.4,2250.6000000000004,113,Slow Moving,30.000000000000004,Healthy
I192802,C290819,Female,39,Clothing,2,600.16,Cash,25-03-2022,Metrocity,1200.32,840.2239999999999,360.096,30,Fast Moving,30.000000000000004,Healthy
I137934,C202988,Female,29,Food & Beverage,3,15.69,Credit Card,25-04-2022,Cevahir AVM,47.07,32.949,14.121000000000002,18,Fast Moving,30.000000000000004,Healthy
I322245,C306346,Female,48,Toys,4,143.36,Cash,05-06-2021,Cevahir AVM,573.44,401.408,172.03200000000004,63,Fast Moving,30.000000000000004,Healthy
I317066,C127551,Male,50,Clothing,1,300.08,Credit Card,04-01-2022,Metropol AVM,300.08,210.05599999999998,90.024,60,Fast Moving,30.000000000000004,Healthy
I907323,C794449,Male,28,Cosmetics,3,121.98,Cash,06-09-2021,Metropol AVM,365.94,256.15799999999996,109.78200000000004,119,Slow Moving,30.00000000000001,Healthy
I337976,C335131,Male,64,Food & Beverage,1,5.23,Credit Card,26-10-2021,Mall of Istanbul,5.23,3.661,1.5690000000000004,11,Fast Moving,30.000000000000004,Healthy
I174237,C289650,Female,36,Cosmetics,1,40.66,Debit Card,12-02-2023,Emaar Square Mall,40.66,28.461999999999996,12.198,7,Fast Moving,30.000000000000004,Healthy
I231403,C230619,Male,64,Cosmetics,5,203.3,Cash,06-02-2023,Mall of Istanbul,1016.5,711.55,304.95000000000005,115,Slow Moving,30.000000000000004,Healthy
I115471,C832397,Female,54,Clothing,5,1500.4,Credit Card,06-11-2021,Metropol AVM,7502.0,5251.4,2250.6000000000004,27,Fast Moving,30.000000000000004,Healthy
I592836,C277384,Female,31,Cosmetics,1,40.66,Cash,18-06-2022,Metrocity,40.66,28.461999999999996,12.198,114,Slow Moving,30.000000000000004,Healthy
I317840,C296318,Male,49,Clothing,2,600.16,Cash,10-02-2023,Kanyon,1200.32,840.2239999999999,360.096,111,Slow Moving,30.000000000000004,Healthy
I153468,C813874,Female,51,Clothing,3,900.24,Credit Card,25-09-2022,Viaport Outlet,2700.7200000000003,1890.5040000000001,810.2160000000001,115,Slow Moving,30.000000000000004,Healthy
I120560,C291970,Male,37,Clothing,3,900.24,Cash,28-12-2022,Metropol AVM,2700.7200000000003,1890.5040000000001,810.2160000000001,113,Slow Moving,30.000000000000004,Healthy
I208105,C524507,Male,52,Clothing,3,900.24,Credit Card,26-10-2021,Istinye Park,2700.7200000000003,1890.5040000000001,810.2160000000001,22,Fast Moving,30.000000000000004,Healthy
I565725,C230270,Female,64,Shoes,3,1800.51,Cash,24-06-2021,Viaport Outlet,5401.53,3781.0709999999995,1620.4590000000003,42,Fast Moving,30.000000000000004,Healthy
I858783,C307870,Female,65,Shoes,3,1800.51,Credit Card,02-02-2022,Kanyon,5401.53,3781.0709999999995,1620.4590000000003,103,Slow Moving,30.000000000000004,Healthy
I168315,C294623,Female,53,Shoes,3,1800.51,Cash,16-06-2021,Mall of Istanbul,5401.53,3781.0709999999995,1620.4590000000003,119,Slow Moving,30.000000000000004,Healthy
I146548,C205178,Male,30,Clothing,4,1200.32,Cash,19-07-2022,Metropol AVM,4801.28,3360.8959999999997,1440.384,19,Fast Moving,30.000000000000004,Healthy
I115242,C264585,Male,52,Clothing,4,1200.32,Debit Card,01-11-2022,Istinye Park,4801.28,3360.8959999999997,1440.384,68,Fast Moving,30.000000000000004,Healthy
I761759,C145059,Male,32,Toys,2,71.68,Credit Card,06-09-2021,Mall of Istanbul,143.36,100.352,43.00800000000001,93,Slow Moving,30.000000000000004,Healthy
I278595,C158616,Male,40,Food & Beverage,3,15.69,Credit Card,09-06-2021,Emaar Square Mall,47.07,32.949,14.121000000000002,105,Slow Moving,30.000000000000004,Healthy
I230790,C955218,Female,53,Clothing,3,900.24,Debit Card,06-02-2022,Kanyon,2700.7200000000003,1890.5040000000001,810.2160000000001,32,Fast Moving,30.000000000000004,Healthy
I187777,C710954,Male,39,Clothing,3,900.24,Credit Card,30-04-2021,Zorlu Center,2700.7200000000003,1890.5040000000001,810.2160000000001,78,Slow Moving,30.000000000000004,Healthy
I204421,C947516,Female,56,Cosmetics,5,203.3,Credit Card,15-11-2021,Metrocity,1016.5,711.55,304.95000000000005,43,Fast Moving,30.000000000000004,Healthy
I186346,C305734,Female,19,Shoes,2,1200.34,Credit Card,21-01-2021,Metrocity,2400.68,1680.4759999999999,720.204,61,Fast Moving,30.0,Healthy
I214442,C539840,Male,19,Cosmetics,3,121.98,Debit Card,15-07-2021,Kanyon,365.94,256.15799999999996,109.78200000000004,21,Fast Moving,30.00000000000001,Healthy
I271973,C251005,Female,67,Clothing,5,1500.4,Credit Card,18-08-2021,Istinye Park,7502.0,5251.4,2250.6000000000004,107,Slow Moving,30.000000000000004,Healthy
I168925,C136395,Female,59,Technology,3,3150.0,Debit Card,01-05-2022,Metrocity,9450.0,6615.0,2835.0,90,Slow Moving,30.0,Healthy
I124379,C898202,Male,63,Books,3,45.45,Credit Card,15-10-2021,Metrocity,136.35000000000002,95.44500000000001,40.905000000000015,94,Slow Moving,30.000000000000004,Healthy
I221646,C320598,Male,68,Clothing,1,300.08,Debit Card,15-02-2021,Metrocity,300.08,210.05599999999998,90.024,48,Fast Moving,30.000000000000004,Healthy
I209913,C339508,Male,23,Books,2,30.3,Credit Card,28-09-2022,Emaar Square Mall,60.6,42.42,18.18,29,Fast Moving,30.0,Healthy
I110823,C334518,Female,47,Clothing,1,300.08,Credit Card,03-04-2022,Metrocity,300.08,210.05599999999998,90.024,21,Fast Moving,30.000000000000004,Healthy
I241386,C307477,Female,25,Clothing,2,600.16,Cash,29-03-2021,Mall of Istanbul,1200.32,840.2239999999999,360.096,17,Fast Moving,30.000000000000004,Healthy
I113342,C238833,Male,22,Clothing,4,1200.32,Credit Card,31-01-2022,Forum Istanbul,4801.28,3360.8959999999997,1440.384,88,Slow Moving,30.000000000000004,Healthy
I189839,C135301,Female,60,Food & Beverage,2,10.46,Cash,24-12-2022,Forum Istanbul,20.92,14.644,6.276000000000002,29,Fast Moving,30.000000000000004,Healthy
I288734,C993876,Female,38,Clothing,4,1200.32,Debit Card,07-03-2023,Kanyon,4801.28,3360.8959999999997,1440.384,72,Fast Moving,30.000000000000004,Healthy
I241628,C512698,Male,59,Cosmetics,3,121.98,Credit Card,17-03-2021,Metropol AVM,365.94,256.15799999999996,109.78200000000004,14,Fast Moving,30.00000000000001,Healthy
I312437,C618730,Male,20,Clothing,5,1500.4,Credit Card,13-05-2021,Emaar Square Mall,7502.0,5251.4,2250.6000000000004,71,Fast Moving,30.000000000000004,Healthy
I206043,C187608,Female,62,Clothing,1,300.08,Credit Card,09-12-2021,Metrocity,300.08,210.05599999999998,90.024,109,Slow Moving,30.000000000000004,Healthy
I448589,C955533,Female,56,Cosmetics,2,81.32,Debit Card,26-02-2022,Mall of Istanbul,162.64,113.84799999999998,48.792,113,Slow Moving,30.000000000000004,Healthy
I225004,C195673,Female,41,Food & Beverage,3,15.69,Debit Card,06-06-2021,Metropol AVM,47.07,32.949,14.121000000000002,22,Fast Moving,30.000000000000004,Healthy
I295604,C327796,Female,39,Shoes,3,1800.51,Credit Card,07-06-2021,Metropol AVM,5401.53,3781.0709999999995,1620.4590000000003,115,Slow Moving,30.000000000000004,Healthy
I233412,C524469,Female,47,Clothing,1,300.08,Credit Card,08-05-2021,Zorlu Center,300.08,210.05599999999998,90.024,104,Slow Moving,30.000000000000004,Healthy
I246405,C105429,Female,55,Food & Beverage,1,5.23,Debit Card,04-08-2021,Istinye Park,5.23,3.661,1.5690000000000004,115,Slow Moving,30.000000000000004,Healthy
I330145,C304866,Female,30,Clothing,3,900.24,Credit Card,16-09-2021,Kanyon,2700.7200000000003,1890.5040000000001,810.2160000000001,90,Slow Moving,30.000000000000004,Healthy
I730781,C304326,Male,34,Clothing,5,1500.4,Debit Card,31-03-2022,Istinye Park,7502.0,5251.4,2250.6000000000004,38,Fast Moving,30.000000000000004,Healthy
I258797,C773181,Female,53,Souvenir,5,58.65,Cash,14-08-2022,Metropol AVM,293.25,205.27499999999998,87.97500000000002,115,Slow Moving,30.00000000000001,Healthy
I140019,C467287,Female,24,Shoes,4,2400.68,Cash,16-09-2021,Metrocity,9602.72,6721.9039999999995,2880.816,12,Fast Moving,30.0,Healthy
I299140,C339114,Male,61,Shoes,5,3000.85,Cash,28-06-2022,Metropol AVM,15004.25,10502.974999999999,4501.2750000000015,44,Fast Moving,30.00000000000001,Healthy
I145354,C299514,Female,32,Clothing,5,1500.4,Debit Card,29-12-2021,Metrocity,7502.0,5251.4,2250.6000000000004,117,Slow Moving,30.000000000000004,Healthy
I212471,C163011,Female,51,Cosmetics,1,40.66,Debit Card,24-07-2022,Kanyon,40.66,28.461999999999996,12.198,112,Slow Moving,30.000000000000004,Healthy
I980023,C120118,Male,55,Cosmetics,5,203.3,Credit Card,20-01-2023,Metrocity,1016.5,711.55,304.95000000000005,87,Slow Moving,30.000000000000004,Healthy
I179118,C157064,Female,49,Souvenir,5,58.65,Debit Card,27-04-2021,Kanyon,293.25,205.27499999999998,87.97500000000002,46,Fast Moving,30.00000000000001,Healthy
I242660,C670293,Female,26,Food & Beverage,5,26.15,Credit Card,21-04-2021,Cevahir AVM,130.75,91.52499999999999,39.22500000000001,45,Fast Moving,30.000000000000004,Healthy
I488609,C210060,Female,56,Shoes,3,1800.51,Credit Card,17-02-2022,Metropol AVM,5401.53,3781.0709999999995,1620.4590000000003,105,Slow Moving,30.000000000000004,Healthy
I184493,C254397,Male,60,Technology,4,4200.0,Cash,01-10-2022,Mall of Istanbul,16800.0,11760.0,5040.0,10,Fast Moving,30.0,Healthy
I178572,C287355,Male,43,Food & Beverage,1,5.23,Cash,06-05-2021,Metrocity,5.23,3.661,1.5690000000000004,56,Fast Moving,30.000000000000004,Healthy
I275274,C175467,Female,69,Souvenir,2,23.46,Cash,22-10-2022,Viaport Outlet,46.92,32.844,14.076,30,Fast Moving,30.0,Healthy
I266960,C109885,Male,49,Souvenir,5,58.65,Cash,10-05-2022,Metropol AVM,293.25,205.27499999999998,87.97500000000002,68,Fast Moving,30.00000000000001,Healthy
I282582,C119723,Female,55,Toys,5,179.2,Cash,07-06-2021,Istinye Park,896.0,627.1999999999999,268.80000000000007,102,Slow Moving,30.00000000000001,Healthy
I225839,C838257,Male,63,Cosmetics,2,81.32,Debit Card,28-12-2022,Zorlu Center,162.64,113.84799999999998,48.792,63,Fast Moving,30.000000000000004,Healthy
I756230,C846690,Male,36,Toys,3,107.52,Debit Card,26-12-2021,Istinye Park,322.56,225.79199999999997,96.76800000000003,60,Fast Moving,30.00000000000001,Healthy
I339525,C185502,Female,28,Clothing,5,1500.4,Credit Card,22-08-2021,Istinye Park,7502.0,5251.4,2250.6000000000004,63,Fast Moving,30.000000000000004,Healthy
I232626,C176854,Male,45,Cosmetics,3,121.98,Credit Card,20-02-2021,Emaar Square Mall,365.94,256.15799999999996,109.78200000000004,113,Slow Moving,30.00000000000001,Healthy
I291779,C184727,Male,67,Clothing,2,600.16,Cash,21-10-2021,Viaport Outlet,1200.32,840.2239999999999,360.096,74,Fast Moving,30.000000000000004,Healthy
I224157,C551975,Female,46,Cosmetics,3,121.98,Cash,22-03-2022,Cevahir AVM,365.94,256.15799999999996,109.78200000000004,105,Slow Moving,30.00000000000001,Healthy
I245816,C310676,Female,59,Clothing,5,1500.4,Debit Card,19-01-2023,Emaar Square Mall,7502.0,5251.4,2250.6000000000004,37,Fast Moving,30.000000000000004,Healthy
I907658,C107258,Female,65,Shoes,1,600.17,Cash,26-04-2022,Mall of Istanbul,600.17,420.11899999999997,180.051,57,Fast Moving,30.0,Healthy
I317125,C845711,Female,34,Books,2,30.3,Credit Card,30-01-2023,Kanyon,60.6,42.42,18.18,26,Fast Moving,30.0,Healthy
I145770,C709824,Female,68,Technology,4,4200.0,Debit Card,06-01-2023,Emaar Square Mall,16800.0,11760.0,5040.0,25,Fast Moving,30.0,Healthy
I252778,C339202,Female,50,Shoes,1,600.17,Debit Card,12-07-2022,Istinye Park,600.17,420.11899999999997,180.051,74,Fast Moving,30.0,Healthy
I364470,C162162,Male,30,Shoes,2,1200.34,Cash,24-01-2023,Istinye Park,2400.68,1680.4759999999999,720.204,74,Fast Moving,30.0,Healthy
I592896,C108465,Male,35,Clothing,4,1200.32,Debit Card,05-02-2021,Zorlu Center,4801.28,3360.8959999999997,1440.384,116,Slow Moving,30.000000000000004,Healthy
I639644,C682985,Male,54,Clothing,2,600.16,Debit Card,23-07-2022,Kanyon,1200.32,840.2239999999999,360.096,8,Fast Moving,30.000000000000004,Healthy
I148485,C309367,Male,20,Food & Beverage,1,5.23,Cash,15-02-2021,Metropol AVM,5.23,3.661,1.5690000000000004,98,Slow Moving,30.000000000000004,Healthy
I271886,C218573,Female,58,Cosmetics,2,81.32,Credit Card,14-05-2022,Emaar Square Mall,162.64,113.84799999999998,48.792,79,Slow Moving,30.000000000000004,Healthy
I185724,C175732,Male,31,Toys,1,35.84,Cash,27-04-2021,Istinye Park,35.84,25.088,10.752000000000002,66,Fast Moving,30.000000000000004,Healthy
I623959,C103461,Female,29,Cosmetics,2,81.32,Cash,09-09-2021,Metropol AVM,162.64,113.84799999999998,48.792,66,Fast Moving,30.000000000000004,Healthy
I222357,C249679,Male,47,Souvenir,1,11.73,Cash,15-08-2022,Metropol AVM,11.73,8.211,3.519,98,Slow Moving,30.0,Healthy
I148614,C178845,Female,18,Shoes,1,600.17,Cash,17-04-2021,Mall of Istanbul,600.17,420.11899999999997,180.051,99,Slow Moving,30.0,Healthy
I813784,C177475,Female,20,Technology,2,2100.0,Credit Card,27-08-2022,Forum Istanbul,4200.0,2940.0,1260.0,28,Fast Moving,30.0,Healthy
I211758,C267852,Female,50,Clothing,1,300.08,Debit Card,21-02-2022,Cevahir AVM,300.08,210.05599999999998,90.024,59,Fast Moving,30.000000000000004,Healthy
I270546,C194974,Male,47,Cosmetics,4,162.64,Cash,14-06-2022,Kanyon,650.56,455.39199999999994,195.168,13,Fast Moving,30.000000000000004,Healthy
I891663,C128277,Male,48,Cosmetics,5,203.3,Credit Card,24-12-2022,Cevahir AVM,1016.5,711.55,304.95000000000005,7,Fast Moving,30.000000000000004,Healthy
I162663,C502572,Male,35,Shoes,3,1800.51,Credit Card,03-01-2022,Metrocity,5401.53,3781.0709999999995,1620.4590000000003,119,Slow Moving,30.000000000000004,Healthy
I252732,C337111,Female,50,Technology,1,1050.0,Credit Card,03-12-2022,Mall of Istanbul,1050.0,735.0,315.0,35,Fast Moving,30.0,Healthy
I823227,C243037,Female,41,Clothing,4,1200.32,Cash,27-05-2022,Metrocity,4801.28,3360.8959999999997,1440.384,44,Fast Moving,30.000000000000004,Healthy
I185731,C334686,Female,27,Clothing,1,300.08,Credit Card,10-03-2022,Zorlu Center,300.08,210.05599999999998,90.024,105,Slow Moving,30.000000000000004,Healthy
I309813,C265568,Female,64,Food & Beverage,2,10.46,Credit Card,19-12-2021,Mall of Istanbul,20.92,14.644,6.276000000000002,40,Fast Moving,30.000000000000004,Healthy
I255891,C335904,Male,42,Technology,5,5250.0,Debit Card,03-04-2022,Istinye Park,26250.0,18375.0,7875.0,28,Fast Moving,30.0,Healthy
I144011,C119157,Female,22,Cosmetics,4,162.64,Credit Card,05-03-2021,Mall of Istanbul,650.56,455.39199999999994,195.168,99,Slow Moving,30.000000000000004,Healthy
I291710,C559217,Female,64,Clothing,2,600.16,Cash,03-10-2022,Kanyon,1200.32,840.2239999999999,360.096,10,Fast Moving,30.000000000000004,Healthy
I163500,C280866,Male,59,Shoes,5,3000.85,Debit Card,30-07-2022,Kanyon,15004.25,10502.974999999999,4501.2750000000015,70,Fast Moving,30.00000000000001,Healthy
I107888,C574590,Female,53,Clothing,3,900.24,Debit Card,08-02-2021,Kanyon,2700.7200000000003,1890.5040000000001,810.2160000000001,88,Slow Moving,30.000000000000004,Healthy
I977597,C919190,Male,29,Cosmetics,1,40.66,Credit Card,05-12-2022,Mall of Istanbul,40.66,28.461999999999996,12.198,96,Slow Moving,30.000000000000004,Healthy
I283132,C185049,Female,30,Clothing,2,600.16,Credit Card,02-03-2022,Metrocity,1200.32,840.2239999999999,360.096,79,Slow Moving,30.000000000000004,Healthy
I637087,C295880,Female,50,Clothing,5,1500.4,Cash,12-02-2023,Kanyon,7502.0,5251.4,2250.6000000000004,8,Fast Moving,30.000000000000004,Healthy
I335650,C245681,Female,42,Clothing,5,1500.4,Credit Card,30-01-2023,Mall of Istanbul,7502.0,5251.4,2250.6000000000004,83,Slow Moving,30.000000000000004,Healthy
I259858,C316015,Male,23,Clothing,4,1200.32,Cash,27-11-2021,Mall of Istanbul,4801.28,3360.8959999999997,1440.384,10,Fast Moving,30.000000000000004,Healthy
I214598,C111244,Female,41,Cosmetics,1,40.66,Cash,02-03-2021,Kanyon,40.66,28.461999999999996,12.198,117,Slow Moving,30.000000000000004,Healthy
I309383,C716683,Male,29,Cosmetics,4,162.64,Debit Card,22-10-2021,Istinye Park,650.56,455.39199999999994,195.168,98,Slow Moving,30.000000000000004,Healthy
I228443,C201036,Female,59,Clothing,4,1200.32,Debit Card,21-07-2021,Kanyon,4801.28,3360.8959999999997,1440.384,106,Slow Moving,30.000000000000004,Healthy
I111221,C136714,Female,34,Clothing,5,1500.4,Debit Card,02-02-2022,Kanyon,7502.0,5251.4,2250.6000000000004,55,Fast Moving,30.000000000000004,Healthy
I205645,C310969,Female,22,Cosmetics,1,40.66,Cash,13-06-2022,Metrocity,40.66,28.461999999999996,12.198,66,Fast Moving,30.000000000000004,Healthy
I296120,C750093,Male,34,Clothing,2,600.16,Cash,10-02-2023,Metrocity,1200.32,840.2239999999999,360.096,61,Fast Moving,30.000000000000004,Healthy
I317106,C521028,Female,69,Toys,3,107.52,Credit Card,27-09-2022,Metrocity,322.56,225.79199999999997,96.76800000000003,70,Fast Moving,30.00000000000001,Healthy
I300868,C311482,Male,61,Technology,3,3150.0,Cash,28-01-2021,Metropol AVM,9450.0,6615.0,2835.0,83,Slow Moving,30.0,Healthy
I254078,C122157,Female,44,Shoes,3,1800.51,Cash,28-05-2021,Kanyon,5401.53,3781.0709999999995,1620.4590000000003,79,Slow Moving,30.000000000000004,Healthy
I158508,C369937,Female,64,Technology,3,3150.0,Cash,06-06-2022,Mall of Istanbul,9450.0,6615.0,2835.0,12,Fast Moving,30.0,Healthy
I120038,C228472,Female,40,Clothing,4,1200.32,Cash,25-10-2021,Metrocity,4801.28,3360.8959999999997,1440.384,30,Fast Moving,30.000000000000004,Healthy
I208560,C209723,Male,58,Cosmetics,5,203.3,Cash,23-11-2021,Istinye Park,1016.5,711.55,304.95000000000005,55,Fast Moving,30.000000000000004,Healthy
I223532,C160421,Male,23,Toys,5,179.2,Credit Card,22-09-2021,Istinye Park,896.0,627.1999999999999,268.80000000000007,49,Fast Moving,30.00000000000001,Healthy
I236697,C162397,Male,36,Shoes,3,1800.51,Cash,24-02-2021,Metropol AVM,5401.53,3781.0709999999995,1620.4590000000003,48,Fast Moving,30.000000000000004,Healthy
I129022,C940481,Female,64,Souvenir,2,23.46,Cash,29-04-2022,Kanyon,46.92,32.844,14.076,9,Fast Moving,30.0,Healthy
I312175,C314546,Female,60,Cosmetics,3,121.98,Cash,06-11-2021,Mall of Istanbul,365.94,256.15799999999996,109.78200000000004,74,Fast Moving,30.00000000000001,Healthy
I780362,C271866,Male,39,Cosmetics,1,40.66,Debit Card,12-06-2021,Metrocity,40.66,28.461999999999996,12.198,30,Fast Moving,30.000000000000004,Healthy
I311659,C164577,Male,65,Food & Beverage,3,15.69,Debit Card,19-07-2022,Metropol AVM,47.07,32.949,14.121000000000002,72,Fast Moving,30.000000000000004,Healthy
I279882,C240837,Male,66,Cosmetics,5,203.3,Debit Card,03-06-2022,Metropol AVM,1016.5,711.55,304.95000000000005,23,Fast Moving,30.000000000000004,Healthy
I324650,C159771,Male,52,Souvenir,1,11.73,Cash,20-08-2022,Kanyon,11.73,8.211,3.519,88,Slow Moving,30.0,Healthy
I760012,C126598,Male,33,Shoes,5,3000.85,Cash,06-02-2022,Forum Istanbul,15004.25,10502.974999999999,4501.2750000000015,101,Slow Moving,30.00000000000001,Healthy
I139536,C882358,Male,63,Food & Beverage,2,10.46,Debit Card,09-11-2021,Mall of Istanbul,20.92,14.644,6.276000000000002,24,Fast Moving,30.000000000000004,Healthy
I500621,C189942,Female,23,Books,4,60.6,Cash,20-02-2021,Istinye Park,242.4,169.68,72.72,117,Slow Moving,30.0,Healthy
I227528,C187110,Female,27,Clothing,4,1200.32,Debit Card,17-01-2023,Istinye Park,4801.28,3360.8959999999997,1440.384,16,Fast Moving,30.000000000000004,Healthy
I165544,C388552,Female,22,Food & Beverage,4,20.92,Credit Card,04-04-2021,Metrocity,83.68,58.576,25.104000000000006,51,Fast Moving,30.000000000000004,Healthy
I587552,C110267,Male,23,Clothing,4,1200.32,Debit Card,25-03-2022,Kanyon,4801.28,3360.8959999999997,1440.384,5,Fast Moving,30.000000000000004,Healthy
I170036,C176312,Male,38,Souvenir,3,35.19,Cash,17-08-2021,Metropol AVM,105.57,73.89899999999999,31.671000000000006,94,Slow Moving,30.00000000000001,Healthy
I135321,C863183,Male,57,Food & Beverage,1,5.23,Cash,05-08-2021,Mall of Istanbul,5.23,3.661,1.5690000000000004,18,Fast Moving,30.000000000000004,Healthy
I679052,C294679,Male,21,Cosmetics,2,81.32,Cash,15-12-2021,Mall of Istanbul,162.64,113.84799999999998,48.792,68,Fast Moving,30.000000000000004,Healthy
I292262,C539974,Female,33,Souvenir,4,46.92,Cash,09-05-2022,Istinye Park,187.68,131.376,56.304,42,Fast Moving,30.0,Healthy
I419999,C317223,Male,34,Food & Beverage,4,20.92,Credit Card,05-08-2022,Forum Istanbul,83.68,58.576,25.104000000000006,41,Fast Moving,30.000000000000004,Healthy
I144681,C208844,Male,69,Toys,1,35.84,Credit Card,18-09-2022,Emaar Square Mall,35.84,25.088,10.752000000000002,15,Fast Moving,30.000000000000004,Healthy
I252554,C130720,Male,66,Cosmetics,2,81.32,Credit Card,19-08-2021,Emaar Square Mall,162.64,113.84799999999998,48.792,104,Slow Moving,30.000000000000004,Healthy
I204623,C256755,Female,46,Clothing,3,900.24,Cash,21-08-2022,Mall of Istanbul,2700.7200000000003,1890.5040000000001,810.2160000000001,81,Slow Moving,30.000000000000004,Healthy
I212186,C222250,Male,36,Food & Beverage,3,15.69,Credit Card,15-02-2021,Kanyon,47.07,32.949,14.121000000000002,111,Slow Moving,30.000000000000004,Healthy
I435093,C461133,Female,64,Food & Beverage,4,20.92,Debit Card,28-06-2021,Kanyon,83.68,58.576,25.104000000000006,7,Fast Moving,30.000000000000004,Healthy
I251648,C200881,Male,53,Shoes,3,1800.51,Cash,29-05-2021,Kanyon,5401.53,3781.0709999999995,1620.4590000000003,37,Fast Moving,30.000000000000004,Healthy
I156107,C164916,Male,66,Cosmetics,1,40.66,Credit Card,14-07-2021,Istinye Park,40.66,28.461999999999996,12.198,10,Fast Moving,30.000000000000004,Healthy
I160481,C143944,Female,19,Shoes,1,600.17,Credit Card,31-12-2021,Mall of Istanbul,600.17,420.11899999999997,180.051,54,Fast Moving,30.0,Healthy
I134879,C184428,Female,55,Souvenir,5,58.65,Cash,03-09-2022,Kanyon,293.25,205.27499999999998,87.97500000000002,14,Fast Moving,30.00000000000001,Healthy
I139920,C229001,Male,50,Food & Beverage,5,26.15,Credit Card,27-09-2022,Metropol AVM,130.75,91.52499999999999,39.22500000000001,9,Fast Moving,30.000000000000004,Healthy
I289344,C197522,Male,39,Cosmetics,4,162.64,Credit Card,17-01-2023,Emaar Square Mall,650.56,455.39199999999994,195.168,27,Fast Moving,30.000000000000004,Healthy
I281376,C299443,Male,64,Shoes,4,2400.68,Credit Card,07-10-2021,Mall of Istanbul,9602.72,6721.9039999999995,2880.816,14,Fast Moving,30.0,Healthy
I169319,C151752,Male,22,Books,4,60.6,Debit Card,03-06-2022,Metropol AVM,242.4,169.68,72.72,48,Fast Moving,30.0,Healthy
I328845,C582235,Female,49,Technology,5,5250.0,Debit Card,24-05-2021,Mall of Istanbul,26250.0,18375.0,7875.0,6,Fast Moving,30.0,Healthy
I228840,C128660,Female,45,Clothing,2,600.16,Credit Card,05-03-2023,Kanyon,1200.32,840.2239999999999,360.096,17,Fast Moving,30.000000000000004,Healthy
I227550,C212483,Male,52,Toys,5,179.2,Cash,12-12-2022,Metrocity,896.0,627.1999999999999,268.80000000000007,44,Fast Moving,30.00000000000001,Healthy
I223232,C523660,Male,42,Clothing,1,300.08,Cash,25-08-2022,Metrocity,300.08,210.05599999999998,90.024,6,Fast Moving,30.000000000000004,Healthy
I161152,C432354,Male,55,Cosmetics,2,81.32,Cash,11-02-2021,Mall of Istanbul,162.64,113.84799999999998,48.792,88,Slow Moving,30.000000000000004,Healthy
I395632,C183706,Male,63,Toys,2,71.68,Cash,14-05-2022,Kanyon,143.36,100.352,43.00800000000001,69,Fast Moving,30.000000000000004,Healthy
I201969,C211766,Female,32,Food & Beverage,5,26.15,Credit Card,03-12-2021,Forum Istanbul,130.75,91.52499999999999,39.22500000000001,67,Fast Moving,30.000000000000004,Healthy
I271715,C271297,Female,49,Clothing,5,1500.4,Cash,02-01-2021,Metropol AVM,7502.0,5251.4,2250.6000000000004,105,Slow Moving,30.000000000000004,Healthy
I682326,C307855,Female,24,Technology,5,5250.0,Cash,25-10-2021,Mall of Istanbul,26250.0,18375.0,7875.0,77,Slow Moving,30.0,Healthy
I175726,C130682,Female,37,Clothing,2,600.16,Cash,16-07-2021,Metrocity,1200.32,840.2239999999999,360.096,21,Fast Moving,30.000000000000004,Healthy
I885734,C105423,Female,41,Clothing,1,300.08,Cash,26-10-2021,Kanyon,300.08,210.05599999999998,90.024,13,Fast Moving,30.000000000000004,Healthy
I133667,C193454,Female,39,Toys,3,107.52,Debit Card,30-01-2022,Viaport Outlet,322.56,225.79199999999997,96.76800000000003,79,Slow Moving,30.00000000000001,Healthy
I420393,C170711,Male,19,Shoes,4,2400.68,Debit Card,02-05-2021,Metrocity,9602.72,6721.9039999999995,2880.816,19,Fast Moving,30.0,Healthy
I313796,C399735,Female,59,Clothing,2,600.16,Cash,23-12-2021,Mall of Istanbul,1200.32,840.2239999999999,360.096,28,Fast Moving,30.000000000000004,Healthy
I133368,C330736,Female,68,Souvenir,4,46.92,Debit Card,15-05-2022,Mall of Istanbul,187.68,131.376,56.304,42,Fast Moving,30.0,Healthy
I788763,C200345,Female,52,Toys,3,107.52,Credit Card,19-10-2021,Kanyon,322.56,225.79199999999997,96.76800000000003,39,Fast Moving,30.00000000000001,Healthy
I205094,C101897,Female,60,Clothing,4,1200.32,Cash,09-06-2021,Emaar Square Mall,4801.28,3360.8959999999997,1440.384,98,Slow Moving,30.000000000000004,Healthy
I197681,C106311,Male,39,Clothing,2,600.16,Credit Card,15-03-2022,Metrocity,1200.32,840.2239999999999,360.096,99,Slow Moving,30.000000000000004,Healthy
I133290,C334601,Female,26,Clothing,5,1500.4,Cash,08-01-2023,Metrocity,7502.0,5251.4,2250.6000000000004,53,Fast Moving,30.000000000000004,Healthy
I239562,C294370,Female,33,Clothing,2,600.16,Credit Card,21-02-2022,Kanyon,1200.32,840.2239999999999,360.096,73,Fast Moving,30.000000000000004,Healthy
I267453,C189027,Male,57,Clothing,5,1500.4,Credit Card,31-03-2021,Emaar Square Mall,7502.0,5251.4,2250.6000000000004,66,Fast Moving,30.000000000000004,Healthy
I305557,C278541,Female,52,Food & Beverage,5,26.15,Credit Card,04-04-2022,Forum Istanbul,130.75,91.52499999999999,39.22500000000001,64,Fast Moving,30.000000000000004,Healthy
I151666,C274501,Female,26,Food & Beverage,2,10.46,Cash,11-10-2021,Cevahir AVM,20.92,14.644,6.276000000000002,112,Slow Moving,30.000000000000004,Healthy
I208609,C221164,Male,63,Clothing,1,300.08,Credit Card,27-01-2021,Mall of Istanbul,300.08,210.05599999999998,90.024,54,Fast Moving,30.000000000000004,Healthy
I140001,C260060,Female,33,Souvenir,4,46.92,Debit Card,23-09-2021,Metrocity,187.68,131.376,56.304,82,Slow Moving,30.0,Healthy
I340342,C295466,Male,55,Food & Beverage,1,5.23,Cash,04-03-2023,Metrocity,5.23,3.661,1.5690000000000004,79,Slow Moving,30.000000000000004,Healthy
I186496,C145650,Female,26,Cosmetics,4,162.64,Cash,16-08-2022,Metropol AVM,650.56,455.39199999999994,195.168,13,Fast Moving,30.000000000000004,Healthy
I280022,C787279,Female,67,Clothing,5,1500.4,Cash,05-06-2021,Zorlu Center,7502.0,5251.4,2250.6000000000004,38,Fast Moving,30.000000000000004,Healthy
I171740,C279904,Male,64,Clothing,3,900.24,Credit Card,29-11-2021,Kanyon,2700.7200000000003,1890.5040000000001,810.2160000000001,80,Slow Moving,30.000000000000004,Healthy
I421240,C382952,Male,18,Souvenir,2,23.46,Credit Card,28-01-2023,Istinye Park,46.92,32.844,14.076,103,Slow Moving,30.0,Healthy
I148062,C223465,Female,57,Cosmetics,5,203.3,Cash,23-12-2021,Kanyon,1016.5,711.55,304.95000000000005,39,Fast Moving,30.000000000000004,Healthy
I416352,C373731,Female,40,Food & Beverage,3,15.69,Credit Card,12-05-2022,Viaport Outlet,47.07,32.949,14.121000000000002,5,Fast Moving,30.000000000000004,Healthy
I163397,C224169,Male,46,Food & Beverage,1,5.23,Credit Card,19-05-2022,Kanyon,5.23,3.661,1.5690000000000004,44,Fast Moving,30.000000000000004,Healthy
I235220,C276445,Male,21,Clothing,2,600.16,Credit Card,04-10-2021,Mall of Istanbul,1200.32,840.2239999999999,360.096,68,Fast Moving,30.000000000000004,Healthy
I143441,C194327,Female,48,Toys,4,143.36,Debit Card,22-11-2021,Metrocity,573.44,401.408,172.03200000000004,26,Fast Moving,30.000000000000004,Healthy
I205540,C232136,Male,24,Clothing,2,600.16,Credit Card,02-06-2021,Metrocity,1200.32,840.2239999999999,360.096,64,Fast Moving,30.000000000000004,Healthy
I236726,C186023,Male,69,Toys,2,71.68,Cash,12-10-2021,Viaport Outlet,143.36,100.352,43.00800000000001,68,Fast Moving,30.000000000000004,Healthy
I156867,C336395,Female,45,Food & Beverage,5,26.15,Credit Card,12-12-2021,Emaar Square Mall,130.75,91.52499999999999,39.22500000000001,97,Slow Moving,30.000000000000004,Healthy
I109824,C183611,Female,59,Clothing,1,300.08,Cash,20-09-2021,Mall of Istanbul,300.08,210.05599999999998,90.024,76,Slow Moving,30.000000000000004,Healthy
I179626,C425857,Male,43,Clothing,1,300.08,Credit Card,04-03-2022,Mall of Istanbul,300.08,210.05599999999998,90.024,15,Fast Moving,30.000000000000004,Healthy
I304932,C935162,Female,47,Clothing,2,600.16,Cash,21-12-2022,Istinye Park,1200.32,840.2239999999999,360.096,109,Slow Moving,30.000000000000004,Healthy
I336420,C858254,Male,33,Cosmetics,2,81.32,Cash,24-04-2022,Metrocity,162.64,113.84799999999998,48.792,105,Slow Moving,30.000000000000004,Healthy
I697021,C284961,Male,69,Shoes,5,3000.85,Cash,11-03-2022,Forum Istanbul,15004.25,10502.974999999999,4501.2750000000015,18,Fast Moving,30.00000000000001,Healthy
I656719,C216268,Male,57,Clothing,3,900.24,Cash,27-12-2022,Forum Istanbul,2700.7200000000003,1890.5040000000001,810.2160000000001,64,Fast Moving,30.000000000000004,Healthy
I642158,C257213,Female,46,Clothing,4,1200.32,Credit Card,05-07-2021,Metrocity,4801.28,3360.8959999999997,1440.384,34,Fast Moving,30.000000000000004,Healthy
I875030,C241204,Male,48,Books,1,15.15,Credit Card,20-10-2021,Mall of Istanbul,15.15,10.605,4.545,39,Fast Moving,30.0,Healthy
I136612,C182933,Male,30,Cosmetics,4,162.64,Debit Card,03-02-2022,Metrocity,650.56,455.39199999999994,195.168,89,Slow Moving,30.000000000000004,Healthy
I158638,C261165,Female,18,Clothing,5,1500.4,Cash,22-10-2022,Mall of Istanbul,7502.0,5251.4,2250.6000000000004,41,Fast Moving,30.000000000000004,Healthy
I201067,C876858,Male,49,Food & Beverage,2,10.46,Credit Card,12-10-2021,Kanyon,20.92,14.644,6.276000000000002,9,Fast Moving,30.000000000000004,Healthy
I189042,C215484,Female,43,Clothing,4,1200.32,Debit Card,12-01-2022,Kanyon,4801.28,3360.8959999999997,1440.384,87,Slow Moving,30.000000000000004,Healthy
I132312,C313275,Female,34,Souvenir,5,58.65,Cash,14-01-2023,Kanyon,293.25,205.27499999999998,87.97500000000002,82,Slow Moving,30.00000000000001,Healthy
I114009,C334382,Female,39,Books,2,30.3,Credit Card,17-03-2022,Mall of Istanbul,60.6,42.42,18.18,30,Fast Moving,30.0,Healthy
I169226,C123988,Male,20,Toys,3,107.52,Debit Card,30-10-2022,Kanyon,322.56,225.79199999999997,96.76800000000003,66,Fast Moving,30.00000000000001,Healthy
I328925,C271255,Male,68,Clothing,2,600.16,Credit Card,08-06-2022,Metropol AVM,1200.32,840.2239999999999,360.096,8,Fast Moving,30.000000000000004,Healthy
I230744,C176802,Female,49,Shoes,2,1200.34,Credit Card,04-07-2021,Emaar Square Mall,2400.68,1680.4759999999999,720.204,93,Slow Moving,30.0,Healthy
I279659,C327424,Male,58,Cosmetics,2,81.32,Cash,31-03-2022,Istinye Park,162.64,113.84799999999998,48.792,113,Slow Moving,30.000000000000004,Healthy
I230830,C235398,Female,26,Clothing,2,600.16,Cash,20-11-2022,Kanyon,1200.32,840.2239999999999,360.096,46,Fast Moving,30.000000000000004,Healthy
I392560,C892096,Male,24,Cosmetics,3,121.98,Cash,22-02-2023,Metropol AVM,365.94,256.15799999999996,109.78200000000004,93,Slow Moving,30.00000000000001,Healthy
I165160,C321209,Male,61,Shoes,1,600.17,Cash,26-04-2022,Cevahir AVM,600.17,420.11899999999997,180.051,22,Fast Moving,30.0,Healthy
I251504,C166181,Male,42,Clothing,2,600.16,Credit Card,25-02-2022,Kanyon,1200.32,840.2239999999999,360.096,44,Fast Moving,30.000000000000004,Healthy
I154160,C255639,Female,64,Cosmetics,1,40.66,Cash,24-11-2022,Metrocity,40.66,28.461999999999996,12.198,76,Slow Moving,30.000000000000004,Healthy
I383351,C207215,Male,30,Clothing,1,300.08,Credit Card,11-12-2021,Zorlu Center,300.08,210.05599999999998,90.024,43,Fast Moving,30.000000000000004,Healthy
I139455,C133833,Female,69,Toys,5,179.2,Cash,17-03-2021,Forum Istanbul,896.0,627.1999999999999,268.80000000000007,108,Slow Moving,30.00000000000001,Healthy
I166541,C176572,Female,38,Clothing,3,900.24,Credit Card,25-04-2021,Forum Istanbul,2700.7200000000003,1890.5040000000001,810.2160000000001,18,Fast Moving,30.000000000000004,Healthy
I241341,C172351,Male,30,Cosmetics,4,162.64,Credit Card,23-04-2021,Mall of Istanbul,650.56,455.39199999999994,195.168,36,Fast Moving,30.000000000000004,Healthy
I757754,C104728,Female,18,Clothing,5,1500.4,Credit Card,16-06-2021,Metrocity,7502.0,5251.4,2250.6000000000004,55,Fast Moving,30.000000000000004,Healthy
I970588,C232031,Female,58,Clothing,1,300.08,Cash,14-06-2021,Kanyon,300.08,210.05599999999998,90.024,42,Fast Moving,30.000000000000004,Healthy
I137571,C210848,Male,35,Toys,4,143.36,Cash,13-02-2021,Kanyon,573.44,401.408,172.03200000000004,101,Slow Moving,30.000000000000004,Healthy
I807995,C298103,Female,31,Food & Beverage,5,26.15,Cash,22-06-2022,Metropol AVM,130.75,91.52499999999999,39.22500000000001,27,Fast Moving,30.000000000000004,Healthy
I957100,C431872,Male,26,Clothing,3,900.24,Cash,25-09-2021,Kanyon,2700.7200000000003,1890.5040000000001,810.2160000000001,67,Fast Moving,30.000000000000004,Healthy
I169599,C485668,Male,22,Toys,1,35.84,Credit Card,28-09-2021,Metropol AVM,35.84,25.088,10.752000000000002,19,Fast Moving,30.000000000000004,Healthy
I470040,C144162,Male,28,Clothing,3,900.24,Credit Card,27-09-2022,Mall of Istanbul,2700.7200000000003,1890.5040000000001,810.2160000000001,101,Slow Moving,30.000000000000004,Healthy
I140941,C182320,Female,29,Shoes,3,1800.51,Cash,16-06-2021,Mall of Istanbul,5401.53,3781.0709999999995,1620.4590000000003,29,Fast Moving,30.000000000000004,Healthy
I102404,C142061,Male,38,Clothing,4,1200.32,Credit Card,13-12-2021,Mall of Istanbul,4801.28,3360.8959999999997,1440.384,21,Fast Moving,30.000000000000004,Healthy
I300350,C235773,Female,51,Souvenir,4,46.92,Debit Card,02-03-2021,Metropol AVM,187.68,131.376,56.304,101,Slow Moving,30.0,Healthy
I306769,C325524,Female,55,Food & Beverage,4,20.92,Debit Card,24-03-2022,Zorlu Center,83.68,58.576,25.104000000000006,115,Slow Moving,30.000000000000004,Healthy
I880901,C214831,Female,47,Food & Beverage,2,10.46,Cash,08-01-2021,Kanyon,20.92,14.644,6.276000000000002,70,Fast Moving,30.000000000000004,Healthy
I301174,C119219,Female,68,Shoes,2,1200.34,Credit Card,15-01-2023,Metrocity,2400.68,1680.4759999999999,720.204,82,Slow Moving,30.0,Healthy
I146964,C761041,Female,57,Toys,2,71.68,Cash,23-08-2021,Kanyon,143.36,100.352,43.00800000000001,57,Fast Moving,30.000000000000004,Healthy
I868386,C269430,Male,30,Cosmetics,4,162.64,Cash,05-12-2021,Kanyon,650.56,455.39199999999994,195.168,108,Slow Moving,30.000000000000004,Healthy
I217437,C116921,Female,53,Food & Beverage,5,26.15,Credit Card,19-04-2022,Mall of Istanbul,130.75,91.52499999999999,39.22500000000001,108,Slow Moving,30.000000000000004,Healthy
I282799,C721239,Female,67,Toys,5,179.2,Cash,29-10-2022,Istinye Park,896.0,627.1999999999999,268.80000000000007,55,Fast Moving,30.00000000000001,Healthy
I132817,C507725,Female,27,Shoes,5,3000.85,Credit Card,19-07-2021,Mall of Istanbul,15004.25,10502.974999999999,4501.2750000000015,43,Fast Moving,30.00000000000001,Healthy
I206949,C133603,Female,63,Clothing,5,1500.4,Cash,19-07-2021,Mall of Istanbul,7502.0,5251.4,2250.6000000000004,55,Fast Moving,30.000000000000004,Healthy
I928847,C855678,Female,35,Food & Beverage,3,15.69,Credit Card,23-10-2021,Istinye Park,47.07,32.949,14.121000000000002,74,Fast Moving,30.000000000000004,Healthy
I163935,C297669,Male,62,Clothing,4,1200.32,Debit Card,07-01-2021,Kanyon,4801.28,3360.8959999999997,1440.384,10,Fast Moving,30.000000000000004,Healthy
I327028,C324332,Female,20,Clothing,4,1200.32,Cash,02-10-2021,Forum Istanbul,4801.28,3360.8959999999997,1440.384,71,Fast Moving,30.000000000000004,Healthy
I240617,C239313,Male,34,Cosmetics,5,203.3,Credit Card,29-05-2021,Kanyon,1016.5,711.55,304.95000000000005,11,Fast Moving,30.000000000000004,Healthy
I174053,C485136,Male,56,Toys,3,107.52,Credit Card,26-08-2021,Kanyon,322.56,225.79199999999997,96.76800000000003,55,Fast Moving,30.00000000000001,Healthy
I320437,C866676,Male,22,Clothing,1,300.08,Credit Card,19-02-2022,Metrocity,300.08,210.05599999999998,90.024,76,Slow Moving,30.000000000000004,Healthy
I129150,C336940,Female,61,Cosmetics,5,203.3,Cash,21-03-2021,Emaar Square Mall,1016.5,711.55,304.95000000000005,46,Fast Moving,30.000000000000004,Healthy
I220277,C190660,Male,54,Books,4,60.6,Credit Card,30-07-2021,Metrocity,242.4,169.68,72.72,68,Fast Moving,30.0,Healthy
I332398,C986930,Female,63,Shoes,2,1200.34,Credit Card,14-12-2022,Metrocity,2400.68,1680.4759999999999,720.204,19,Fast Moving,30.0,Healthy
I284561,C738384,Male,25,Clothing,5,1500.4,Cash,13-02-2022,Istinye Park,7502.0,5251.4,2250.6000000000004,115,Slow Moving,30.000000000000004,Healthy
I659761,C144584,Female,47,Clothing,1,300.08,Credit Card,18-01-2021,Kanyon,300.08,210.05599999999998,90.024,33,Fast Moving,30.000000000000004,Healthy
I131914,C283898,Female,44,Shoes,2,1200.34,Cash,25-08-2022,Kanyon,2400.68,1680.4759999999999,720.204,37,Fast Moving,30.0,Healthy
I310772,C237664,Female,54,Shoes,5,3000.85,Cash,19-05-2021,Istinye Park,15004.25,10502.974999999999,4501.2750000000015,98,Slow Moving,30.00000000000001,Healthy
I227236,C273853,Female,62,Shoes,3,1800.51,Debit Card,18-02-2023,Mall of Istanbul,5401.53,3781.0709999999995,1620.4590000000003,107,Slow Moving,30.000000000000004,Healthy
I162777,C807680,Male,48,Food & Beverage,5,26.15,Cash,16-05-2022,Metrocity,130.75,91.52499999999999,39.22500000000001,31,Fast Moving,30.000000000000004,Healthy
I300240,C832533,Male,58,Clothing,5,1500.4,Cash,11-10-2022,Mall of Istanbul,7502.0,5251.4,2250.6000000000004,40,Fast Moving,30.000000000000004,Healthy
I240951,C201574,Male,31,Cosmetics,3,121.98,Cash,21-12-2022,Kanyon,365.94,256.15799999999996,109.78200000000004,33,Fast Moving,30.00000000000001,Healthy
I140289,C292453,Male,53,Cosmetics,4,162.64,Debit Card,06-12-2021,Mall of Istanbul,650.56,455.39199999999994,195.168,42,Fast Moving,30.000000000000004,Healthy
I227560,C121797,Male,55,Technology,1,1050.0,Cash,25-07-2021,Mall of Istanbul,1050.0,735.0,315.0,61,Fast Moving,30.0,Healthy
I168758,C111342,Male,46,Clothing,1,300.08,Cash,23-10-2021,Mall of Istanbul,300.08,210.05599999999998,90.024,101,Slow Moving,30.000000000000004,Healthy
I134212,C135306,Male,20,Clothing,4,1200.32,Credit Card,11-09-2021,Metropol AVM,4801.28,3360.8959999999997,1440.384,105,Slow Moving,30.000000000000004,Healthy
I221692,C295218,Female,58,Books,4,60.6,Credit Card,16-10-2021,Metropol AVM,242.4,169.68,72.72,31,Fast Moving,30.0,Healthy
I335631,C193441,Male,49,Books,4,60.6,Cash,10-12-2021,Mall of Istanbul,242.4,169.68,72.72,59,Fast Moving,30.0,Healthy
I171398,C526385,Male,63,Clothing,4,1200.32,Cash,22-04-2021,Viaport Outlet,4801.28,3360.8959999999997,1440.384,37,Fast Moving,30.000000000000004,Healthy
I333138,C172204,Male,42,Clothing,2,600.16,Credit Card,19-02-2022,Kanyon,1200.32,840.2239999999999,360.096,72,Fast Moving,30.000000000000004,Healthy
I186856,C457598,Female,40,Food & Beverage,5,26.15,Credit Card,06-10-2021,Kanyon,130.75,91.52499999999999,39.22500000000001,90,Slow Moving,30.000000000000004,Healthy
I326733,C247589,Male,28,Technology,2,2100.0,Credit Card,13-08-2022,Kanyon,4200.0,2940.0,1260.0,70,Fast Moving,30.0,Healthy
I329009,C198161,Female,68,Cosmetics,4,162.64,Credit Card,20-02-2023,Mall of Istanbul,650.56,455.39199999999994,195.168,14,Fast Moving,30.000000000000004,Healthy
I274131,C118460,Female,23,Food & Beverage,4,20.92,Cash,01-03-2021,Emaar Square Mall,83.68,58.576,25.104000000000006,9,Fast Moving,30.000000000000004,Healthy
I402704,C121551,Male,28,Clothing,3,900.24,Credit Card,08-06-2021,Forum Istanbul,2700.7200000000003,1890.5040000000001,810.2160000000001,78,Slow Moving,30.000000000000004,Healthy
I158587,C119297,Male,40,Clothing,3,900.24,Credit Card,09-03-2022,Mall of Istanbul,2700.7200000000003,1890.5040000000001,810.2160000000001,101,Slow Moving,30.000000000000004,Healthy
I332029,C301181,Female,18,Shoes,3,1800.51,Credit Card,03-04-2022,Metrocity,5401.53,3781.0709999999995,1620.4590000000003,42,Fast Moving,30.000000000000004,Healthy
I166536,C106583,Female,56,Toys,5,179.2,Credit Card,11-02-2022,Mall of Istanbul,896.0,627.1999999999999,268.80000000000007,17,Fast Moving,30.00000000000001,Healthy
I178847,C803010,Male,38,Toys,1,35.84,Cash,22-11-2022,Istinye Park,35.84,25.088,10.752000000000002,35,Fast Moving,30.000000000000004,Healthy
I290172,C195405,Female,22,Clothing,4,1200.32,Credit Card,06-11-2021,Metropol AVM,4801.28,3360.8959999999997,1440.384,51,Fast Moving,30.000000000000004,Healthy
I150992,C765432,Female,63,Shoes,5,3000.85,Credit Card,16-05-2022,Viaport Outlet,15004.25,10502.974999999999,4501.2750000000015,104,Slow Moving,30.00000000000001,Healthy
I217749,C105743,Female,51,Shoes,1,600.17,Credit Card,03-10-2022,Mall of Istanbul,600.17,420.11899999999997,180.051,113,Slow Moving,30.0,Healthy
I221374,C261344,Female,45,Souvenir,4,46.92,Debit Card,22-02-2021,Kanyon,187.68,131.376,56.304,92,Slow Moving,30.0,Healthy
I259652,C304389,Female,27,Food & Beverage,5,26.15,Cash,02-11-2022,Metropol AVM,130.75,91.52499999999999,39.22500000000001,56,Fast Moving,30.000000000000004,Healthy
I155958,C184300,Male,51,Clothing,5,1500.4,Credit Card,15-02-2022,Metropol AVM,7502.0,5251.4,2250.6000000000004,60,Fast Moving,30.000000000000004,Healthy
I322307,C119894,Female,23,Food & Beverage,5,26.15,Credit Card,04-07-2022,Kanyon,130.75,91.52499999999999,39.22500000000001,19,Fast Moving,30.000000000000004,Healthy
I157026,C329000,Female,29,Shoes,5,3000.85,Credit Card,05-08-2021,Istinye Park,15004.25,10502.974999999999,4501.2750000000015,33,Fast Moving,30.00000000000001,Healthy
I425665,C309515,Female,48,Toys,4,143.36,Credit Card,18-05-2022,Zorlu Center,573.44,401.408,172.03200000000004,12,Fast Moving,30.000000000000004,Healthy
I263059,C123711,Male,19,Clothing,1,300.08,Credit Card,17-06-2022,Metrocity,300.08,210.05599999999998,90.024,9,Fast Moving,30.000000000000004,Healthy
I329561,C193264,Male,30,Food & Beverage,2,10.46,Credit Card,18-11-2022,Mall of Istanbul,20.92,14.644,6.276000000000002,33,Fast Moving,30.000000000000004,Healthy
I122358,C537541,Female,32,Clothing,1,300.08,Credit Card,14-08-2022,Istinye Park,300.08,210.05599999999998,90.024,51,Fast Moving,30.000000000000004,Healthy
I282887,C478916,Male,49,Clothing,5,1500.4,Cash,04-04-2022,Mall of Istanbul,7502.0,5251.4,2250.6000000000004,72,Fast Moving,30.000000000000004,Healthy
I133527,C131842,Female,31,Food & Beverage,1,5.23,Debit Card,12-01-2023,Mall of Istanbul,5.23,3.661,1.5690000000000004,80,Slow Moving,30.000000000000004,Healthy
I310220,C316343,Female,39,Books,4,60.6,Cash,01-09-2021,Kanyon,242.4,169.68,72.72,49,Fast Moving,30.0,Healthy
I145411,C331387,Male,20,Toys,2,71.68,Debit Card,25-04-2021,Metrocity,143.36,100.352,43.00800000000001,6,Fast Moving,30.000000000000004,Healthy
I627211,C292307,Female,51,Clothing,2,600.16,Cash,14-10-2022,Kanyon,1200.32,840.2239999999999,360.096,31,Fast Moving,30.000000000000004,Healthy
I161637,C224991,Male,52,Cosmetics,4,162.64,Cash,07-05-2022,Metrocity,650.56,455.39199999999994,195.168,99,Slow Moving,30.000000000000004,Healthy
I796389,C244694,Female,60,Clothing,1,300.08,Cash,11-09-2021,Kanyon,300.08,210.05599999999998,90.024,119,Slow Moving,30.000000000000004,Healthy
I123765,C925796,Female,21,Food & Beverage,3,15.69,Credit Card,11-02-2021,Kanyon,47.07,32.949,14.121000000000002,119,Slow Moving,30.000000000000004,Healthy
I287793,C327954,Female,28,Clothing,4,1200.32,Credit Card,12-11-2021,Istinye Park,4801.28,3360.8959999999997,1440.384,40,Fast Moving,30.000000000000004,Healthy
I819684,C323574,Female,58,Clothing,4,1200.32,Cash,10-07-2021,Kanyon,4801.28,3360.8959999999997,1440.384,40,Fast Moving,30.000000000000004,Healthy
I280717,C136014,Male,49,Cosmetics,1,40.66,Cash,18-01-2023,Metropol AVM,40.66,28.461999999999996,12.198,30,Fast Moving,30.000000000000004,Healthy
I310846,C240325,Female,41,Food & Beverage,1,5.23,Debit Card,10-01-2021,Metrocity,5.23,3.661,1.5690000000000004,47,Fast Moving,30.000000000000004,Healthy
I160651,C213981,Female,36,Clothing,5,1500.4,Credit Card,17-03-2021,Mall of Istanbul,7502.0,5251.4,2250.6000000000004,31,Fast Moving,30.000000000000004,Healthy
I157192,C283350,Female,29,Cosmetics,5,203.3,Credit Card,24-01-2023,Mall of Istanbul,1016.5,711.55,304.95000000000005,73,Fast Moving,30.000000000000004,Healthy
I330593,C682406,Female,41,Shoes,5,3000.85,Cash,28-10-2022,Kanyon,15004.25,10502.974999999999,4501.2750000000015,24,Fast Moving,30.00000000000001,Healthy
I270089,C496393,Female,42,Shoes,4,2400.68,Credit Card,11-10-2022,Istinye Park,9602.72,6721.9039999999995,2880.816,15,Fast Moving,30.0,Healthy
I101731,C125296,Female,41,Books,3,45.45,Cash,23-01-2023,Mall of Istanbul,136.35000000000002,95.44500000000001,40.905000000000015,78,Slow Moving,30.000000000000004,Healthy
I179183,C115059,Female,21,Souvenir,1,11.73,Debit Card,09-09-2022,Mall of Istanbul,11.73,8.211,3.519,108,Slow Moving,30.0,Healthy
I267365,C315888,Male,29,Books,1,15.15,Cash,09-05-2022,Istinye Park,15.15,10.605,4.545,42,Fast Moving,30.0,Healthy
I135796,C170508,Female,21,Cosmetics,2,81.32,Cash,03-03-2023,Kanyon,162.64,113.84799999999998,48.792,10,Fast Moving,30.000000000000004,Healthy
I293694,C336846,Female,38,Clothing,5,1500.4,Credit Card,12-04-2021,Emaar Square Mall,7502.0,5251.4,2250.6000000000004,76,Slow Moving,30.000000000000004,Healthy
I195497,C387559,Male,44,Clothing,2,600.16,Debit Card,09-08-2022,Viaport Outlet,1200.32,840.2239999999999,360.096,27,Fast Moving,30.000000000000004,Healthy
I142782,C276122,Female,40,Technology,3,3150.0,Credit Card,21-01-2022,Mall of Istanbul,9450.0,6615.0,2835.0,51,Fast Moving,30.0,Healthy
I202675,C301894,Male,26,Souvenir,4,46.92,Cash,21-02-2022,Viaport Outlet,187.68,131.376,56.304,94,Slow Moving,30.0,Healthy
I228195,C476451,Female,23,Food & Beverage,5,26.15,Cash,14-01-2022,Kanyon,130.75,91.52499999999999,39.22500000000001,50,Fast Moving,30.000000000000004,Healthy
I716275,C894269,Female,69,Shoes,4,2400.68,Debit Card,19-01-2023,Metropol AVM,9602.72,6721.9039999999995,2880.816,111,Slow Moving,30.0,Healthy
I237015,C294999,Female,39,Shoes,1,600.17,Credit Card,17-03-2022,Mall of Istanbul,600.17,420.11899999999997,180.051,16,Fast Moving,30.0,Healthy
I229152,C220098,Male,61,Toys,1,35.84,Debit Card,25-03-2021,Metropol AVM,35.84,25.088,10.752000000000002,94,Slow Moving,30.000000000000004,Healthy
I240580,C625736,Female,18,Books,4,60.6,Credit Card,02-01-2023,Kanyon,242.4,169.68,72.72,17,Fast Moving,30.0,Healthy
I206307,C251281,Male,40,Clothing,4,1200.32,Debit Card,03-05-2021,Kanyon,4801.28,3360.8959999999997,1440.384,108,Slow Moving,30.000000000000004,Healthy
I170434,C275432,Female,38,Cosmetics,2,81.32,Credit Card,04-05-2021,Metropol AVM,162.64,113.84799999999998,48.792,66,Fast Moving,30.000000000000004,Healthy
I284203,C123578,Male,28,Clothing,3,900.24,Debit Card,13-06-2021,Metropol AVM,2700.7200000000003,1890.5040000000001,810.2160000000001,86,Slow Moving,30.000000000000004,Healthy
I339346,C144276,Female,66,Food & Beverage,5,26.15,Credit Card,13-01-2023,Mall of Istanbul,130.75,91.52499999999999,39.22500000000001,93,Slow Moving,30.000000000000004,Healthy
I213042,C238668,Female,43,Cosmetics,3,121.98,Credit Card,21-03-2021,Kanyon,365.94,256.15799999999996,109.78200000000004,101,Slow Moving,30.00000000000001,Healthy
I266160,C118349,Male,22,Clothing,2,600.16,Credit Card,21-05-2021,Metrocity,1200.32,840.2239999999999,360.096,115,Slow Moving,30.000000000000004,Healthy
I284344,C125800,Female,41,Food & Beverage,5,26.15,Debit Card,05-01-2023,Mall of Istanbul,130.75,91.52499999999999,39.22500000000001,108,Slow Moving,30.000000000000004,Healthy
I264953,C133559,Male,37,Clothing,2,600.16,Credit Card,15-03-2022,Metrocity,1200.32,840.2239999999999,360.096,64,Fast Moving,30.000000000000004,Healthy
I281381,C100322,Female,24,Technology,5,5250.0,Cash,03-07-2022,Viaport Outlet,26250.0,18375.0,7875.0,47,Fast Moving,30.0,Healthy
I195995,C408592,Female,66,Food & Beverage,3,15.69,Cash,05-12-2021,Kanyon,47.07,32.949,14.121000000000002,80,Slow Moving,30.000000000000004,Healthy
I912553,C758661,Female,39,Toys,1,35.84,Debit Card,10-07-2021,Cevahir AVM,35.84,25.088,10.752000000000002,112,Slow Moving,30.000000000000004,Healthy
I186312,C287850,Female,26,Clothing,5,1500.4,Debit Card,15-09-2022,Forum Istanbul,7502.0,5251.4,2250.6000000000004,104,Slow Moving,30.000000000000004,Healthy
I297292,C330941,Male,66,Clothing,5,1500.4,Cash,15-04-2022,Metropol AVM,7502.0,5251.4,2250.6000000000004,116,Slow Moving,30.000000000000004,Healthy
I128885,C122866,Female,22,Cosmetics,5,203.3,Credit Card,01-06-2022,Mall of Istanbul,1016.5,711.55,304.95000000000005,72,Fast Moving,30.000000000000004,Healthy
I961322,C140372,Female,60,Souvenir,1,11.73,Credit Card,29-07-2022,Metrocity,11.73,8.211,3.519,9,Fast Moving,30.0,Healthy
I277232,C231470,Female,28,Clothing,1,300.08,Debit Card,08-03-2022,Mall of Istanbul,300.08,210.05599999999998,90.024,41,Fast Moving,30.000000000000004,Healthy
I247218,C741297,Male,36,Books,1,15.15,Cash,13-01-2022,Mall of Istanbul,15.15,10.605,4.545,76,Slow Moving,30.0,Healthy
I308674,C286611,Female,51,Clothing,5,1500.4,Credit Card,04-04-2022,Metropol AVM,7502.0,5251.4,2250.6000000000004,110,Slow Moving,30.000000000000004,Healthy
I538788,C155240,Female,29,Toys,1,35.84,Credit Card,07-08-2021,Mall of Istanbul,35.84,25.088,10.752000000000002,117,Slow Moving,30.000000000000004,Healthy
I682922,C283849,Female,58,Clothing,5,1500.4,Cash,16-05-2022,Mall of Istanbul,7502.0,5251.4,2250.6000000000004,96,Slow Moving,30.000000000000004,Healthy
I123864,C121156,Male,68,Shoes,3,1800.51,Cash,10-08-2022,Metrocity,5401.53,3781.0709999999995,1620.4590000000003,35,Fast Moving,30.000000000000004,Healthy
I474019,C299779,Female,58,Cosmetics,5,203.3,Debit Card,15-05-2021,Kanyon,1016.5,711.55,304.95000000000005,13,Fast Moving,30.000000000000004,Healthy
I857171,C115898,Male,26,Shoes,2,1200.34,Cash,12-02-2023,Emaar Square Mall,2400.68,1680.4759999999999,720.204,55,Fast Moving,30.0,Healthy
I317330,C142672,Female,49,Shoes,5,3000.85,Credit Card,05-09-2022,Mall of Istanbul,15004.25,10502.974999999999,4501.2750000000015,33,Fast Moving,30.00000000000001,Healthy
I476430,C234140,Female,41,Clothing,5,1500.4,Credit Card,17-04-2021,Forum Istanbul,7502.0,5251.4,2250.6000000000004,82,Slow Moving,30.000000000000004,Healthy
I712121,C373154,Female,49,Toys,1,35.84,Credit Card,11-09-2021,Emaar Square Mall,35.84,25.088,10.752000000000002,44,Fast Moving,30.000000000000004,Healthy
I253258,C954128,Female,28,Clothing,1,300.08,Credit Card,18-05-2022,Kanyon,300.08,210.05599999999998,90.024,45,Fast Moving,30.000000000000004,Healthy
I103248,C202349,Female,21,Toys,2,71.68,Cash,12-03-2022,Kanyon,143.36,100.352,43.00800000000001,90,Slow Moving,30.000000000000004,Healthy
I201709,C210240,Female,69,Souvenir,5,58.65,Credit Card,02-03-2023,Mall of Istanbul,293.25,205.27499999999998,87.97500000000002,15,Fast Moving,30.00000000000001,Healthy
I140531,C216013,Male,22,Shoes,3,1800.51,Credit Card,05-03-2021,Metrocity,5401.53,3781.0709999999995,1620.4590000000003,27,Fast Moving,30.000000000000004,Healthy
I598832,C222244,Male,26,Books,4,60.6,Cash,18-04-2022,Metrocity,242.4,169.68,72.72,5,Fast Moving,30.0,Healthy
I233406,C202286,Female,43,Food & Beverage,4,20.92,Cash,26-09-2022,Emaar Square Mall,83.68,58.576,25.104000000000006,50,Fast Moving,30.000000000000004,Healthy
I274719,C291962,Female,47,Food & Beverage,1,5.23,Debit Card,30-10-2021,Forum Istanbul,5.23,3.661,1.5690000000000004,105,Slow Moving,30.000000000000004,Healthy
I868553,C105764,Male,67,Souvenir,2,23.46,Cash,16-02-2023,Emaar Square Mall,46.92,32.844,14.076,25,Fast Moving,30.0,Healthy
I310692,C878345,Female,48,Clothing,4,1200.32,Credit Card,15-07-2022,Kanyon,4801.28,3360.8959999999997,1440.384,94,Slow Moving,30.000000000000004,Healthy
I254673,C143430,Female,42,Cosmetics,2,81.32,Debit Card,18-02-2023,Kanyon,162.64,113.84799999999998,48.792,114,Slow Moving,30.000000000000004,Healthy
I153941,C338552,Female,21,Clothing,3,900.24,Credit Card,25-07-2021,Mall of Istanbul,2700.7200000000003,1890.5040000000001,810.2160000000001,40,Fast Moving,30.000000000000004,Healthy
I255301,C306089,Female,43,Clothing,5,1500.4,Cash,21-02-2023,Metropol AVM,7502.0,5251.4,2250.6000000000004,58,Fast Moving,30.000000000000004,Healthy
I276989,C253346,Female,39,Technology,2,2100.0,Debit Card,05-03-2021,Metropol AVM,4200.0,2940.0,1260.0,91,Slow Moving,30.0,Healthy
I172473,C279849,Female,64,Clothing,5,1500.4,Cash,30-07-2022,Metrocity,7502.0,5251.4,2250.6000000000004,61,Fast Moving,30.000000000000004,Healthy
I215573,C197901,Female,53,Clothing,5,1500.4,Cash,03-09-2021,Cevahir AVM,7502.0,5251.4,2250.6000000000004,5,Fast Moving,30.000000000000004,Healthy
I224625,C160452,Female,34,Clothing,5,1500.4,Credit Card,29-04-2021,Emaar Square Mall,7502.0,5251.4,2250.6000000000004,67,Fast Moving,30.000000000000004,Healthy
I113812,C463587,Male,68,Shoes,4,2400.68,Cash,29-08-2021,Metrocity,9602.72,6721.9039999999995,2880.816,58,Fast Moving,30.0,Healthy
I325023,C290609,Female,61,Clothing,4,1200.32,Credit Card,27-02-2022,Zorlu Center,4801.28,3360.8959999999997,1440.384,59,Fast Moving,30.000000000000004,Healthy
I407437,C288544,Male,64,Cosmetics,5,203.3,Credit Card,06-09-2022,Viaport Outlet,1016.5,711.55,304.95000000000005,119,Slow Moving,30.000000000000004,Healthy
I935028,C275199,Female,46,Technology,3,3150.0,Credit Card,15-05-2021,Mall of Istanbul,9450.0,6615.0,2835.0,44,Fast Moving,30.0,Healthy
I121064,C576013,Female,55,Souvenir,3,35.19,Credit Card,29-08-2021,Mall of Istanbul,105.57,73.89899999999999,31.671000000000006,19,Fast Moving,30.00000000000001,Healthy
I796512,C177280,Female,33,Books,4,60.6,Cash,07-03-2022,Istinye Park,242.4,169.68,72.72,25,Fast Moving,30.0,Healthy
I322576,C119068,Female,40,Clothing,2,600.16,Credit Card,10-07-2022,Mall of Istanbul,1200.32,840.2239999999999,360.096,51,Fast Moving,30.000000000000004,Healthy
I198420,C157534,Male,22,Shoes,1,600.17,Cash,20-09-2022,Kanyon,600.17,420.11899999999997,180.051,77,Slow Moving,30.0,Healthy
I117778,C455212,Male,21,Clothing,1,300.08,Cash,16-08-2021,Mall of Istanbul,300.08,210.05599999999998,90.024,57,Fast Moving,30.000000000000004,Healthy
I258926,C128834,Male,57,Clothing,1,300.08,Credit Card,04-08-2021,Mall of Istanbul,300.08,210.05599999999998,90.024,13,Fast Moving,30.000000000000004,Healthy
I121659,C339085,Female,29,Food & Beverage,3,15.69,Cash,04-06-2021,Forum Istanbul,47.07,32.949,14.121000000000002,78,Slow Moving,30.000000000000004,Healthy
I125147,C295069,Male,68,Cosmetics,4,162.64,Cash,30-01-2022,Kanyon,650.56,455.39199999999994,195.168,56,Fast Moving,30.000000000000004,Healthy
I123522,C257163,Male,20,Food & Beverage,1,5.23,Cash,14-08-2022,Istinye Park,5.23,3.661,1.5690000000000004,61,Fast Moving,30.000000000000004,Healthy
I239542,C718508,Female,64,Clothing,1,300.08,Cash,21-01-2022,Forum Istanbul,300.08,210.05599999999998,90.024,30,Fast Moving,30.000000000000004,Healthy
I857861,C272918,Male,18,Technology,5,5250.0,Cash,30-04-2022,Mall of Istanbul,26250.0,18375.0,7875.0,45,Fast Moving,30.0,Healthy
I249497,C276263,Female,47,Cosmetics,3,121.98,Credit Card,01-07-2021,Istinye Park,365.94,256.15799999999996,109.78200000000004,39,Fast Moving,30.00000000000001,Healthy
I454682,C968730,Female,27,Clothing,5,1500.4,Cash,30-09-2021,Cevahir AVM,7502.0,5251.4,2250.6000000000004,67,Fast Moving,30.000000000000004,Healthy
I934104,C315154,Female,34,Cosmetics,5,203.3,Cash,08-02-2022,Mall of Istanbul,1016.5,711.55,304.95000000000005,29,Fast Moving,30.000000000000004,Healthy
I144157,C146738,Male,39,Toys,5,179.2,Cash,22-09-2022,Metrocity,896.0,627.1999999999999,268.80000000000007,94,Slow Moving,30.00000000000001,Healthy
I170362,C103888,Male,69,Clothing,4,1200.32,Cash,03-10-2022,Mall of Istanbul,4801.28,3360.8959999999997,1440.384,79,Slow Moving,30.000000000000004,Healthy
I805520,C488994,Female,48,Cosmetics,4,162.64,Credit Card,23-02-2022,Metrocity,650.56,455.39199999999994,195.168,42,Fast Moving,30.000000000000004,Healthy
I252825,C828471,Male,37,Clothing,5,1500.4,Credit Card,20-03-2022,Metropol AVM,7502.0,5251.4,2250.6000000000004,6,Fast Moving,30.000000000000004,Healthy
I338183,C222728,Male,18,Clothing,4,1200.32,Cash,04-11-2021,Kanyon,4801.28,3360.8959999999997,1440.384,11,Fast Moving,30.000000000000004,Healthy
I300808,C541498,Male,38,Clothing,3,900.24,Cash,20-12-2022,Kanyon,2700.7200000000003,1890.5040000000001,810.2160000000001,86,Slow Moving,30.000000000000004,Healthy
I225402,C198322,Female,40,Souvenir,4,46.92,Cash,10-06-2021,Mall of Istanbul,187.68,131.376,56.304,95,Slow Moving,30.0,Healthy
I255774,C248859,Male,18,Food & Beverage,1,5.23,Debit Card,20-12-2021,Metropol AVM,5.23,3.661,1.5690000000000004,38,Fast Moving,30.000000000000004,Healthy
I196168,C657207,Female,19,Clothing,3,900.24,Credit Card,11-12-2022,Kanyon,2700.7200000000003,1890.5040000000001,810.2160000000001,95,Slow Moving,30.000000000000004,Healthy
I580474,C535999,Male,43,Technology,4,4200.0,Debit Card,08-02-2021,Zorlu Center,16800.0,11760.0,5040.0,21,Fast Moving,30.0,Healthy
I124650,C330949,Female,27,Food & Beverage,4,20.92,Cash,31-07-2022,Emaar Square Mall,83.68,58.576,25.104000000000006,47,Fast Moving,30.000000000000004,Healthy
I777931,C229071,Male,27,Clothing,5,1500.4,Debit Card,05-04-2021,Kanyon,7502.0,5251.4,2250.6000000000004,63,Fast Moving,30.000000000000004,Healthy
I208602,C524104,Female,25,Shoes,2,1200.34,Cash,16-03-2022,Zorlu Center,2400.68,1680.4759999999999,720.204,112,Slow Moving,30.0,Healthy
I984781,C336350,Male,60,Clothing,4,1200.32,Cash,25-11-2022,Zorlu Center,4801.28,3360.8959999999997,1440.384,55,Fast Moving,30.000000000000004,Healthy
I789368,C199509,Male,22,Cosmetics,3,121.98,Cash,05-10-2021,Metropol AVM,365.94,256.15799999999996,109.78200000000004,58,Fast Moving,30.00000000000001,Healthy
I850954,C110091,Male,67,Clothing,2,600.16,Credit Card,13-03-2021,Emaar Square Mall,1200.32,840.2239999999999,360.096,28,Fast Moving,30.000000000000004,Healthy
I313995,C213844,Female,33,Cosmetics,5,203.3,Cash,14-04-2021,Cevahir AVM,1016.5,711.55,304.95000000000005,29,Fast Moving,30.000000000000004,Healthy
I233250,C303112,Female,55,Clothing,3,900.24,Cash,10-12-2021,Metrocity,2700.7200000000003,1890.5040000000001,810.2160000000001,75,Fast Moving,30.000000000000004,Healthy
I631562,C121637,Female,49,Clothing,2,600.16,Cash,16-08-2021,Viaport Outlet,1200.32,840.2239999999999,360.096,56,Fast Moving,30.000000000000004,Healthy
I387354,C128876,Male,27,Shoes,1,600.17,Cash,07-04-2021,Kanyon,600.17,420.11899999999997,180.051,74,Fast Moving,30.0,Healthy
I910145,C315399,Female,23,Clothing,3,900.24,Debit Card,29-01-2022,Kanyon,2700.7200000000003,1890.5040000000001,810.2160000000001,92,Slow Moving,30.000000000000004,Healthy
I707819,C261237,Female,60,Clothing,3,900.24,Debit Card,12-03-2022,Istinye Park,2700.7200000000003,1890.5040000000001,810.2160000000001,37,Fast Moving,30.000000000000004,Healthy
I138046,C137153,Female,21,Technology,1,1050.0,Credit Card,23-07-2022,Mall of Istanbul,1050.0,735.0,315.0,53,Fast Moving,30.0,Healthy
I319681,C304748,Female,32,Clothing,4,1200.32,Credit Card,28-06-2021,Mall of Istanbul,4801.28,3360.8959999999997,1440.384,33,Fast Moving,30.000000000000004,Healthy
I158498,C403561,Female,42,Technology,1,1050.0,Credit Card,15-08-2022,Zorlu Center,1050.0,735.0,315.0,67,Fast Moving,30.0,Healthy
I299444,C303302,Female,30,Clothing,3,900.24,Cash,23-11-2021,Zorlu Center,2700.7200000000003,1890.5040000000001,810.2160000000001,111,Slow Moving,30.000000000000004,Healthy
I229895,C156273,Male,36,Toys,1,35.84,Cash,16-04-2021,Kanyon,35.84,25.088,10.752000000000002,26,Fast Moving,30.000000000000004,Healthy
I117926,C204724,Female,26,Clothing,1,300.08,Debit Card,18-06-2021,Cevahir AVM,300.08,210.05599999999998,90.024,30,Fast Moving,30.000000000000004,Healthy
I256969,C166800,Female,31,Toys,4,143.36,Cash,18-08-2022,Kanyon,573.44,401.408,172.03200000000004,32,Fast Moving,30.000000000000004,Healthy
I189131,C135204,Female,25,Clothing,4,1200.32,Cash,28-09-2022,Mall of Istanbul,4801.28,3360.8959999999997,1440.384,118,Slow Moving,30.000000000000004,Healthy
I204897,C997987,Female,59,Clothing,4,1200.32,Cash,10-01-2022,Emaar Square Mall,4801.28,3360.8959999999997,1440.384,89,Slow Moving,30.000000000000004,Healthy
I203178,C268054,Female,61,Food & Beverage,5,26.15,Debit Card,01-08-2022,Metrocity,130.75,91.52499999999999,39.22500000000001,53,Fast Moving,30.000000000000004,Healthy
I262105,C215196,Male,42,Technology,2,2100.0,Cash,05-06-2021,Emaar Square Mall,4200.0,2940.0,1260.0,75,Fast Moving,30.0,Healthy
I358791,C899218,Female,64,Books,4,60.6,Credit Card,22-09-2021,Mall of Istanbul,242.4,169.68,72.72,85,Slow Moving,30.0,Healthy
I334883,C730185,Female,29,Clothing,1,300.08,Cash,27-03-2021,Emaar Square Mall,300.08,210.05599999999998,90.024,88,Slow Moving,30.000000000000004,Healthy
I844405,C886153,Female,32,Clothing,2,600.16,Credit Card,06-02-2023,Metropol AVM,1200.32,840.2239999999999,360.096,109,Slow Moving,30.000000000000004,Healthy
I284474,C126883,Male,60,Shoes,1,600.17,Credit Card,12-10-2021,Metrocity,600.17,420.11899999999997,180.051,53,Fast Moving,30.0,Healthy
I316383,C582855,Male,53,Food & Beverage,5,26.15,Cash,30-08-2021,Metrocity,130.75,91.52499999999999,39.22500000000001,24,Fast Moving,30.000000000000004,Healthy
I230848,C323917,Male,31,Food & Beverage,4,20.92,Cash,05-01-2022,Metropol AVM,83.68,58.576,25.104000000000006,90,Slow Moving,30.000000000000004,Healthy
I384873,C436520,Male,28,Clothing,2,600.16,Debit Card,03-01-2022,Kanyon,1200.32,840.2239999999999,360.096,96,Slow Moving,30.000000000000004,Healthy
I223875,C493406,Female,34,Shoes,3,1800.51,Cash,30-06-2021,Emaar Square Mall,5401.53,3781.0709999999995,1620.4590000000003,67,Fast Moving,30.000000000000004,Healthy
I304830,C240135,Female,34,Clothing,1,300.08,Cash,08-03-2023,Kanyon,300.08,210.05599999999998,90.024,65,Fast Moving,30.000000000000004,Healthy
I247936,C581116,Male,47,Books,3,45.45,Cash,10-08-2022,Mall of Istanbul,136.35000000000002,95.44500000000001,40.905000000000015,108,Slow Moving,30.000000000000004,Healthy
I250414,C184459,Female,47,Clothing,2,600.16,Credit Card,14-07-2021,Metrocity,1200.32,840.2239999999999,360.096,53,Fast Moving,30.000000000000004,Healthy
I276696,C229051,Male,49,Cosmetics,2,81.32,Cash,14-10-2021,Istinye Park,162.64,113.84799999999998,48.792,75,Fast Moving,30.000000000000004,Healthy
I121828,C245572,Male,54,Toys,5,179.2,Credit Card,06-05-2021,Kanyon,896.0,627.1999999999999,268.80000000000007,5,Fast Moving,30.00000000000001,Healthy
I844366,C259676,Female,68,Clothing,2,600.16,Cash,02-06-2022,Kanyon,1200.32,840.2239999999999,360.096,100,Slow Moving,30.000000000000004,Healthy
I447293,C287764,Female,21,Technology,2,2100.0,Cash,02-05-2022,Kanyon,4200.0,2940.0,1260.0,17,Fast Moving,30.0,Healthy
I238246,C159315,Female,32,Clothing,2,600.16,Cash,28-03-2021,Mall of Istanbul,1200.32,840.2239999999999,360.096,98,Slow Moving,30.000000000000004,Healthy
I170003,C747837,Female,56,Food & Beverage,3,15.69,Cash,06-07-2022,Viaport Outlet,47.07,32.949,14.121000000000002,91,Slow Moving,30.000000000000004,Healthy
I328770,C214029,Female,47,Clothing,2,600.16,Cash,07-08-2022,Zorlu Center,1200.32,840.2239999999999,360.096,55,Fast Moving,30.000000000000004,Healthy
I229383,C179057,Male,45,Clothing,5,1500.4,Credit Card,27-07-2022,Mall of Istanbul,7502.0,5251.4,2250.6000000000004,60,Fast Moving,30.000000000000004,Healthy
I254075,C211416,Male,58,Clothing,1,300.08,Credit Card,10-10-2021,Mall of Istanbul,300.08,210.05599999999998,90.024,87,Slow Moving,30.000000000000004,Healthy
I128667,C187422,Female,69,Clothing,2,600.16,Cash,08-01-2023,Metropol AVM,1200.32,840.2239999999999,360.096,66,Fast Moving,30.000000000000004,Healthy
I284445,C191032,Female,51,Clothing,4,1200.32,Debit Card,20-11-2022,Emaar Square Mall,4801.28,3360.8959999999997,1440.384,36,Fast Moving,30.000000000000004,Healthy
I713230,C114902,Female,35,Clothing,1,300.08,Credit Card,14-10-2021,Metrocity,300.08,210.05599999999998,90.024,34,Fast Moving,30.000000000000004,Healthy
I228583,C225306,Male,61,Food & Beverage,4,20.92,Cash,30-01-2022,Istinye Park,83.68,58.576,25.104000000000006,33,Fast Moving,30.000000000000004,Healthy
I890999,C310413,Female,19,Books,3,45.45,Cash,06-02-2022,Metrocity,136.35000000000002,95.44500000000001,40.905000000000015,53,Fast Moving,30.000000000000004,Healthy
I240382,C245745,Female,37,Clothing,5,1500.4,Credit Card,21-02-2021,Istinye Park,7502.0,5251.4,2250.6000000000004,49,Fast Moving,30.000000000000004,Healthy
I141658,C172646,Male,30,Cosmetics,2,81.32,Credit Card,12-07-2022,Emaar Square Mall,162.64,113.84799999999998,48.792,97,Slow Moving,30.000000000000004,Healthy
I152436,C218079,Female,48,Shoes,2,1200.34,Debit Card,27-01-2021,Cevahir AVM,2400.68,1680.4759999999999,720.204,34,Fast Moving,30.0,Healthy
I276807,C295505,Female,26,Clothing,5,1500.4,Cash,22-11-2021,Kanyon,7502.0,5251.4,2250.6000000000004,20,Fast Moving,30.000000000000004,Healthy
I145372,C169406,Male,49,Clothing,1,300.08,Cash,06-01-2021,Metrocity,300.08,210.05599999999998,90.024,44,Fast Moving,30.000000000000004,Healthy
I247264,C588455,Male,62,Clothing,2,600.16,Cash,28-12-2021,Kanyon,1200.32,840.2239999999999,360.096,23,Fast Moving,30.000000000000004,Healthy
I268142,C141530,Female,31,Books,1,15.15,Cash,22-07-2021,Viaport Outlet,15.15,10.605,4.545,22,Fast Moving,30.0,Healthy
I956543,C121976,Female,65,Cosmetics,4,162.64,Credit Card,30-08-2021,Forum Istanbul,650.56,455.39199999999994,195.168,5,Fast Moving,30.000000000000004,Healthy
I573734,C246503,Female,59,Clothing,1,300.08,Credit Card,27-06-2022,Zorlu Center,300.08,210.05599999999998,90.024,82,Slow Moving,30.000000000000004,Healthy
I337324,C338690,Female,25,Clothing,1,300.08,Debit Card,14-11-2022,Mall of Istanbul,300.08,210.05599999999998,90.024,119,Slow Moving,30.000000000000004,Healthy
I821672,C207320,Male,56,Food & Beverage,2,10.46,Cash,20-01-2021,Mall of Istanbul,20.92,14.644,6.276000000000002,51,Fast Moving,30.000000000000004,Healthy
I120468,C949760,Male,31,Shoes,4,2400.68,Cash,25-08-2022,Kanyon,9602.72,6721.9039999999995,2880.816,118,Slow Moving,30.0,Healthy
I951988,C492890,Male,19,Cosmetics,3,121.98,Credit Card,29-12-2021,Kanyon,365.94,256.15799999999996,109.78200000000004,70,Fast Moving,30.00000000000001,Healthy
I221547,C476125,Female,55,Clothing,1,300.08,Credit Card,17-07-2021,Metrocity,300.08,210.05599999999998,90.024,96,Slow Moving,30.000000000000004,Healthy
I182752,C280881,Female,67,Cosmetics,3,121.98,Cash,23-04-2022,Metropol AVM,365.94,256.15799999999996,109.78200000000004,117,Slow Moving,30.00000000000001,Healthy
I170558,C211626,Male,22,Cosmetics,2,81.32,Cash,13-02-2021,Metropol AVM,162.64,113.84799999999998,48.792,118,Slow Moving,30.000000000000004,Healthy
I520629,C804869,Male,54,Food & Beverage,3,15.69,Cash,25-01-2021,Istinye Park,47.07,32.949,14.121000000000002,98,Slow Moving,30.000000000000004,Healthy
I733066,C198180,Male,51,Cosmetics,3,121.98,Cash,22-06-2022,Metrocity,365.94,256.15799999999996,109.78200000000004,42,Fast Moving,30.00000000000001,Healthy
I265604,C160512,Female,51,Toys,1,35.84,Credit Card,26-04-2022,Emaar Square Mall,35.84,25.088,10.752000000000002,55,Fast Moving,30.000000000000004,Healthy
I179759,C192871,Female,19,Toys,3,107.52,Cash,10-12-2021,Forum Istanbul,322.56,225.79199999999997,96.76800000000003,67,Fast Moving,30.00000000000001,Healthy
I256619,C301754,Male,43,Cosmetics,4,162.64,Cash,17-09-2022,Viaport Outlet,650.56,455.39199999999994,195.168,8,Fast Moving,30.000000000000004,Healthy
I163528,C190313,Female,55,Books,4,60.6,Cash,12-03-2021,Kanyon,242.4,169.68,72.72,5,Fast Moving,30.0,Healthy
I924814,C162841,Female,21,Cosmetics,3,121.98,Debit Card,13-09-2022,Zorlu Center,365.94,256.15799999999996,109.78200000000004,12,Fast Moving,30.00000000000001,Healthy
I320096,C251203,Male,40,Toys,2,71.68,Credit Card,19-07-2022,Cevahir AVM,143.36,100.352,43.00800000000001,33,Fast Moving,30.000000000000004,Healthy
I315253,C290632,Male,52,Clothing,5,1500.4,Cash,31-01-2022,Kanyon,7502.0,5251.4,2250.6000000000004,59,Fast Moving,30.000000000000004,Healthy
I156674,C226593,Male,26,Toys,3,107.52,Credit Card,28-08-2022,Metrocity,322.56,225.79199999999997,96.76800000000003,107,Slow Moving,30.00000000000001,Healthy
I576932,C159886,Female,58,Toys,4,143.36,Debit Card,14-03-2021,Mall of Istanbul,573.44,401.408,172.03200000000004,7,Fast Moving,30.000000000000004,Healthy
I270441,C123618,Female,59,Clothing,1,300.08,Cash,08-04-2022,Metropol AVM,300.08,210.05599999999998,90.024,36,Fast Moving,30.000000000000004,Healthy
I827488,C622329,Female,19,Clothing,4,1200.32,Credit Card,09-07-2022,Kanyon,4801.28,3360.8959999999997,1440.384,14,Fast Moving,30.000000000000004,Healthy
I236096,C740518,Female,39,Clothing,1,300.08,Debit Card,29-11-2021,Mall of Istanbul,300.08,210.05599999999998,90.024,78,Slow Moving,30.000000000000004,Healthy
I780940,C164046,Male,19,Clothing,3,900.24,Debit Card,15-04-2021,Viaport Outlet,2700.7200000000003,1890.5040000000001,810.2160000000001,87,Slow Moving,30.000000000000004,Healthy
I126279,C722003,Male,65,Clothing,3,900.24,Cash,29-12-2022,Forum Istanbul,2700.7200000000003,1890.5040000000001,810.2160000000001,114,Slow Moving,30.000000000000004,Healthy
I337132,C122254,Female,20,Clothing,5,1500.4,Cash,12-09-2021,Istinye Park,7502.0,5251.4,2250.6000000000004,38,Fast Moving,30.000000000000004,Healthy
I113566,C833832,Female,31,Clothing,2,600.16,Cash,07-04-2022,Viaport Outlet,1200.32,840.2239999999999,360.096,101,Slow Moving,30.000000000000004,Healthy
I196306,C345828,Male,51,Technology,4,4200.0,Credit Card,30-06-2021,Kanyon,16800.0,11760.0,5040.0,91,Slow Moving,30.0,Healthy
I229719,C334097,Female,38,Shoes,1,600.17,Credit Card,05-01-2022,Mall of Istanbul,600.17,420.11899999999997,180.051,59,Fast Moving,30.0,Healthy
I329613,C126100,Female,58,Clothing,5,1500.4,Debit Card,05-12-2021,Mall of Istanbul,7502.0,5251.4,2250.6000000000004,96,Slow Moving,30.000000000000004,Healthy
I238285,C510364,Male,44,Clothing,3,900.24,Cash,20-05-2021,Forum Istanbul,2700.7200000000003,1890.5040000000001,810.2160000000001,36,Fast Moving,30.000000000000004,Healthy
I597660,C230207,Female,61,Clothing,3,900.24,Cash,26-12-2022,Cevahir AVM,2700.7200000000003,1890.5040000000001,810.2160000000001,54,Fast Moving,30.000000000000004,Healthy
I162737,C189528,Female,64,Food & Beverage,5,26.15,Cash,26-11-2022,Cevahir AVM,130.75,91.52499999999999,39.22500000000001,11,Fast Moving,30.000000000000004,Healthy
I130989,C148047,Female,69,Clothing,1,300.08,Credit Card,27-08-2022,Metrocity,300.08,210.05599999999998,90.024,97,Slow Moving,30.000000000000004,Healthy
I328570,C304549,Female,26,Shoes,1,600.17,Debit Card,27-05-2021,Istinye Park,600.17,420.11899999999997,180.051,12,Fast Moving,30.0,Healthy
I108567,C488263,Female,64,Clothing,1,300.08,Cash,29-01-2023,Metrocity,300.08,210.05599999999998,90.024,69,Fast Moving,30.000000000000004,Healthy
I169204,C160190,Male,19,Toys,4,143.36,Cash,19-12-2021,Kanyon,573.44,401.408,172.03200000000004,61,Fast Moving,30.000000000000004,Healthy
I166361,C526513,Male,22,Food & Beverage,3,15.69,Cash,09-10-2021,Kanyon,47.07,32.949,14.121000000000002,71,Fast Moving,30.000000000000004,Healthy
I290124,C335595,Female,68,Clothing,4,1200.32,Debit Card,05-10-2021,Kanyon,4801.28,3360.8959999999997,1440.384,92,Slow Moving,30.000000000000004,Healthy
I294891,C266128,Female,46,Clothing,1,300.08,Credit Card,18-08-2022,Mall of Istanbul,300.08,210.05599999999998,90.024,91,Slow Moving,30.000000000000004,Healthy
I111440,C187813,Male,40,Toys,2,71.68,Credit Card,22-08-2021,Kanyon,143.36,100.352,43.00800000000001,63,Fast Moving,30.000000000000004,Healthy
I294211,C249993,Female,59,Technology,4,4200.0,Cash,24-06-2021,Mall of Istanbul,16800.0,11760.0,5040.0,76,Slow Moving,30.0,Healthy
I735905,C439853,Female,18,Cosmetics,1,40.66,Cash,20-01-2022,Kanyon,40.66,28.461999999999996,12.198,58,Fast Moving,30.000000000000004,Healthy
I937841,C309165,Female,58,Clothing,1,300.08,Cash,24-02-2022,Mall of Istanbul,300.08,210.05599999999998,90.024,115,Slow Moving,30.000000000000004,Healthy
I284202,C434802,Male,46,Food & Beverage,5,26.15,Credit Card,27-11-2022,Istinye Park,130.75,91.52499999999999,39.22500000000001,105,Slow Moving,30.000000000000004,Healthy
I115449,C240902,Female,42,Food & Beverage,4,20.92,Debit Card,23-11-2022,Kanyon,83.68,58.576,25.104000000000006,71,Fast Moving,30.000000000000004,Healthy
I659960,C939175,Male,62,Clothing,1,300.08,Credit Card,21-12-2021,Cevahir AVM,300.08,210.05599999999998,90.024,55,Fast Moving,30.000000000000004,Healthy
I176554,C180719,Male,24,Toys,5,179.2,Debit Card,07-05-2021,Emaar Square Mall,896.0,627.1999999999999,268.80000000000007,101,Slow Moving,30.00000000000001,Healthy
I292313,C252662,Female,18,Cosmetics,4,162.64,Cash,31-07-2022,Metrocity,650.56,455.39199999999994,195.168,96,Slow Moving,30.000000000000004,Healthy
I533515,C289993,Female,56,Toys,1,35.84,Credit Card,27-09-2021,Metrocity,35.84,25.088,10.752000000000002,115,Slow Moving,30.000000000000004,Healthy
I288268,C132503,Female,59,Souvenir,3,35.19,Credit Card,25-06-2022,Cevahir AVM,105.57,73.89899999999999,31.671000000000006,12,Fast Moving,30.00000000000001,Healthy
I103324,C501294,Female,63,Food & Beverage,1,5.23,Cash,06-12-2022,Istinye Park,5.23,3.661,1.5690000000000004,38,Fast Moving,30.000000000000004,Healthy
I233367,C233053,Female,32,Souvenir,5,58.65,Debit Card,03-11-2021,Kanyon,293.25,205.27499999999998,87.97500000000002,39,Fast Moving,30.00000000000001,Healthy
I480312,C412543,Male,59,Shoes,1,600.17,Cash,13-01-2022,Kanyon,600.17,420.11899999999997,180.051,100,Slow Moving,30.0,Healthy
I937134,C949868,Male,30,Souvenir,2,23.46,Cash,13-10-2021,Mall of Istanbul,46.92,32.844,14.076,92,Slow Moving,30.0,Healthy
I138038,C165331,Female,32,Cosmetics,5,203.3,Cash,07-03-2022,Kanyon,1016.5,711.55,304.95000000000005,82,Slow Moving,30.000000000000004,Healthy
I288025,C151464,Female,38,Food & Beverage,5,26.15,Credit Card,23-11-2022,Forum Istanbul,130.75,91.52499999999999,39.22500000000001,36,Fast Moving,30.000000000000004,Healthy
I492848,C259107,Female,47,Clothing,5,1500.4,Cash,05-08-2021,Mall of Istanbul,7502.0,5251.4,2250.6000000000004,50,Fast Moving,30.000000000000004,Healthy
I230515,C723990,Female,35,Clothing,1,300.08,Cash,15-01-2021,Cevahir AVM,300.08,210.05599999999998,90.024,111,Slow Moving,30.000000000000004,Healthy
I241354,C160596,Female,35,Food & Beverage,1,5.23,Debit Card,01-07-2022,Kanyon,5.23,3.661,1.5690000000000004,20,Fast Moving,30.000000000000004,Healthy
I822406,C339385,Female,45,Clothing,1,300.08,Credit Card,09-07-2022,Emaar Square Mall,300.08,210.05599999999998,90.024,72,Fast Moving,30.000000000000004,Healthy
I210426,C207922,Male,46,Souvenir,4,46.92,Cash,19-01-2022,Metropol AVM,187.68,131.376,56.304,41,Fast Moving,30.0,Healthy
I509979,C227945,Male,49,Food & Beverage,2,10.46,Debit Card,13-02-2021,Istinye Park,20.92,14.644,6.276000000000002,58,Fast Moving,30.000000000000004,Healthy
I150364,C134039,Female,69,Food & Beverage,5,26.15,Credit Card,29-01-2023,Metrocity,130.75,91.52499999999999,39.22500000000001,89,Slow Moving,30.000000000000004,Healthy
I206350,C140290,Male,33,Technology,5,5250.0,Cash,23-06-2021,Emaar Square Mall,26250.0,18375.0,7875.0,18,Fast Moving,30.0,Healthy
I100614,C261517,Female,41,Cosmetics,5,203.3,Cash,11-07-2021,Cevahir AVM,1016.5,711.55,304.95000000000005,99,Slow Moving,30.000000000000004,Healthy
I818342,C340084,Female,52,Clothing,1,300.08,Debit Card,03-02-2021,Zorlu Center,300.08,210.05599999999998,90.024,59,Fast Moving,30.000000000000004,Healthy
I248898,C264545,Male,38,Clothing,5,1500.4,Credit Card,19-11-2021,Kanyon,7502.0,5251.4,2250.6000000000004,52,Fast Moving,30.000000000000004,Healthy
I232489,C173388,Male,52,Clothing,5,1500.4,Cash,20-02-2022,Mall of Istanbul,7502.0,5251.4,2250.6000000000004,86,Slow Moving,30.000000000000004,Healthy
I247145,C274472,Female,55,Books,5,75.75,Credit Card,26-12-2021,Mall of Istanbul,378.75,265.125,113.625,11,Fast Moving,30.0,Healthy
I153775,C921087,Female,60,Shoes,2,1200.34,Credit Card,12-09-2021,Metrocity,2400.68,1680.4759999999999,720.204,78,Slow Moving,30.0,Healthy
I179719,C306330,Female,26,Cosmetics,2,81.32,Cash,22-02-2021,Mall of Istanbul,162.64,113.84799999999998,48.792,11,Fast Moving,30.000000000000004,Healthy
I249552,C143595,Female,57,Clothing,4,1200.32,Cash,22-01-2022,Zorlu Center,4801.28,3360.8959999999997,1440.384,37,Fast Moving,30.000000000000004,Healthy
I380830,C484681,Male,63,Clothing,4,1200.32,Credit Card,25-05-2022,Metrocity,4801.28,3360.8959999999997,1440.384,27,Fast Moving,30.000000000000004,Healthy
I114843,C102515,Female,28,Shoes,4,2400.68,Cash,18-12-2021,Mall of Istanbul,9602.72,6721.9039999999995,2880.816,89,Slow Moving,30.0,Healthy
I509775,C265780,Female,59,Clothing,4,1200.32,Cash,29-10-2021,Kanyon,4801.28,3360.8959999999997,1440.384,23,Fast Moving,30.000000000000004,Healthy
I298023,C828402,Male,64,Food & Beverage,1,5.23,Cash,06-03-2023,Viaport Outlet,5.23,3.661,1.5690000000000004,116,Slow Moving,30.000000000000004,Healthy
I314226,C237366,Male,67,Food & Beverage,3,15.69,Debit Card,15-12-2021,Mall of Istanbul,47.07,32.949,14.121000000000002,23,Fast Moving,30.000000000000004,Healthy
I211007,C181184,Male,56,Clothing,1,300.08,Cash,20-12-2022,Istinye Park,300.08,210.05599999999998,90.024,40,Fast Moving,30.000000000000004,Healthy
I139026,C153137,Female,65,Shoes,1,600.17,Cash,30-01-2021,Zorlu Center,600.17,420.11899999999997,180.051,33,Fast Moving,30.0,Healthy
I140955,C291291,Female,24,Food & Beverage,3,15.69,Cash,25-02-2022,Emaar Square Mall,47.07,32.949,14.121000000000002,64,Fast Moving,30.000000000000004,Healthy
I234104,C319696,Male,43,Cosmetics,1,40.66,Cash,06-10-2021,Metrocity,40.66,28.461999999999996,12.198,86,Slow Moving,30.000000000000004,Healthy
I797149,C225949,Female,28,Toys,5,179.2,Cash,05-02-2023,Metrocity,896.0,627.1999999999999,268.80000000000007,6,Fast Moving,30.00000000000001,Healthy
I216047,C391248,Female,37,Clothing,1,300.08,Cash,27-11-2022,Cevahir AVM,300.08,210.05599999999998,90.024,5,Fast Moving,30.000000000000004,Healthy
I833963,C137362,Female,18,Clothing,4,1200.32,Credit Card,03-04-2021,Kanyon,4801.28,3360.8959999999997,1440.384,51,Fast Moving,30.000000000000004,Healthy
I213268,C136682,Female,63,Shoes,1,600.17,Cash,24-06-2021,Metrocity,600.17,420.11899999999997,180.051,73,Fast Moving,30.0,Healthy
I807712,C315726,Female,37,Shoes,1,600.17,Cash,01-09-2021,Metropol AVM,600.17,420.11899999999997,180.051,24,Fast Moving,30.0,Healthy
I263829,C118571,Female,46,Toys,5,179.2,Cash,09-10-2021,Kanyon,896.0,627.1999999999999,268.80000000000007,15,Fast Moving,30.00000000000001,Healthy
I197447,C770626,Female,18,Food & Beverage,1,5.23,Debit Card,15-06-2022,Mall of Istanbul,5.23,3.661,1.5690000000000004,110,Slow Moving,30.000000000000004,Healthy
I222463,C243451,Female,36,Clothing,1,300.08,Cash,29-01-2023,Viaport Outlet,300.08,210.05599999999998,90.024,6,Fast Moving,30.000000000000004,Healthy
I875529,C353540,Male,20,Food & Beverage,5,26.15,Cash,31-01-2023,Mall of Istanbul,130.75,91.52499999999999,39.22500000000001,71,Fast Moving,30.000000000000004,Healthy
I443994,C480991,Male,66,Food & Beverage,5,26.15,Credit Card,16-09-2022,Kanyon,130.75,91.52499999999999,39.22500000000001,91,Slow Moving,30.000000000000004,Healthy
I128638,C162398,Female,34,Food & Beverage,4,20.92,Cash,27-11-2021,Metropol AVM,83.68,58.576,25.104000000000006,16,Fast Moving,30.000000000000004,Healthy
I526892,C101261,Female,31,Cosmetics,5,203.3,Debit Card,10-09-2022,Zorlu Center,1016.5,711.55,304.95000000000005,24,Fast Moving,30.000000000000004,Healthy
I160932,C232859,Female,59,Clothing,2,600.16,Credit Card,08-07-2021,Emaar Square Mall,1200.32,840.2239999999999,360.096,9,Fast Moving,30.000000000000004,Healthy
I278211,C297801,Female,24,Clothing,2,600.16,Debit Card,16-10-2022,Mall of Istanbul,1200.32,840.2239999999999,360.096,41,Fast Moving,30.000000000000004,Healthy
I232117,C336156,Female,39,Shoes,1,600.17,Credit Card,22-08-2022,Kanyon,600.17,420.11899999999997,180.051,42,Fast Moving,30.0,Healthy
I469490,C122011,Female,58,Cosmetics,5,203.3,Credit Card,27-04-2021,Kanyon,1016.5,711.55,304.95000000000005,98,Slow Moving,30.000000000000004,Healthy
I677367,C811884,Female,37,Shoes,5,3000.85,Credit Card,06-06-2022,Emaar Square Mall,15004.25,10502.974999999999,4501.2750000000015,13,Fast Moving,30.00000000000001,Healthy
I360069,C191489,Female,39,Shoes,2,1200.34,Cash,02-03-2021,Viaport Outlet,2400.68,1680.4759999999999,720.204,102,Slow Moving,30.0,Healthy
I677787,C160706,Female,46,Clothing,5,1500.4,Credit Card,26-06-2022,Metrocity,7502.0,5251.4,2250.6000000000004,57,Fast Moving,30.000000000000004,Healthy
I186360,C159205,Female,40,Cosmetics,5,203.3,Credit Card,22-11-2021,Forum Istanbul,1016.5,711.55,304.95000000000005,48,Fast Moving,30.000000000000004,Healthy
I159210,C901974,Male,22,Cosmetics,2,81.32,Cash,07-09-2021,Metrocity,162.64,113.84799999999998,48.792,103,Slow Moving,30.000000000000004,Healthy
I267759,C273323,Male,48,Technology,4,4200.0,Cash,30-05-2022,Kanyon,16800.0,11760.0,5040.0,90,Slow Moving,30.0,Healthy
I133928,C217716,Female,51,Food & Beverage,4,20.92,Cash,03-06-2022,Mall of Istanbul,83.68,58.576,25.104000000000006,112,Slow Moving,30.000000000000004,Healthy
I139530,C572091,Female,38,Food & Beverage,2,10.46,Cash,31-01-2023,Kanyon,20.92,14.644,6.276000000000002,28,Fast Moving,30.000000000000004,Healthy
I155338,C222040,Female,45,Food & Beverage,5,26.15,Debit Card,15-09-2021,Metrocity,130.75,91.52499999999999,39.22500000000001,85,Slow Moving,30.000000000000004,Healthy
I106470,C293605,Male,35,Toys,2,71.68,Cash,18-07-2021,Metropol AVM,143.36,100.352,43.00800000000001,78,Slow Moving,30.000000000000004,Healthy
I175718,C182693,Female,62,Cosmetics,1,40.66,Debit Card,09-02-2021,Viaport Outlet,40.66,28.461999999999996,12.198,34,Fast Moving,30.000000000000004,Healthy
I766238,C166142,Female,34,Cosmetics,4,162.64,Cash,24-05-2022,Mall of Istanbul,650.56,455.39199999999994,195.168,63,Fast Moving,30.000000000000004,Healthy
I339994,C233561,Male,36,Cosmetics,1,40.66,Cash,05-01-2021,Forum Istanbul,40.66,28.461999999999996,12.198,114,Slow Moving,30.000000000000004,Healthy
I213491,C337721,Female,23,Toys,4,143.36,Debit Card,16-10-2021,Istinye Park,573.44,401.408,172.03200000000004,91,Slow Moving,30.000000000000004,Healthy
I491239,C157128,Female,37,Cosmetics,2,81.32,Debit Card,14-05-2021,Viaport Outlet,162.64,113.84799999999998,48.792,100,Slow Moving,30.000000000000004,Healthy
I149830,C298828,Female,53,Clothing,3,900.24,Credit Card,10-10-2021,Kanyon,2700.7200000000003,1890.5040000000001,810.2160000000001,85,Slow Moving,30.000000000000004,Healthy
I104473,C202633,Female,27,Clothing,5,1500.4,Debit Card,24-01-2021,Istinye Park,7502.0,5251.4,2250.6000000000004,118,Slow Moving,30.000000000000004,Healthy
I504418,C182302,Female,22,Food & Beverage,4,20.92,Credit Card,13-08-2022,Kanyon,83.68,58.576,25.104000000000006,119,Slow Moving,30.000000000000004,Healthy
I155694,C430931,Female,46,Cosmetics,3,121.98,Cash,05-11-2021,Metropol AVM,365.94,256.15799999999996,109.78200000000004,85,Slow Moving,30.00000000000001,Healthy
I260419,C327137,Male,38,Technology,4,4200.0,Credit Card,15-08-2022,Metropol AVM,16800.0,11760.0,5040.0,18,Fast Moving,30.0,Healthy
I287965,C171377,Female,34,Food & Beverage,5,26.15,Cash,30-09-2022,Mall of Istanbul,130.75,91.52499999999999,39.22500000000001,13,Fast Moving,30.000000000000004,Healthy
I652436,C251786,Female,55,Souvenir,2,23.46,Cash,30-01-2022,Istinye Park,46.92,32.844,14.076,44,Fast Moving,30.0,Healthy
I870519,C437904,Female,22,Clothing,4,1200.32,Cash,01-09-2021,Mall of Istanbul,4801.28,3360.8959999999997,1440.384,70,Fast Moving,30.000000000000004,Healthy
I224038,C192357,Male,26,Clothing,1,300.08,Debit Card,22-08-2022,Istinye Park,300.08,210.05599999999998,90.024,113,Slow Moving,30.000000000000004,Healthy
I170927,C249994,Female,37,Cosmetics,3,121.98,Credit Card,22-09-2022,Metrocity,365.94,256.15799999999996,109.78200000000004,29,Fast Moving,30.00000000000001,Healthy
I582909,C314945,Female,61,Clothing,5,1500.4,Cash,25-01-2021,Viaport Outlet,7502.0,5251.4,2250.6000000000004,107,Slow Moving,30.000000000000004,Healthy
I153766,C207391,Female,67,Clothing,2,600.16,Cash,19-10-2022,Kanyon,1200.32,840.2239999999999,360.096,77,Slow Moving,30.000000000000004,Healthy
I269050,C138767,Male,69,Clothing,4,1200.32,Cash,18-11-2021,Viaport Outlet,4801.28,3360.8959999999997,1440.384,26,Fast Moving,30.000000000000004,Healthy
I250253,C817202,Female,27,Shoes,2,1200.34,Debit Card,14-04-2022,Emaar Square Mall,2400.68,1680.4759999999999,720.204,111,Slow Moving,30.0,Healthy
I136804,C769179,Female,26,Cosmetics,5,203.3,Cash,15-05-2022,Istinye Park,1016.5,711.55,304.95000000000005,114,Slow Moving,30.000000000000004,Healthy
I136504,C758807,Female,30,Souvenir,5,58.65,Debit Card,28-02-2021,Mall of Istanbul,293.25,205.27499999999998,87.97500000000002,8,Fast Moving,30.00000000000001,Healthy
I194113,C271813,Female,69,Souvenir,2,23.46,Credit Card,23-01-2021,Emaar Square Mall,46.92,32.844,14.076,30,Fast Moving,30.0,Healthy
I622329,C304924,Male,39,Shoes,3,1800.51,Debit Card,26-11-2022,Mall of Istanbul,5401.53,3781.0709999999995,1620.4590000000003,62,Fast Moving,30.000000000000004,Healthy
I250385,C312568,Female,43,Clothing,2,600.16,Cash,01-04-2022,Metrocity,1200.32,840.2239999999999,360.096,33,Fast Moving,30.000000000000004,Healthy
I282695,C266377,Female,38,Clothing,3,900.24,Credit Card,22-02-2022,Kanyon,2700.7200000000003,1890.5040000000001,810.2160000000001,113,Slow Moving,30.000000000000004,Healthy
I206642,C289260,Female,36,Cosmetics,3,121.98,Debit Card,12-01-2023,Zorlu Center,365.94,256.15799999999996,109.78200000000004,102,Slow Moving,30.00000000000001,Healthy
I245988,C151503,Female,61,Cosmetics,5,203.3,Credit Card,28-08-2022,Metrocity,1016.5,711.55,304.95000000000005,91,Slow Moving,30.000000000000004,Healthy
I264264,C615393,Female,56,Technology,5,5250.0,Credit Card,25-03-2021,Zorlu Center,26250.0,18375.0,7875.0,41,Fast Moving,30.0,Healthy
I253061,C205984,Male,58,Shoes,1,600.17,Credit Card,25-05-2021,Metropol AVM,600.17,420.11899999999997,180.051,79,Slow Moving,30.0,Healthy
I141939,C224857,Male,66,Food & Beverage,4,20.92,Cash,17-03-2022,Metropol AVM,83.68,58.576,25.104000000000006,74,Fast Moving,30.000000000000004,Healthy
I179672,C235663,Male,38,Food & Beverage,3,15.69,Cash,21-11-2021,Metropol AVM,47.07,32.949,14.121000000000002,22,Fast Moving,30.000000000000004,Healthy
I283507,C268455,Female,64,Clothing,3,900.24,Debit Card,02-02-2023,Mall of Istanbul,2700.7200000000003,1890.5040000000001,810.2160000000001,89,Slow Moving,30.000000000000004,Healthy
I485162,C475080,Male,64,Clothing,2,600.16,Credit Card,21-05-2021,Mall of Istanbul,1200.32,840.2239999999999,360.096,46,Fast Moving,30.000000000000004,Healthy
I138219,C338671,Female,21,Clothing,3,900.24,Cash,09-06-2021,Cevahir AVM,2700.7200000000003,1890.5040000000001,810.2160000000001,104,Slow Moving,30.000000000000004,Healthy
I369631,C606472,Female,45,Clothing,3,900.24,Cash,04-02-2022,Istinye Park,2700.7200000000003,1890.5040000000001,810.2160000000001,45,Fast Moving,30.000000000000004,Healthy
I285013,C424443,Male,31,Technology,2,2100.0,Credit Card,27-02-2021,Metrocity,4200.0,2940.0,1260.0,42,Fast Moving,30.0,Healthy
I288639,C181284,Male,37,Clothing,4,1200.32,Cash,24-10-2022,Forum Istanbul,4801.28,3360.8959999999997,1440.384,38,Fast Moving,30.000000000000004,Healthy
I145668,C184744,Male,31,Toys,3,107.52,Credit Card,17-03-2022,Mall of Istanbul,322.56,225.79199999999997,96.76800000000003,21,Fast Moving,30.00000000000001,Healthy
I203772,C271031,Female,63,Clothing,4,1200.32,Cash,01-08-2021,Forum Istanbul,4801.28,3360.8959999999997,1440.384,41,Fast Moving,30.000000000000004,Healthy
I280961,C932517,Female,26,Clothing,2,600.16,Debit Card,02-10-2021,Kanyon,1200.32,840.2239999999999,360.096,29,Fast Moving,30.000000000000004,Healthy
I224642,C581271,Male,46,Food & Beverage,4,20.92,Credit Card,30-03-2022,Metrocity,83.68,58.576,25.104000000000006,106,Slow Moving,30.000000000000004,Healthy
I192290,C850866,Female,31,Clothing,2,600.16,Credit Card,30-09-2021,Mall of Istanbul,1200.32,840.2239999999999,360.096,80,Slow Moving,30.000000000000004,Healthy
I118084,C264819,Female,60,Clothing,5,1500.4,Cash,10-01-2021,Cevahir AVM,7502.0,5251.4,2250.6000000000004,91,Slow Moving,30.000000000000004,Healthy
I272181,C279559,Female,23,Clothing,2,600.16,Credit Card,22-01-2023,Kanyon,1200.32,840.2239999999999,360.096,110,Slow Moving,30.000000000000004,Healthy
I278920,C162008,Female,59,Clothing,2,600.16,Credit Card,03-07-2021,Cevahir AVM,1200.32,840.2239999999999,360.096,90,Slow Moving,30.000000000000004,Healthy
I187920,C475377,Female,44,Cosmetics,2,81.32,Debit Card,01-10-2022,Metrocity,162.64,113.84799999999998,48.792,89,Slow Moving,30.000000000000004,Healthy
I328192,C198094,Female,54,Food & Beverage,1,5.23,Credit Card,02-09-2021,Kanyon,5.23,3.661,1.5690000000000004,31,Fast Moving,30.000000000000004,Healthy
I953657,C838623,Male,55,Clothing,5,1500.4,Debit Card,17-08-2022,Kanyon,7502.0,5251.4,2250.6000000000004,61,Fast Moving,30.000000000000004,Healthy
I226372,C853154,Male,50,Shoes,4,2400.68,Cash,24-02-2022,Zorlu Center,9602.72,6721.9039999999995,2880.816,35,Fast Moving,30.0,Healthy
I130494,C291802,Female,36,Souvenir,2,23.46,Debit Card,13-02-2021,Mall of Istanbul,46.92,32.844,14.076,10,Fast Moving,30.0,Healthy
I237041,C206443,Male,33,Shoes,5,3000.85,Cash,06-09-2022,Metrocity,15004.25,10502.974999999999,4501.2750000000015,95,Slow Moving,30.00000000000001,Healthy
I182523,C164988,Male,18,Cosmetics,2,81.32,Cash,13-03-2022,Metropol AVM,162.64,113.84799999999998,48.792,44,Fast Moving,30.000000000000004,Healthy
I307391,C218830,Female,54,Souvenir,2,23.46,Credit Card,26-08-2022,Mall of Istanbul,46.92,32.844,14.076,102,Slow Moving,30.0,Healthy
I253364,C172917,Male,46,Cosmetics,3,121.98,Debit Card,20-11-2021,Mall of Istanbul,365.94,256.15799999999996,109.78200000000004,16,Fast Moving,30.00000000000001,Healthy
I123565,C127847,Male,38,Food & Beverage,2,10.46,Credit Card,17-06-2022,Emaar Square Mall,20.92,14.644,6.276000000000002,113,Slow Moving,30.000000000000004,Healthy
I267637,C771924,Female,39,Cosmetics,2,81.32,Credit Card,15-10-2022,Metrocity,162.64,113.84799999999998,48.792,57,Fast Moving,30.000000000000004,Healthy
I266070,C185774,Female,36,Cosmetics,2,81.32,Debit Card,04-06-2021,Metrocity,162.64,113.84799999999998,48.792,75,Fast Moving,30.000000000000004,Healthy
I197896,C227232,Male,53,Clothing,4,1200.32,Credit Card,10-10-2021,Metrocity,4801.28,3360.8959999999997,1440.384,14,Fast Moving,30.000000000000004,Healthy
I177082,C264631,Male,50,Food & Beverage,3,15.69,Credit Card,22-04-2022,Mall of Istanbul,47.07,32.949,14.121000000000002,49,Fast Moving,30.000000000000004,Healthy
I182326,C205376,Male,64,Food & Beverage,1,5.23,Cash,13-12-2021,Metropol AVM,5.23,3.661,1.5690000000000004,21,Fast Moving,30.000000000000004,Healthy
I285766,C161073,Female,44,Food & Beverage,1,5.23,Cash,22-02-2022,Kanyon,5.23,3.661,1.5690000000000004,30,Fast Moving,30.000000000000004,Healthy
I327416,C322260,Male,42,Clothing,2,600.16,Credit Card,02-08-2022,Metropol AVM,1200.32,840.2239999999999,360.096,89,Slow Moving,30.000000000000004,Healthy
I449724,C121211,Female,67,Clothing,4,1200.32,Debit Card,21-05-2021,Mall of Istanbul,4801.28,3360.8959999999997,1440.384,96,Slow Moving,30.000000000000004,Healthy
I261996,C171987,Male,46,Food & Beverage,1,5.23,Credit Card,10-03-2021,Metrocity,5.23,3.661,1.5690000000000004,66,Fast Moving,30.000000000000004,Healthy
I193095,C290363,Female,47,Cosmetics,5,203.3,Credit Card,30-03-2021,Mall of Istanbul,1016.5,711.55,304.95000000000005,50,Fast Moving,30.000000000000004,Healthy
I242047,C379931,Female,50,Clothing,1,300.08,Credit Card,30-07-2022,Metrocity,300.08,210.05599999999998,90.024,68,Fast Moving,30.000000000000004,Healthy
I173444,C422499,Male,39,Books,2,30.3,Cash,05-03-2023,Metrocity,60.6,42.42,18.18,6,Fast Moving,30.0,Healthy
I262529,C475169,Male,31,Toys,4,143.36,Cash,16-01-2022,Metropol AVM,573.44,401.408,172.03200000000004,58,Fast Moving,30.000000000000004,Healthy
I248042,C198030,Female,28,Clothing,1,300.08,Debit Card,29-06-2021,Viaport Outlet,300.08,210.05599999999998,90.024,111,Slow Moving,30.000000000000004,Healthy
I487727,C162965,Male,68,Clothing,1,300.08,Cash,04-02-2022,Kanyon,300.08,210.05599999999998,90.024,69,Fast Moving,30.000000000000004,Healthy
I257855,C330282,Male,55,Clothing,2,600.16,Debit Card,25-11-2021,Metropol AVM,1200.32,840.2239999999999,360.096,55,Fast Moving,30.000000000000004,Healthy
I210526,C199520,Female,58,Books,4,60.6,Debit Card,23-04-2021,Emaar Square Mall,242.4,169.68,72.72,57,Fast Moving,30.0,Healthy
I200558,C219393,Male,49,Technology,5,5250.0,Cash,20-01-2022,Istinye Park,26250.0,18375.0,7875.0,40,Fast Moving,30.0,Healthy
I654306,C239813,Male,57,Shoes,4,2400.68,Credit Card,02-10-2021,Metropol AVM,9602.72,6721.9039999999995,2880.816,119,Slow Moving,30.0,Healthy
I258460,C283880,Female,52,Toys,4,143.36,Credit Card,04-03-2022,Mall of Istanbul,573.44,401.408,172.03200000000004,30,Fast Moving,30.000000000000004,Healthy
I243264,C217948,Female,28,Shoes,1,600.17,Cash,09-12-2022,Metropol AVM,600.17,420.11899999999997,180.051,33,Fast Moving,30.0,Healthy
I151138,C170925,Female,47,Souvenir,5,58.65,Cash,05-03-2021,Metrocity,293.25,205.27499999999998,87.97500000000002,25,Fast Moving,30.00000000000001,Healthy
I247306,C465167,Female,46,Cosmetics,4,162.64,Cash,22-10-2021,Mall of Istanbul,650.56,455.39199999999994,195.168,15,Fast Moving,30.000000000000004,Healthy
I673195,C155697,Male,38,Souvenir,1,11.73,Cash,20-11-2021,Mall of Istanbul,11.73,8.211,3.519,44,Fast Moving,30.0,Healthy
I431780,C111981,Male,47,Cosmetics,5,203.3,Credit Card,01-04-2021,Metrocity,1016.5,711.55,304.95000000000005,15,Fast Moving,30.000000000000004,Healthy
I323800,C107279,Female,23,Food & Beverage,3,15.69,Cash,27-08-2022,Mall of Istanbul,47.07,32.949,14.121000000000002,40,Fast Moving,30.000000000000004,Healthy
I939160,C895045,Male,38,Toys,2,71.68,Cash,20-10-2022,Kanyon,143.36,100.352,43.00800000000001,117,Slow Moving,30.000000000000004,Healthy
I351510,C160201,Male,48,Food & Beverage,3,15.69,Debit Card,14-06-2022,Zorlu Center,47.07,32.949,14.121000000000002,63,Fast Moving,30.000000000000004,Healthy
I119332,C278169,Male,48,Cosmetics,4,162.64,Cash,16-09-2022,Kanyon,650.56,455.39199999999994,195.168,43,Fast Moving,30.000000000000004,Healthy
I862119,C709743,Female,50,Food & Beverage,5,26.15,Cash,27-01-2022,Metrocity,130.75,91.52499999999999,39.22500000000001,108,Slow Moving,30.000000000000004,Healthy
I212519,C273931,Female,59,Toys,2,71.68,Debit Card,10-10-2022,Emaar Square Mall,143.36,100.352,43.00800000000001,103,Slow Moving,30.000000000000004,Healthy
I260086,C177500,Male,31,Technology,5,5250.0,Credit Card,10-01-2021,Kanyon,26250.0,18375.0,7875.0,58,Fast Moving,30.0,Healthy
I165750,C392081,Male,27,Cosmetics,3,121.98,Credit Card,26-01-2021,Cevahir AVM,365.94,256.15799999999996,109.78200000000004,102,Slow Moving,30.00000000000001,Healthy
I297633,C311887,Female,35,Clothing,1,300.08,Cash,08-02-2023,Viaport Outlet,300.08,210.05599999999998,90.024,59,Fast Moving,30.000000000000004,Healthy
I152967,C744124,Female,44,Clothing,2,600.16,Credit Card,30-03-2022,Istinye Park,1200.32,840.2239999999999,360.096,115,Slow Moving,30.000000000000004,Healthy
I160076,C550185,Male,47,Clothing,3,900.24,Cash,30-01-2022,Metrocity,2700.7200000000003,1890.5040000000001,810.2160000000001,28,Fast Moving,30.000000000000004,Healthy
I133922,C330413,Female,20,Food & Beverage,1,5.23,Debit Card,26-03-2021,Kanyon,5.23,3.661,1.5690000000000004,26,Fast Moving,30.000000000000004,Healthy
I176514,C179590,Male,43,Toys,4,143.36,Credit Card,13-04-2021,Kanyon,573.44,401.408,172.03200000000004,73,Fast Moving,30.000000000000004,Healthy
I825155,C255999,Female,68,Clothing,2,600.16,Credit Card,12-02-2021,Metrocity,1200.32,840.2239999999999,360.096,60,Fast Moving,30.000000000000004,Healthy
I271897,C204867,Male,52,Toys,2,71.68,Credit Card,25-05-2021,Viaport Outlet,143.36,100.352,43.00800000000001,37,Fast Moving,30.000000000000004,Healthy
I400888,C143471,Male,39,Cosmetics,5,203.3,Debit Card,07-02-2023,Zorlu Center,1016.5,711.55,304.95000000000005,40,Fast Moving,30.000000000000004,Healthy
I323718,C102567,Male,29,Clothing,1,300.08,Cash,12-05-2021,Metrocity,300.08,210.05599999999998,90.024,115,Slow Moving,30.000000000000004,Healthy
I133821,C250146,Female,58,Cosmetics,2,81.32,Cash,12-02-2022,Zorlu Center,162.64,113.84799999999998,48.792,24,Fast Moving,30.000000000000004,Healthy
I134446,C661696,Female,53,Technology,5,5250.0,Cash,24-01-2023,Mall of Istanbul,26250.0,18375.0,7875.0,87,Slow Moving,30.0,Healthy
I549884,C474588,Female,64,Food & Beverage,3,15.69,Debit Card,02-10-2021,Forum Istanbul,47.07,32.949,14.121000000000002,103,Slow Moving,30.000000000000004,Healthy
I112064,C203624,Male,24,Food & Beverage,1,5.23,Cash,24-01-2023,Kanyon,5.23,3.661,1.5690000000000004,111,Slow Moving,30.000000000000004,Healthy
I352477,C320610,Male,65,Clothing,5,1500.4,Cash,19-10-2022,Kanyon,7502.0,5251.4,2250.6000000000004,85,Slow Moving,30.000000000000004,Healthy
I267362,C144709,Female,23,Clothing,3,900.24,Credit Card,17-04-2021,Metropol AVM,2700.7200000000003,1890.5040000000001,810.2160000000001,66,Fast Moving,30.000000000000004,Healthy
I651687,C121513,Male,60,Toys,2,71.68,Cash,25-08-2022,Mall of Istanbul,143.36,100.352,43.00800000000001,113,Slow Moving,30.000000000000004,Healthy
I199027,C287970,Male,69,Clothing,2,600.16,Debit Card,24-07-2022,Mall of Istanbul,1200.32,840.2239999999999,360.096,111,Slow Moving,30.000000000000004,Healthy
I204418,C329432,Male,18,Cosmetics,1,40.66,Credit Card,20-12-2021,Zorlu Center,40.66,28.461999999999996,12.198,102,Slow Moving,30.000000000000004,Healthy
I230057,C882218,Male,51,Cosmetics,5,203.3,Credit Card,14-05-2021,Metrocity,1016.5,711.55,304.95000000000005,77,Slow Moving,30.000000000000004,Healthy
I219372,C176686,Female,37,Cosmetics,4,162.64,Cash,02-04-2021,Istinye Park,650.56,455.39199999999994,195.168,30,Fast Moving,30.000000000000004,Healthy
I257456,C632622,Female,59,Technology,3,3150.0,Debit Card,29-11-2022,Cevahir AVM,9450.0,6615.0,2835.0,70,Fast Moving,30.0,Healthy
I225296,C198638,Male,24,Food & Beverage,3,15.69,Credit Card,04-04-2021,Viaport Outlet,47.07,32.949,14.121000000000002,77,Slow Moving,30.000000000000004,Healthy
I237248,C399332,Female,49,Technology,4,4200.0,Cash,09-05-2022,Mall of Istanbul,16800.0,11760.0,5040.0,77,Slow Moving,30.0,Healthy
I228474,C271349,Male,43,Clothing,3,900.24,Debit Card,19-03-2021,Zorlu Center,2700.7200000000003,1890.5040000000001,810.2160000000001,44,Fast Moving,30.000000000000004,Healthy
I129050,C255079,Female,53,Technology,3,3150.0,Cash,07-01-2022,Metrocity,9450.0,6615.0,2835.0,21,Fast Moving,30.0,Healthy
I242447,C170934,Female,29,Clothing,2,600.16,Cash,16-05-2022,Kanyon,1200.32,840.2239999999999,360.096,5,Fast Moving,30.000000000000004,Healthy
I140537,C196044,Female,67,Cosmetics,2,81.32,Credit Card,21-10-2022,Mall of Istanbul,162.64,113.84799999999998,48.792,93,Slow Moving,30.000000000000004,Healthy
I810843,C179024,Female,41,Clothing,4,1200.32,Cash,02-01-2021,Metrocity,4801.28,3360.8959999999997,1440.384,65,Fast Moving,30.000000000000004,Healthy
I335616,C191458,Female,50,Books,3,45.45,Cash,11-01-2022,Mall of Istanbul,136.35000000000002,95.44500000000001,40.905000000000015,47,Fast Moving,30.000000000000004,Healthy
I763903,C113451,Female,58,Clothing,2,600.16,Debit Card,25-07-2021,Zorlu Center,1200.32,840.2239999999999,360.096,108,Slow Moving,30.000000000000004,Healthy
I203134,C302824,Male,26,Clothing,3,900.24,Cash,04-05-2021,Kanyon,2700.7200000000003,1890.5040000000001,810.2160000000001,46,Fast Moving,30.000000000000004,Healthy
I671317,C149082,Female,56,Cosmetics,5,203.3,Cash,09-12-2022,Mall of Istanbul,1016.5,711.55,304.95000000000005,29,Fast Moving,30.000000000000004,Healthy
I173571,C675153,Female,56,Food & Beverage,4,20.92,Credit Card,13-09-2022,Kanyon,83.68,58.576,25.104000000000006,43,Fast Moving,30.000000000000004,Healthy
I192662,C238146,Male,55,Clothing,3,900.24,Credit Card,21-02-2023,Istinye Park,2700.7200000000003,1890.5040000000001,810.2160000000001,39,Fast Moving,30.000000000000004,Healthy
I907293,C617356,Male,68,Toys,4,143.36,Cash,02-01-2022,Mall of Istanbul,573.44,401.408,172.03200000000004,7,Fast Moving,30.000000000000004,Healthy
I296279,C298580,Male,59,Souvenir,1,11.73,Credit Card,11-01-2021,Zorlu Center,11.73,8.211,3.519,118,Slow Moving,30.0,Healthy
I780560,C604007,Female,33,Clothing,3,900.24,Cash,30-04-2022,Metropol AVM,2700.7200000000003,1890.5040000000001,810.2160000000001,105,Slow Moving,30.000000000000004,Healthy
I193565,C132871,Female,62,Cosmetics,4,162.64,Cash,16-08-2022,Kanyon,650.56,455.39199999999994,195.168,112,Slow Moving,30.000000000000004,Healthy
I233758,C325757,Female,61,Clothing,3,900.24,Cash,22-01-2023,Istinye Park,2700.7200000000003,1890.5040000000001,810.2160000000001,48,Fast Moving,30.000000000000004,Healthy
I978050,C176604,Female,39,Food & Beverage,5,26.15,Cash,01-02-2023,Mall of Istanbul,130.75,91.52499999999999,39.22500000000001,55,Fast Moving,30.000000000000004,Healthy
I574237,C255835,Male,35,Toys,3,107.52,Debit Card,07-07-2021,Metrocity,322.56,225.79199999999997,96.76800000000003,98,Slow Moving,30.00000000000001,Healthy
I218288,C227736,Female,48,Cosmetics,4,162.64,Credit Card,16-11-2021,Cevahir AVM,650.56,455.39199999999994,195.168,106,Slow Moving,30.000000000000004,Healthy
I920171,C212643,Female,54,Shoes,2,1200.34,Debit Card,16-01-2022,Mall of Istanbul,2400.68,1680.4759999999999,720.204,102,Slow Moving,30.0,Healthy
I321278,C226101,Male,18,Clothing,1,300.08,Credit Card,31-07-2022,Kanyon,300.08,210.05599999999998,90.024,16,Fast Moving,30.000000000000004,Healthy
I946492,C198219,Male,43,Technology,3,3150.0,Cash,07-08-2021,Istinye Park,9450.0,6615.0,2835.0,23,Fast Moving,30.0,Healthy
I265839,C128031,Female,34,Clothing,4,1200.32,Debit Card,17-10-2021,Metrocity,4801.28,3360.8959999999997,1440.384,105,Slow Moving,30.000000000000004,Healthy
I184859,C272792,Female,29,Clothing,4,1200.32,Cash,17-01-2023,Mall of Istanbul,4801.28,3360.8959999999997,1440.384,48,Fast Moving,30.000000000000004,Healthy
I334188,C242616,Female,50,Souvenir,4,46.92,Cash,06-01-2021,Mall of Istanbul,187.68,131.376,56.304,63,Fast Moving,30.0,Healthy
I223615,C287773,Female,37,Clothing,2,600.16,Cash,30-08-2021,Mall of Istanbul,1200.32,840.2239999999999,360.096,53,Fast Moving,30.000000000000004,Healthy
I750563,C174194,Female,34,Food & Beverage,3,15.69,Credit Card,18-10-2021,Metrocity,47.07,32.949,14.121000000000002,65,Fast Moving,30.000000000000004,Healthy
I283725,C991037,Female,37,Shoes,5,3000.85,Cash,22-12-2021,Mall of Istanbul,15004.25,10502.974999999999,4501.2750000000015,21,Fast Moving,30.00000000000001,Healthy
I190799,C108828,Male,37,Clothing,2,600.16,Credit Card,21-03-2021,Metrocity,1200.32,840.2239999999999,360.096,78,Slow Moving,30.000000000000004,Healthy
I187927,C155238,Female,20,Food & Beverage,3,15.69,Cash,28-06-2021,Cevahir AVM,47.07,32.949,14.121000000000002,61,Fast Moving,30.000000000000004,Healthy
I132511,C151287,Female,25,Food & Beverage,2,10.46,Cash,22-11-2021,Istinye Park,20.92,14.644,6.276000000000002,59,Fast Moving,30.000000000000004,Healthy
I309833,C330352,Female,26,Cosmetics,3,121.98,Cash,22-05-2022,Metrocity,365.94,256.15799999999996,109.78200000000004,117,Slow Moving,30.00000000000001,Healthy
I292286,C644712,Female,61,Food & Beverage,5,26.15,Cash,09-03-2021,Kanyon,130.75,91.52499999999999,39.22500000000001,51,Fast Moving,30.000000000000004,Healthy
I280387,C190362,Female,50,Clothing,1,300.08,Cash,14-08-2022,Cevahir AVM,300.08,210.05599999999998,90.024,16,Fast Moving,30.000000000000004,Healthy
I116937,C276518,Female,39,Cosmetics,3,121.98,Credit Card,15-09-2022,Viaport Outlet,365.94,256.15799999999996,109.78200000000004,66,Fast Moving,30.00000000000001,Healthy
I156748,C536552,Male,21,Shoes,3,1800.51,Cash,20-09-2021,Emaar Square Mall,5401.53,3781.0709999999995,1620.4590000000003,84,Slow Moving,30.000000000000004,Healthy
I888064,C275917,Female,38,Cosmetics,4,162.64,Cash,05-11-2022,Kanyon,650.56,455.39199999999994,195.168,92,Slow Moving,30.000000000000004,Healthy
I276626,C330584,Female,56,Shoes,4,2400.68,Credit Card,27-08-2021,Mall of Istanbul,9602.72,6721.9039999999995,2880.816,87,Slow Moving,30.0,Healthy
I133952,C233646,Female,50,Books,5,75.75,Cash,02-02-2023,Mall of Istanbul,378.75,265.125,113.625,12,Fast Moving,30.0,Healthy
I277194,C207954,Female,67,Souvenir,4,46.92,Debit Card,30-01-2021,Metrocity,187.68,131.376,56.304,99,Slow Moving,30.0,Healthy
I841597,C196056,Female,22,Clothing,2,600.16,Credit Card,12-03-2022,Istinye Park,1200.32,840.2239999999999,360.096,25,Fast Moving,30.000000000000004,Healthy
I273164,C213995,Male,62,Clothing,2,600.16,Credit Card,24-09-2022,Mall of Istanbul,1200.32,840.2239999999999,360.096,85,Slow Moving,30.000000000000004,Healthy
I320504,C765010,Female,68,Food & Beverage,5,26.15,Credit Card,29-03-2021,Kanyon,130.75,91.52499999999999,39.22500000000001,91,Slow Moving,30.000000000000004,Healthy
I325460,C321916,Female,64,Food & Beverage,5,26.15,Credit Card,23-05-2022,Istinye Park,130.75,91.52499999999999,39.22500000000001,105,Slow Moving,30.000000000000004,Healthy
I176043,C239532,Female,19,Books,2,30.3,Cash,05-09-2022,Cevahir AVM,60.6,42.42,18.18,84,Slow Moving,30.0,Healthy
I203526,C440342,Female,30,Clothing,1,300.08,Debit Card,16-07-2021,Mall of Istanbul,300.08,210.05599999999998,90.024,74,Fast Moving,30.000000000000004,Healthy
I337611,C137689,Female,35,Shoes,4,2400.68,Debit Card,17-01-2022,Emaar Square Mall,9602.72,6721.9039999999995,2880.816,76,Slow Moving,30.0,Healthy
I332809,C469535,Female,51,Clothing,1,300.08,Cash,15-08-2022,Istinye Park,300.08,210.05599999999998,90.024,29,Fast Moving,30.000000000000004,Healthy
I196861,C310188,Female,23,Toys,2,71.68,Credit Card,30-08-2021,Mall of Istanbul,143.36,100.352,43.00800000000001,86,Slow Moving,30.000000000000004,Healthy
I311320,C289977,Male,18,Toys,5,179.2,Debit Card,30-06-2022,Metrocity,896.0,627.1999999999999,268.80000000000007,93,Slow Moving,30.00000000000001,Healthy
I137236,C105862,Female,18,Cosmetics,2,81.32,Debit Card,17-03-2021,Emaar Square Mall,162.64,113.84799999999998,48.792,16,Fast Moving,30.000000000000004,Healthy
I198802,C261711,Female,29,Food & Beverage,2,10.46,Cash,17-12-2022,Mall of Istanbul,20.92,14.644,6.276000000000002,19,Fast Moving,30.000000000000004,Healthy
I325531,C273903,Female,48,Books,2,30.3,Credit Card,24-02-2021,Metrocity,60.6,42.42,18.18,63,Fast Moving,30.0,Healthy
I235853,C132093,Male,63,Toys,3,107.52,Cash,07-12-2022,Kanyon,322.56,225.79199999999997,96.76800000000003,30,Fast Moving,30.00000000000001,Healthy
I782749,C430623,Female,26,Souvenir,3,35.19,Credit Card,21-02-2022,Mall of Istanbul,105.57,73.89899999999999,31.671000000000006,109,Slow Moving,30.00000000000001,Healthy
I262474,C190938,Female,25,Clothing,4,1200.32,Debit Card,23-12-2021,Forum Istanbul,4801.28,3360.8959999999997,1440.384,113,Slow Moving,30.000000000000004,Healthy
I953752,C338765,Male,38,Clothing,5,1500.4,Cash,07-03-2022,Kanyon,7502.0,5251.4,2250.6000000000004,30,Fast Moving,30.000000000000004,Healthy
I179301,C507408,Male,23,Shoes,4,2400.68,Credit Card,30-11-2021,Mall of Istanbul,9602.72,6721.9039999999995,2880.816,51,Fast Moving,30.0,Healthy
I298561,C545317,Female,69,Toys,1,35.84,Cash,29-12-2021,Istinye Park,35.84,25.088,10.752000000000002,36,Fast Moving,30.000000000000004,Healthy
I184490,C120404,Female,33,Toys,3,107.52,Credit Card,12-03-2022,Emaar Square Mall,322.56,225.79199999999997,96.76800000000003,14,Fast Moving,30.00000000000001,Healthy
I229390,C246959,Female,54,Souvenir,3,35.19,Cash,15-02-2023,Kanyon,105.57,73.89899999999999,31.671000000000006,20,Fast Moving,30.00000000000001,Healthy
I235821,C826270,Female,42,Food & Beverage,3,15.69,Debit Card,11-01-2021,Istinye Park,47.07,32.949,14.121000000000002,75,Fast Moving,30.000000000000004,Healthy
I225155,C267019,Female,55,Shoes,5,3000.85,Cash,02-08-2021,Metropol AVM,15004.25,10502.974999999999,4501.2750000000015,21,Fast Moving,30.00000000000001,Healthy
I942018,C267120,Female,51,Clothing,4,1200.32,Debit Card,04-11-2022,Mall of Istanbul,4801.28,3360.8959999999997,1440.384,27,Fast Moving,30.000000000000004,Healthy
I312066,C291860,Male,54,Food & Beverage,5,26.15,Credit Card,24-12-2022,Metropol AVM,130.75,91.52499999999999,39.22500000000001,30,Fast Moving,30.000000000000004,Healthy
I266425,C132340,Male,35,Clothing,1,300.08,Cash,04-06-2021,Cevahir AVM,300.08,210.05599999999998,90.024,89,Slow Moving,30.000000000000004,Healthy
I218472,C236084,Female,57,Clothing,3,900.24,Debit Card,08-09-2022,Kanyon,2700.7200000000003,1890.5040000000001,810.2160000000001,90,Slow Moving,30.000000000000004,Healthy
I265212,C280123,Female,41,Cosmetics,5,203.3,Cash,09-06-2022,Mall of Istanbul,1016.5,711.55,304.95000000000005,11,Fast Moving,30.000000000000004,Healthy
I207003,C294773,Female,66,Clothing,1,300.08,Debit Card,15-06-2021,Metrocity,300.08,210.05599999999998,90.024,18,Fast Moving,30.000000000000004,Healthy
I108125,C204887,Female,44,Souvenir,5,58.65,Cash,13-03-2021,Metrocity,293.25,205.27499999999998,87.97500000000002,83,Slow Moving,30.00000000000001,Healthy
I115607,C667578,Male,32,Clothing,4,1200.32,Credit Card,15-05-2021,Forum Istanbul,4801.28,3360.8959999999997,1440.384,11,Fast Moving,30.000000000000004,Healthy
I983925,C198062,Male,36,Cosmetics,3,121.98,Cash,09-01-2023,Metrocity,365.94,256.15799999999996,109.78200000000004,13,Fast Moving,30.00000000000001,Healthy
I299483,C267617,Male,38,Clothing,2,600.16,Cash,20-06-2022,Metrocity,1200.32,840.2239999999999,360.096,119,Slow Moving,30.000000000000004,Healthy
I115856,C326318,Male,32,Cosmetics,3,121.98,Cash,16-09-2022,Kanyon,365.94,256.15799999999996,109.78200000000004,52,Fast Moving,30.00000000000001,Healthy
I270947,C830754,Female,25,Food & Beverage,4,20.92,Credit Card,16-09-2022,Viaport Outlet,83.68,58.576,25.104000000000006,76,Slow Moving,30.000000000000004,Healthy
I233823,C822715,Male,60,Food & Beverage,4,20.92,Credit Card,25-12-2021,Kanyon,83.68,58.576,25.104000000000006,118,Slow Moving,30.000000000000004,Healthy
I301321,C106775,Female,68,Clothing,5,1500.4,Credit Card,14-09-2022,Metropol AVM,7502.0,5251.4,2250.6000000000004,63,Fast Moving,30.000000000000004,Healthy
I139837,C184990,Male,67,Souvenir,3,35.19,Credit Card,13-07-2022,Mall of Istanbul,105.57,73.89899999999999,31.671000000000006,91,Slow Moving,30.00000000000001,Healthy
I284663,C182235,Female,67,Clothing,3,900.24,Credit Card,27-03-2022,Emaar Square Mall,2700.7200000000003,1890.5040000000001,810.2160000000001,97,Slow Moving,30.000000000000004,Healthy
I143821,C327130,Female,67,Cosmetics,1,40.66,Credit Card,04-12-2021,Metrocity,40.66,28.461999999999996,12.198,86,Slow Moving,30.000000000000004,Healthy
I246032,C833582,Female,39,Food & Beverage,2,10.46,Credit Card,06-06-2021,Mall of Istanbul,20.92,14.644,6.276000000000002,99,Slow Moving,30.000000000000004,Healthy
I271880,C159246,Female,58,Toys,5,179.2,Cash,10-12-2022,Metrocity,896.0,627.1999999999999,268.80000000000007,98,Slow Moving,30.00000000000001,Healthy
I292522,C155256,Male,57,Clothing,1,300.08,Credit Card,10-03-2021,Cevahir AVM,300.08,210.05599999999998,90.024,43,Fast Moving,30.000000000000004,Healthy
I196500,C287934,Female,64,Clothing,5,1500.4,Credit Card,12-09-2021,Mall of Istanbul,7502.0,5251.4,2250.6000000000004,103,Slow Moving,30.000000000000004,Healthy
I237866,C297260,Male,31,Shoes,5,3000.85,Credit Card,13-01-2023,Metropol AVM,15004.25,10502.974999999999,4501.2750000000015,22,Fast Moving,30.00000000000001,Healthy
I135969,C144442,Female,26,Clothing,5,1500.4,Cash,15-02-2021,Zorlu Center,7502.0,5251.4,2250.6000000000004,63,Fast Moving,30.000000000000004,Healthy
I732112,C159632,Female,63,Food & Beverage,2,10.46,Cash,04-12-2021,Cevahir AVM,20.92,14.644,6.276000000000002,110,Slow Moving,30.000000000000004,Healthy
I251728,C809067,Female,68,Cosmetics,5,203.3,Credit Card,27-05-2022,Forum Istanbul,1016.5,711.55,304.95000000000005,107,Slow Moving,30.000000000000004,Healthy
I288293,C323229,Female,42,Clothing,2,600.16,Cash,21-12-2021,Zorlu Center,1200.32,840.2239999999999,360.096,21,Fast Moving,30.000000000000004,Healthy
I201971,C305500,Male,31,Cosmetics,2,81.32,Credit Card,18-04-2022,Cevahir AVM,162.64,113.84799999999998,48.792,18,Fast Moving,30.000000000000004,Healthy
I262808,C559746,Male,19,Clothing,3,900.24,Debit Card,08-12-2022,Kanyon,2700.7200000000003,1890.5040000000001,810.2160000000001,35,Fast Moving,30.000000000000004,Healthy
I148577,C952467,Female,37,Shoes,5,3000.85,Cash,05-01-2023,Metrocity,15004.25,10502.974999999999,4501.2750000000015,28,Fast Moving,30.00000000000001,Healthy
I249148,C902190,Female,19,Clothing,4,1200.32,Cash,20-09-2022,Metrocity,4801.28,3360.8959999999997,1440.384,103,Slow Moving,30.000000000000004,Healthy
I273172,C900938,Female,42,Technology,2,2100.0,Cash,18-12-2022,Metrocity,4200.0,2940.0,1260.0,112,Slow Moving,30.0,Healthy
I129845,C807718,Female,30,Clothing,4,1200.32,Debit Card,13-08-2022,Mall of Istanbul,4801.28,3360.8959999999997,1440.384,64,Fast Moving,30.000000000000004,Healthy
I645871,C578468,Female,22,Cosmetics,4,162.64,Cash,02-02-2023,Zorlu Center,650.56,455.39199999999994,195.168,49,Fast Moving,30.000000000000004,Healthy
I213045,C229387,Female,27,Souvenir,2,23.46,Credit Card,20-01-2021,Kanyon,46.92,32.844,14.076,102,Slow Moving,30.0,Healthy
I138426,C242402,Male,23,Food & Beverage,3,15.69,Credit Card,28-06-2021,Cevahir AVM,47.07,32.949,14.121000000000002,7,Fast Moving,30.000000000000004,Healthy
I208808,C298916,Female,38,Souvenir,1,11.73,Credit Card,10-01-2021,Mall of Istanbul,11.73,8.211,3.519,41,Fast Moving,30.0,Healthy
I277426,C325102,Female,64,Clothing,3,900.24,Cash,25-02-2021,Istinye Park,2700.7200000000003,1890.5040000000001,810.2160000000001,47,Fast Moving,30.000000000000004,Healthy
I682173,C237684,Female,54,Cosmetics,3,121.98,Credit Card,26-04-2021,Metrocity,365.94,256.15799999999996,109.78200000000004,44,Fast Moving,30.00000000000001,Healthy
I268314,C325203,Male,21,Toys,5,179.2,Cash,13-09-2022,Kanyon,896.0,627.1999999999999,268.80000000000007,94,Slow Moving,30.00000000000001,Healthy
I123918,C336809,Female,61,Clothing,1,300.08,Cash,07-02-2023,Emaar Square Mall,300.08,210.05599999999998,90.024,59,Fast Moving,30.000000000000004,Healthy
I575449,C236785,Female,43,Clothing,1,300.08,Cash,13-04-2021,Mall of Istanbul,300.08,210.05599999999998,90.024,91,Slow Moving,30.000000000000004,Healthy
I139745,C117351,Female,69,Technology,2,2100.0,Cash,20-02-2023,Istinye Park,4200.0,2940.0,1260.0,112,Slow Moving,30.0,Healthy
I555520,C225939,Female,60,Cosmetics,5,203.3,Credit Card,29-04-2021,Metrocity,1016.5,711.55,304.95000000000005,43,Fast Moving,30.000000000000004,Healthy
I233432,C180589,Male,39,Cosmetics,4,162.64,Credit Card,10-08-2021,Kanyon,650.56,455.39199999999994,195.168,19,Fast Moving,30.000000000000004,Healthy
I585456,C319412,Female,46,Clothing,4,1200.32,Debit Card,20-10-2022,Kanyon,4801.28,3360.8959999999997,1440.384,117,Slow Moving,30.000000000000004,Healthy
I428525,C176063,Male,61,Shoes,5,3000.85,Cash,01-08-2021,Kanyon,15004.25,10502.974999999999,4501.2750000000015,8,Fast Moving,30.00000000000001,Healthy
I105721,C318000,Male,42,Clothing,4,1200.32,Credit Card,13-01-2023,Kanyon,4801.28,3360.8959999999997,1440.384,97,Slow Moving,30.000000000000004,Healthy
I295363,C126315,Female,32,Clothing,3,900.24,Cash,01-06-2022,Emaar Square Mall,2700.7200000000003,1890.5040000000001,810.2160000000001,90,Slow Moving,30.000000000000004,Healthy
I402236,C720198,Female,41,Food & Beverage,1,5.23,Cash,08-07-2022,Metrocity,5.23,3.661,1.5690000000000004,29,Fast Moving,30.000000000000004,Healthy
I238603,C103577,Female,42,Clothing,2,600.16,Cash,07-02-2022,Viaport Outlet,1200.32,840.2239999999999,360.096,17,Fast Moving,30.000000000000004,Healthy
I166214,C318391,Male,25,Souvenir,2,23.46,Cash,16-11-2022,Kanyon,46.92,32.844,14.076,86,Slow Moving,30.0,Healthy
I286651,C682023,Female,68,Food & Beverage,5,26.15,Cash,02-06-2021,Mall of Istanbul,130.75,91.52499999999999,39.22500000000001,37,Fast Moving,30.000000000000004,Healthy
I227452,C251944,Male,19,Clothing,4,1200.32,Cash,25-05-2022,Mall of Istanbul,4801.28,3360.8959999999997,1440.384,20,Fast Moving,30.000000000000004,Healthy
I400039,C719499,Female,65,Clothing,3,900.24,Debit Card,17-05-2021,Zorlu Center,2700.7200000000003,1890.5040000000001,810.2160000000001,113,Slow Moving,30.000000000000004,Healthy
I101185,C269338,Female,60,Cosmetics,3,121.98,Credit Card,20-05-2022,Istinye Park,365.94,256.15799999999996,109.78200000000004,46,Fast Moving,30.00000000000001,Healthy
I104505,C698742,Female,32,Souvenir,3,35.19,Credit Card,12-06-2021,Kanyon,105.57,73.89899999999999,31.671000000000006,112,Slow Moving,30.00000000000001,Healthy
I236010,C133974,Female,48,Shoes,2,1200.34,Cash,04-05-2021,Kanyon,2400.68,1680.4759999999999,720.204,70,Fast Moving,30.0,Healthy
I128426,C327399,Male,21,Toys,3,107.52,Cash,06-05-2022,Kanyon,322.56,225.79199999999997,96.76800000000003,59,Fast Moving,30.00000000000001,Healthy
I245580,C114800,Female,56,Clothing,3,900.24,Cash,06-08-2022,Mall of Istanbul,2700.7200000000003,1890.5040000000001,810.2160000000001,103,Slow Moving,30.000000000000004,Healthy
I150967,C296768,Male,21,Clothing,2,600.16,Cash,11-12-2022,Cevahir AVM,1200.32,840.2239999999999,360.096,46,Fast Moving,30.000000000000004,Healthy
I156396,C182595,Female,36,Food & Beverage,2,10.46,Cash,06-04-2021,Metrocity,20.92,14.644,6.276000000000002,38,Fast Moving,30.000000000000004,Healthy
I107609,C338577,Female,49,Food & Beverage,5,26.15,Credit Card,31-07-2022,Metropol AVM,130.75,91.52499999999999,39.22500000000001,34,Fast Moving,30.000000000000004,Healthy
I312520,C256845,Male,42,Clothing,3,900.24,Credit Card,26-01-2021,Emaar Square Mall,2700.7200000000003,1890.5040000000001,810.2160000000001,17,Fast Moving,30.000000000000004,Healthy
I128626,C179309,Male,37,Food & Beverage,4,20.92,Cash,02-03-2021,Metrocity,83.68,58.576,25.104000000000006,17,Fast Moving,30.000000000000004,Healthy
I119685,C211689,Female,44,Clothing,2,600.16,Debit Card,05-02-2023,Viaport Outlet,1200.32,840.2239999999999,360.096,22,Fast Moving,30.000000000000004,Healthy
I939386,C545894,Male,46,Technology,2,2100.0,Cash,04-03-2021,Mall of Istanbul,4200.0,2940.0,1260.0,36,Fast Moving,30.0,Healthy
I221408,C274690,Male,36,Clothing,1,300.08,Credit Card,28-01-2022,Zorlu Center,300.08,210.05599999999998,90.024,100,Slow Moving,30.000000000000004,Healthy
I136331,C809737,Male,26,Clothing,5,1500.4,Debit Card,05-07-2022,Metrocity,7502.0,5251.4,2250.6000000000004,103,Slow Moving,30.000000000000004,Healthy
I126694,C311661,Female,54,Toys,4,143.36,Cash,28-01-2023,Istinye Park,573.44,401.408,172.03200000000004,43,Fast Moving,30.000000000000004,Healthy
I299720,C137138,Female,53,Clothing,2,600.16,Credit Card,15-03-2022,Metropol AVM,1200.32,840.2239999999999,360.096,50,Fast Moving,30.000000000000004,Healthy
I305702,C699724,Female,35,Clothing,1,300.08,Credit Card,09-04-2021,Kanyon,300.08,210.05599999999998,90.024,33,Fast Moving,30.000000000000004,Healthy
I203747,C337177,Female,30,Clothing,5,1500.4,Debit Card,05-08-2022,Mall of Istanbul,7502.0,5251.4,2250.6000000000004,66,Fast Moving,30.000000000000004,Healthy
I240208,C129409,Male,69,Clothing,1,300.08,Credit Card,15-06-2021,Mall of Istanbul,300.08,210.05599999999998,90.024,117,Slow Moving,30.000000000000004,Healthy
I285149,C302667,Female,65,Souvenir,4,46.92,Credit Card,01-10-2022,Kanyon,187.68,131.376,56.304,97,Slow Moving,30.0,Healthy
I318091,C121400,Female,50,Cosmetics,3,121.98,Credit Card,12-02-2022,Zorlu Center,365.94,256.15799999999996,109.78200000000004,66,Fast Moving,30.00000000000001,Healthy
I806714,C241751,Female,32,Clothing,4,1200.32,Debit Card,09-12-2022,Metrocity,4801.28,3360.8959999999997,1440.384,112,Slow Moving,30.000000000000004,Healthy
I498086,C329954,Male,43,Souvenir,1,11.73,Cash,13-02-2021,Metrocity,11.73,8.211,3.519,61,Fast Moving,30.0,Healthy
I101433,C208860,Male,40,Food & Beverage,3,15.69,Credit Card,10-08-2022,Mall of Istanbul,47.07,32.949,14.121000000000002,20,Fast Moving,30.000000000000004,Healthy
I130735,C156443,Male,69,Food & Beverage,3,15.69,Credit Card,04-04-2021,Istinye Park,47.07,32.949,14.121000000000002,60,Fast Moving,30.000000000000004,Healthy
I114739,C111679,Female,64,Cosmetics,3,121.98,Debit Card,17-06-2021,Mall of Istanbul,365.94,256.15799999999996,109.78200000000004,112,Slow Moving,30.00000000000001,Healthy
I132661,C193510,Female,66,Toys,4,143.36,Cash,15-11-2021,Mall of Istanbul,573.44,401.408,172.03200000000004,115,Slow Moving,30.000000000000004,Healthy
I733046,C227728,Female,69,Clothing,2,600.16,Debit Card,16-11-2021,Metrocity,1200.32,840.2239999999999,360.096,14,Fast Moving,30.000000000000004,Healthy
I188063,C632239,Female,27,Clothing,2,600.16,Cash,03-03-2023,Mall of Istanbul,1200.32,840.2239999999999,360.096,34,Fast Moving,30.000000000000004,Healthy
I526600,C180651,Female,19,Books,1,15.15,Credit Card,25-07-2021,Istinye Park,15.15,10.605,4.545,29,Fast Moving,30.0,Healthy
I338543,C963628,Female,67,Clothing,2,600.16,Credit Card,20-10-2022,Forum Istanbul,1200.32,840.2239999999999,360.096,107,Slow Moving,30.000000000000004,Healthy
I230511,C205552,Male,52,Shoes,2,1200.34,Credit Card,30-10-2021,Kanyon,2400.68,1680.4759999999999,720.204,88,Slow Moving,30.0,Healthy
I187255,C113670,Male,28,Clothing,4,1200.32,Debit Card,05-02-2023,Mall of Istanbul,4801.28,3360.8959999999997,1440.384,9,Fast Moving,30.000000000000004,Healthy
I700893,C135897,Female,38,Souvenir,2,23.46,Debit Card,21-09-2021,Kanyon,46.92,32.844,14.076,69,Fast Moving,30.0,Healthy
I140282,C190639,Male,27,Clothing,5,1500.4,Cash,21-10-2022,Metropol AVM,7502.0,5251.4,2250.6000000000004,98,Slow Moving,30.000000000000004,Healthy
I302650,C205925,Female,68,Food & Beverage,1,5.23,Credit Card,28-01-2022,Viaport Outlet,5.23,3.661,1.5690000000000004,53,Fast Moving,30.000000000000004,Healthy
I223446,C259706,Male,40,Clothing,5,1500.4,Credit Card,19-10-2021,Cevahir AVM,7502.0,5251.4,2250.6000000000004,7,Fast Moving,30.000000000000004,Healthy
I173395,C249924,Male,40,Clothing,2,600.16,Credit Card,28-06-2022,Metrocity,1200.32,840.2239999999999,360.096,49,Fast Moving,30.000000000000004,Healthy
I325592,C305544,Female,57,Toys,5,179.2,Debit Card,08-01-2021,Metropol AVM,896.0,627.1999999999999,268.80000000000007,18,Fast Moving,30.00000000000001,Healthy
I259898,C926896,Female,22,Clothing,2,600.16,Debit Card,03-04-2022,Zorlu Center,1200.32,840.2239999999999,360.096,34,Fast Moving,30.000000000000004,Healthy
I165693,C412367,Male,60,Food & Beverage,5,26.15,Cash,16-05-2021,Metrocity,130.75,91.52499999999999,39.22500000000001,118,Slow Moving,30.000000000000004,Healthy
I105737,C185501,Female,18,Books,2,30.3,Cash,02-12-2022,Mall of Istanbul,60.6,42.42,18.18,72,Fast Moving,30.0,Healthy
I572573,C205210,Female,60,Shoes,3,1800.51,Debit Card,30-01-2023,Metropol AVM,5401.53,3781.0709999999995,1620.4590000000003,22,Fast Moving,30.000000000000004,Healthy
I192192,C582623,Male,48,Cosmetics,2,81.32,Cash,08-10-2022,Mall of Istanbul,162.64,113.84799999999998,48.792,66,Fast Moving,30.000000000000004,Healthy
I614836,C143646,Male,42,Cosmetics,5,203.3,Credit Card,27-11-2022,Kanyon,1016.5,711.55,304.95000000000005,41,Fast Moving,30.000000000000004,Healthy
I153262,C151884,Female,56,Clothing,2,600.16,Credit Card,07-03-2023,Metrocity,1200.32,840.2239999999999,360.096,29,Fast Moving,30.000000000000004,Healthy
I130929,C158397,Male,44,Cosmetics,1,40.66,Credit Card,20-09-2022,Metrocity,40.66,28.461999999999996,12.198,52,Fast Moving,30.000000000000004,Healthy
I189542,C146801,Female,68,Clothing,4,1200.32,Credit Card,14-05-2021,Viaport Outlet,4801.28,3360.8959999999997,1440.384,69,Fast Moving,30.000000000000004,Healthy
I311153,C805412,Female,60,Shoes,1,600.17,Credit Card,22-12-2021,Mall of Istanbul,600.17,420.11899999999997,180.051,57,Fast Moving,30.0,Healthy
I251242,C156154,Male,56,Food & Beverage,1,5.23,Debit Card,14-06-2021,Kanyon,5.23,3.661,1.5690000000000004,114,Slow Moving,30.000000000000004,Healthy
I341437,C138609,Female,39,Clothing,5,1500.4,Debit Card,11-04-2021,Viaport Outlet,7502.0,5251.4,2250.6000000000004,83,Slow Moving,30.000000000000004,Healthy
I239588,C548682,Female,35,Shoes,5,3000.85,Cash,25-10-2022,Metrocity,15004.25,10502.974999999999,4501.2750000000015,77,Slow Moving,30.00000000000001,Healthy
I159844,C190269,Female,60,Toys,3,107.52,Credit Card,07-12-2021,Istinye Park,322.56,225.79199999999997,96.76800000000003,19,Fast Moving,30.00000000000001,Healthy
I532304,C324512,Male,48,Technology,2,2100.0,Credit Card,30-08-2022,Mall of Istanbul,4200.0,2940.0,1260.0,53,Fast Moving,30.0,Healthy
I250922,C206743,Female,23,Technology,3,3150.0,Debit Card,18-06-2022,Kanyon,9450.0,6615.0,2835.0,92,Slow Moving,30.0,Healthy
I247538,C224073,Female,54,Souvenir,2,23.46,Cash,14-10-2021,Kanyon,46.92,32.844,14.076,72,Fast Moving,30.0,Healthy
I338605,C113943,Male,31,Toys,2,71.68,Cash,25-01-2021,Emaar Square Mall,143.36,100.352,43.00800000000001,16,Fast Moving,30.000000000000004,Healthy
I229333,C201015,Female,57,Clothing,5,1500.4,Cash,08-02-2021,Istinye Park,7502.0,5251.4,2250.6000000000004,63,Fast Moving,30.000000000000004,Healthy
I103881,C163190,Male,40,Souvenir,3,35.19,Cash,31-08-2022,Kanyon,105.57,73.89899999999999,31.671000000000006,41,Fast Moving,30.00000000000001,Healthy
I517431,C191174,Male,49,Clothing,1,300.08,Cash,15-07-2021,Kanyon,300.08,210.05599999999998,90.024,65,Fast Moving,30.000000000000004,Healthy
I468954,C945285,Female,57,Clothing,5,1500.4,Debit Card,05-03-2021,Viaport Outlet,7502.0,5251.4,2250.6000000000004,105,Slow Moving,30.000000000000004,Healthy
I480105,C221193,Female,31,Clothing,2,600.16,Debit Card,01-03-2022,Istinye Park,1200.32,840.2239999999999,360.096,47,Fast Moving,30.000000000000004,Healthy
I203426,C278450,Male,47,Clothing,5,1500.4,Credit Card,20-09-2021,Zorlu Center,7502.0,5251.4,2250.6000000000004,74,Fast Moving,30.000000000000004,Healthy
I232549,C291989,Female,50,Food & Beverage,4,20.92,Cash,05-10-2021,Metrocity,83.68,58.576,25.104000000000006,43,Fast Moving,30.000000000000004,Healthy
I893324,C277406,Female,30,Cosmetics,1,40.66,Credit Card,29-03-2021,Metrocity,40.66,28.461999999999996,12.198,60,Fast Moving,30.000000000000004,Healthy
I172235,C223291,Female,36,Clothing,4,1200.32,Credit Card,07-11-2021,Metropol AVM,4801.28,3360.8959999999997,1440.384,67,Fast Moving,30.000000000000004,Healthy
I737951,C143091,Male,29,Books,1,15.15,Cash,23-02-2023,Viaport Outlet,15.15,10.605,4.545,50,Fast Moving,30.0,Healthy
I320668,C737656,Male,31,Clothing,5,1500.4,Cash,30-12-2021,Metropol AVM,7502.0,5251.4,2250.6000000000004,92,Slow Moving,30.000000000000004,Healthy
I328185,C157787,Female,56,Cosmetics,1,40.66,Credit Card,11-08-2021,Istinye Park,40.66,28.461999999999996,12.198,15,Fast Moving,30.000000000000004,Healthy
I213763,C262982,Female,37,Clothing,4,1200.32,Cash,26-02-2023,Istinye Park,4801.28,3360.8959999999997,1440.384,66,Fast Moving,30.000000000000004,Healthy
I606143,C210635,Male,46,Clothing,4,1200.32,Credit Card,08-06-2022,Metrocity,4801.28,3360.8959999999997,1440.384,81,Slow Moving,30.000000000000004,Healthy
I117413,C310595,Male,56,Clothing,2,600.16,Cash,16-12-2021,Mall of Istanbul,1200.32,840.2239999999999,360.096,102,Slow Moving,30.000000000000004,Healthy
I112416,C311790,Female,49,Technology,4,4200.0,Credit Card,16-11-2022,Metrocity,16800.0,11760.0,5040.0,29,Fast Moving,30.0,Healthy
I182988,C665061,Female,25,Clothing,5,1500.4,Cash,27-04-2021,Kanyon,7502.0,5251.4,2250.6000000000004,75,Fast Moving,30.000000000000004,Healthy
I192573,C882059,Female,29,Cosmetics,3,121.98,Debit Card,28-12-2021,Metrocity,365.94,256.15799999999996,109.78200000000004,56,Fast Moving,30.00000000000001,Healthy
I233105,C246654,Male,47,Souvenir,2,23.46,Cash,05-10-2021,Metrocity,46.92,32.844,14.076,8,Fast Moving,30.0,Healthy
I282122,C135091,Female,65,Clothing,4,1200.32,Cash,08-09-2022,Metrocity,4801.28,3360.8959999999997,1440.384,63,Fast Moving,30.000000000000004,Healthy
I236201,C306078,Male,59,Clothing,2,600.16,Credit Card,05-08-2022,Kanyon,1200.32,840.2239999999999,360.096,76,Slow Moving,30.000000000000004,Healthy
I192798,C144529,Male,23,Clothing,4,1200.32,Cash,14-03-2022,Cevahir AVM,4801.28,3360.8959999999997,1440.384,24,Fast Moving,30.000000000000004,Healthy
I130056,C746891,Female,60,Shoes,1,600.17,Credit Card,15-12-2022,Metropol AVM,600.17,420.11899999999997,180.051,97,Slow Moving,30.0,Healthy
I895460,C230696,Male,58,Food & Beverage,5,26.15,Credit Card,09-02-2022,Istinye Park,130.75,91.52499999999999,39.22500000000001,67,Fast Moving,30.000000000000004,Healthy
I614132,C327146,Female,68,Food & Beverage,2,10.46,Credit Card,19-12-2021,Kanyon,20.92,14.644,6.276000000000002,58,Fast Moving,30.000000000000004,Healthy
I118954,C987573,Female,41,Clothing,4,1200.32,Cash,20-09-2021,Viaport Outlet,4801.28,3360.8959999999997,1440.384,119,Slow Moving,30.000000000000004,Healthy
I282396,C119088,Female,63,Cosmetics,3,121.98,Credit Card,10-11-2022,Istinye Park,365.94,256.15799999999996,109.78200000000004,113,Slow Moving,30.00000000000001,Healthy
I184280,C215627,Male,22,Shoes,2,1200.34,Cash,23-08-2021,Mall of Istanbul,2400.68,1680.4759999999999,720.204,114,Slow Moving,30.0,Healthy
I218805,C567274,Male,62,Clothing,2,600.16,Debit Card,21-02-2021,Kanyon,1200.32,840.2239999999999,360.096,78,Slow Moving,30.000000000000004,Healthy
I726460,C964548,Female,49,Clothing,3,900.24,Cash,04-02-2021,Metropol AVM,2700.7200000000003,1890.5040000000001,810.2160000000001,111,Slow Moving,30.000000000000004,Healthy
I134524,C251801,Male,38,Souvenir,4,46.92,Cash,13-09-2022,Metropol AVM,187.68,131.376,56.304,102,Slow Moving,30.0,Healthy
I237267,C310712,Male,49,Cosmetics,2,81.32,Debit Card,21-08-2021,Metrocity,162.64,113.84799999999998,48.792,61,Fast Moving,30.000000000000004,Healthy
I123592,C709983,Male,60,Clothing,3,900.24,Cash,26-06-2021,Metropol AVM,2700.7200000000003,1890.5040000000001,810.2160000000001,94,Slow Moving,30.000000000000004,Healthy
I311897,C146616,Female,19,Shoes,4,2400.68,Credit Card,24-04-2022,Metrocity,9602.72,6721.9039999999995,2880.816,45,Fast Moving,30.0,Healthy
I131266,C751460,Male,28,Toys,4,143.36,Cash,20-11-2022,Istinye Park,573.44,401.408,172.03200000000004,117,Slow Moving,30.000000000000004,Healthy
I325655,C163532,Male,46,Clothing,2,600.16,Cash,04-06-2021,Metropol AVM,1200.32,840.2239999999999,360.096,7,Fast Moving,30.000000000000004,Healthy
I268043,C986474,Male,59,Technology,5,5250.0,Credit Card,06-10-2021,Metropol AVM,26250.0,18375.0,7875.0,10,Fast Moving,30.0,Healthy
I256045,C164068,Male,49,Clothing,2,600.16,Cash,13-12-2021,Metrocity,1200.32,840.2239999999999,360.096,9,Fast Moving,30.000000000000004,Healthy
I272016,C251866,Male,69,Food & Beverage,5,26.15,Cash,22-06-2021,Metrocity,130.75,91.52499999999999,39.22500000000001,9,Fast Moving,30.000000000000004,Healthy
I212437,C241260,Female,49,Toys,2,71.68,Debit Card,06-03-2023,Metropol AVM,143.36,100.352,43.00800000000001,58,Fast Moving,30.000000000000004,Healthy
I148903,C132867,Female,19,Toys,5,179.2,Debit Card,06-07-2021,Metrocity,896.0,627.1999999999999,268.80000000000007,51,Fast Moving,30.00000000000001,Healthy
I128697,C856138,Female,47,Books,5,75.75,Debit Card,23-01-2021,Forum Istanbul,378.75,265.125,113.625,91,Slow Moving,30.0,Healthy
I769237,C254306,Male,43,Shoes,5,3000.85,Cash,21-07-2022,Metrocity,15004.25,10502.974999999999,4501.2750000000015,53,Fast Moving,30.00000000000001,Healthy
I412880,C210554,Male,38,Shoes,1,600.17,Cash,16-03-2021,Metrocity,600.17,420.11899999999997,180.051,13,Fast Moving,30.0,Healthy
I205330,C197519,Female,41,Food & Beverage,1,5.23,Cash,23-01-2022,Metrocity,5.23,3.661,1.5690000000000004,103,Slow Moving,30.000000000000004,Healthy
I229246,C324614,Female,40,Souvenir,3,35.19,Credit Card,07-08-2021,Forum Istanbul,105.57,73.89899999999999,31.671000000000006,24,Fast Moving,30.00000000000001,Healthy
I179204,C822041,Female,59,Clothing,2,600.16,Credit Card,04-07-2022,Metrocity,1200.32,840.2239999999999,360.096,117,Slow Moving,30.000000000000004,Healthy
I836482,C126925,Male,59,Cosmetics,4,162.64,Cash,22-12-2021,Kanyon,650.56,455.39199999999994,195.168,65,Fast Moving,30.000000000000004,Healthy
I188307,C336653,Male,36,Cosmetics,5,203.3,Debit Card,31-03-2021,Kanyon,1016.5,711.55,304.95000000000005,110,Slow Moving,30.000000000000004,Healthy
I212793,C277603,Male,36,Toys,1,35.84,Debit Card,22-11-2022,Mall of Istanbul,35.84,25.088,10.752000000000002,39,Fast Moving,30.000000000000004,Healthy
I273623,C768043,Female,48,Cosmetics,4,162.64,Credit Card,14-09-2021,Kanyon,650.56,455.39199999999994,195.168,54,Fast Moving,30.000000000000004,Healthy
I168974,C129337,Female,26,Food & Beverage,5,26.15,Debit Card,06-09-2021,Istinye Park,130.75,91.52499999999999,39.22500000000001,86,Slow Moving,30.000000000000004,Healthy
I116237,C261066,Female,66,Souvenir,2,23.46,Credit Card,24-12-2021,Kanyon,46.92,32.844,14.076,66,Fast Moving,30.0,Healthy
I257596,C150500,Female,39,Clothing,5,1500.4,Cash,31-05-2021,Kanyon,7502.0,5251.4,2250.6000000000004,21,Fast Moving,30.000000000000004,Healthy
I338518,C253740,Male,29,Clothing,1,300.08,Credit Card,21-03-2022,Kanyon,300.08,210.05599999999998,90.024,92,Slow Moving,30.000000000000004,Healthy
I116542,C123966,Male,59,Toys,1,35.84,Cash,07-03-2022,Metrocity,35.84,25.088,10.752000000000002,7,Fast Moving,30.000000000000004,Healthy
I147428,C192403,Female,29,Food & Beverage,3,15.69,Credit Card,07-02-2023,Forum Istanbul,47.07,32.949,14.121000000000002,36,Fast Moving,30.000000000000004,Healthy
I308961,C187068,Female,43,Clothing,1,300.08,Debit Card,26-12-2021,Mall of Istanbul,300.08,210.05599999999998,90.024,103,Slow Moving,30.000000000000004,Healthy
I315393,C309080,Female,41,Clothing,5,1500.4,Debit Card,08-10-2022,Mall of Istanbul,7502.0,5251.4,2250.6000000000004,106,Slow Moving,30.000000000000004,Healthy
I784209,C312061,Female,33,Cosmetics,3,121.98,Credit Card,17-11-2021,Metrocity,365.94,256.15799999999996,109.78200000000004,17,Fast Moving,30.00000000000001,Healthy
I324526,C173979,Male,39,Technology,4,4200.0,Credit Card,07-03-2023,Istinye Park,16800.0,11760.0,5040.0,115,Slow Moving,30.0,Healthy
I465045,C249219,Female,49,Books,4,60.6,Debit Card,26-04-2021,Kanyon,242.4,169.68,72.72,93,Slow Moving,30.0,Healthy
I498608,C322402,Female,25,Clothing,1,300.08,Cash,17-09-2021,Forum Istanbul,300.08,210.05599999999998,90.024,77,Slow Moving,30.000000000000004,Healthy
I258245,C663051,Female,59,Cosmetics,5,203.3,Credit Card,02-12-2021,Zorlu Center,1016.5,711.55,304.95000000000005,72,Fast Moving,30.000000000000004,Healthy
I333609,C284405,Male,35,Food & Beverage,3,15.69,Credit Card,31-12-2022,Metrocity,47.07,32.949,14.121000000000002,18,Fast Moving,30.000000000000004,Healthy
I241328,C727904,Female,32,Clothing,3,900.24,Credit Card,12-08-2022,Metropol AVM,2700.7200000000003,1890.5040000000001,810.2160000000001,105,Slow Moving,30.000000000000004,Healthy
I296235,C273813,Male,57,Clothing,5,1500.4,Debit Card,04-09-2022,Mall of Istanbul,7502.0,5251.4,2250.6000000000004,102,Slow Moving,30.000000000000004,Healthy
I312185,C271739,Female,45,Toys,1,35.84,Credit Card,11-10-2021,Mall of Istanbul,35.84,25.088,10.752000000000002,15,Fast Moving,30.000000000000004,Healthy
I251780,C278554,Female,19,Technology,1,1050.0,Credit Card,18-01-2022,Istinye Park,1050.0,735.0,315.0,109,Slow Moving,30.0,Healthy
I182236,C162000,Female,24,Shoes,3,1800.51,Credit Card,29-12-2021,Metrocity,5401.53,3781.0709999999995,1620.4590000000003,60,Fast Moving,30.000000000000004,Healthy
I170200,C116013,Female,22,Clothing,3,900.24,Cash,08-02-2023,Mall of Istanbul,2700.7200000000003,1890.5040000000001,810.2160000000001,71,Fast Moving,30.000000000000004,Healthy
I916921,C876606,Female,59,Clothing,2,600.16,Cash,02-01-2023,Viaport Outlet,1200.32,840.2239999999999,360.096,96,Slow Moving,30.000000000000004,Healthy
I282707,C278882,Female,50,Food & Beverage,2,10.46,Cash,25-04-2021,Viaport Outlet,20.92,14.644,6.276000000000002,33,Fast Moving,30.000000000000004,Healthy
I248285,C294338,Female,54,Toys,2,71.68,Cash,09-02-2021,Mall of Istanbul,143.36,100.352,43.00800000000001,13,Fast Moving,30.000000000000004,Healthy
I280072,C239373,Female,34,Toys,1,35.84,Credit Card,16-02-2021,Mall of Istanbul,35.84,25.088,10.752000000000002,71,Fast Moving,30.000000000000004,Healthy
I145366,C278199,Female,43,Shoes,3,1800.51,Cash,24-09-2022,Kanyon,5401.53,3781.0709999999995,1620.4590000000003,29,Fast Moving,30.000000000000004,Healthy
I339493,C245592,Male,30,Toys,2,71.68,Debit Card,06-04-2022,Metropol AVM,143.36,100.352,43.00800000000001,102,Slow Moving,30.000000000000004,Healthy
I107778,C291265,Female,55,Shoes,2,1200.34,Cash,06-08-2021,Metrocity,2400.68,1680.4759999999999,720.204,80,Slow Moving,30.0,Healthy
I331753,C126590,Female,39,Food & Beverage,3,15.69,Cash,31-05-2021,Viaport Outlet,47.07,32.949,14.121000000000002,46,Fast Moving,30.000000000000004,Healthy
I939220,C171854,Female,42,Souvenir,1,11.73,Cash,09-06-2021,Metrocity,11.73,8.211,3.519,13,Fast Moving,30.0,Healthy
I825857,C322586,Female,61,Clothing,2,600.16,Cash,23-07-2021,Mall of Istanbul,1200.32,840.2239999999999,360.096,83,Slow Moving,30.000000000000004,Healthy
I207089,C814276,Female,36,Cosmetics,4,162.64,Debit Card,12-03-2022,Istinye Park,650.56,455.39199999999994,195.168,44,Fast Moving,30.000000000000004,Healthy
I106077,C258524,Female,65,Books,5,75.75,Credit Card,13-02-2021,Viaport Outlet,378.75,265.125,113.625,29,Fast Moving,30.0,Healthy
I767758,C813609,Female,65,Clothing,1,300.08,Debit Card,28-06-2022,Kanyon,300.08,210.05599999999998,90.024,9,Fast Moving,30.000000000000004,Healthy
I433700,C266026,Male,25,Clothing,1,300.08,Debit Card,07-04-2021,Mall of Istanbul,300.08,210.05599999999998,90.024,15,Fast Moving,30.000000000000004,Healthy
I992148,C698527,Male,50,Toys,2,71.68,Credit Card,12-07-2021,Kanyon,143.36,100.352,43.00800000000001,63,Fast Moving,30.000000000000004,Healthy
I683509,C280701,Male,26,Food & Beverage,3,15.69,Cash,23-04-2021,Metropol AVM,47.07,32.949,14.121000000000002,102,Slow Moving,30.000000000000004,Healthy
I125822,C120825,Male,63,Clothing,1,300.08,Cash,05-03-2021,Kanyon,300.08,210.05599999999998,90.024,92,Slow Moving,30.000000000000004,Healthy
I595458,C177334,Female,64,Cosmetics,1,40.66,Credit Card,17-06-2022,Metropol AVM,40.66,28.461999999999996,12.198,83,Slow Moving,30.000000000000004,Healthy
I474169,C193737,Male,50,Souvenir,1,11.73,Cash,24-11-2021,Metrocity,11.73,8.211,3.519,42,Fast Moving,30.0,Healthy
I155156,C797110,Female,38,Books,3,45.45,Cash,01-05-2022,Mall of Istanbul,136.35000000000002,95.44500000000001,40.905000000000015,76,Slow Moving,30.000000000000004,Healthy
I337033,C146322,Female,62,Souvenir,3,35.19,Cash,19-07-2022,Kanyon,105.57,73.89899999999999,31.671000000000006,9,Fast Moving,30.00000000000001,Healthy
I312739,C685521,Male,50,Clothing,1,300.08,Cash,14-11-2021,Forum Istanbul,300.08,210.05599999999998,90.024,52,Fast Moving,30.000000000000004,Healthy
I168776,C231125,Female,51,Clothing,1,300.08,Credit Card,09-02-2023,Istinye Park,300.08,210.05599999999998,90.024,94,Slow Moving,30.000000000000004,Healthy
I295198,C231425,Female,46,Food & Beverage,3,15.69,Debit Card,11-03-2022,Forum Istanbul,47.07,32.949,14.121000000000002,22,Fast Moving,30.000000000000004,Healthy
I172756,C154623,Female,33,Food & Beverage,5,26.15,Credit Card,26-05-2022,Metrocity,130.75,91.52499999999999,39.22500000000001,74,Fast Moving,30.000000000000004,Healthy
I325631,C334663,Female,59,Cosmetics,3,121.98,Debit Card,30-06-2022,Metropol AVM,365.94,256.15799999999996,109.78200000000004,41,Fast Moving,30.00000000000001,Healthy
I322409,C113448,Female,58,Clothing,4,1200.32,Credit Card,11-10-2022,Kanyon,4801.28,3360.8959999999997,1440.384,64,Fast Moving,30.000000000000004,Healthy
I287018,C803795,Female,36,Clothing,4,1200.32,Credit Card,08-12-2021,Mall of Istanbul,4801.28,3360.8959999999997,1440.384,52,Fast Moving,30.000000000000004,Healthy
I137526,C106570,Female,64,Cosmetics,2,81.32,Debit Card,09-10-2022,Kanyon,162.64,113.84799999999998,48.792,81,Slow Moving,30.000000000000004,Healthy
I308925,C296253,Female,54,Clothing,2,600.16,Cash,06-02-2022,Cevahir AVM,1200.32,840.2239999999999,360.096,32,Fast Moving,30.000000000000004,Healthy
I146069,C331897,Male,45,Clothing,1,300.08,Credit Card,06-06-2021,Kanyon,300.08,210.05599999999998,90.024,73,Fast Moving,30.000000000000004,Healthy
I238630,C272568,Female,41,Cosmetics,5,203.3,Cash,05-09-2022,Mall of Istanbul,1016.5,711.55,304.95000000000005,81,Slow Moving,30.000000000000004,Healthy
I694059,C677668,Female,68,Toys,1,35.84,Debit Card,26-01-2021,Emaar Square Mall,35.84,25.088,10.752000000000002,85,Slow Moving,30.000000000000004,Healthy
I280887,C272989,Female,49,Clothing,3,900.24,Debit Card,22-07-2022,Kanyon,2700.7200000000003,1890.5040000000001,810.2160000000001,118,Slow Moving,30.000000000000004,Healthy
I153137,C121391,Female,68,Clothing,1,300.08,Cash,16-01-2021,Kanyon,300.08,210.05599999999998,90.024,44,Fast Moving,30.000000000000004,Healthy
I331013,C161698,Male,21,Books,1,15.15,Cash,12-04-2022,Metrocity,15.15,10.605,4.545,49,Fast Moving,30.0,Healthy
I829630,C146584,Male,60,Food & Beverage,1,5.23,Credit Card,28-10-2021,Metrocity,5.23,3.661,1.5690000000000004,100,Slow Moving,30.000000000000004,Healthy
I130454,C155210,Male,18,Technology,1,1050.0,Cash,09-01-2023,Metropol AVM,1050.0,735.0,315.0,66,Fast Moving,30.0,Healthy
I577375,C333626,Female,60,Clothing,2,600.16,Cash,27-08-2022,Metropol AVM,1200.32,840.2239999999999,360.096,97,Slow Moving,30.000000000000004,Healthy
I556661,C208496,Male,60,Clothing,1,300.08,Credit Card,21-01-2022,Mall of Istanbul,300.08,210.05599999999998,90.024,119,Slow Moving,30.000000000000004,Healthy
I259713,C275098,Female,45,Clothing,5,1500.4,Cash,08-10-2021,Mall of Istanbul,7502.0,5251.4,2250.6000000000004,62,Fast Moving,30.000000000000004,Healthy
I106060,C564791,Male,20,Toys,5,179.2,Cash,27-02-2022,Zorlu Center,896.0,627.1999999999999,268.80000000000007,71,Fast Moving,30.00000000000001,Healthy
I328760,C181980,Female,30,Toys,1,35.84,Credit Card,19-11-2022,Cevahir AVM,35.84,25.088,10.752000000000002,60,Fast Moving,30.000000000000004,Healthy
I163650,C246605,Male,39,Clothing,2,600.16,Debit Card,06-03-2021,Viaport Outlet,1200.32,840.2239999999999,360.096,44,Fast Moving,30.000000000000004,Healthy
I952267,C179660,Female,18,Cosmetics,5,203.3,Cash,06-07-2022,Metrocity,1016.5,711.55,304.95000000000005,102,Slow Moving,30.000000000000004,Healthy
I241369,C131953,Male,50,Clothing,4,1200.32,Credit Card,12-11-2022,Emaar Square Mall,4801.28,3360.8959999999997,1440.384,44,Fast Moving,30.000000000000004,Healthy
I236941,C631777,Male,55,Toys,5,179.2,Debit Card,21-12-2022,Kanyon,896.0,627.1999999999999,268.80000000000007,95,Slow Moving,30.00000000000001,Healthy
I742558,C140154,Female,37,Souvenir,5,58.65,Debit Card,19-01-2021,Istinye Park,293.25,205.27499999999998,87.97500000000002,81,Slow Moving,30.00000000000001,Healthy
I150030,C303507,Female,26,Cosmetics,5,203.3,Cash,09-03-2022,Kanyon,1016.5,711.55,304.95000000000005,113,Slow Moving,30.000000000000004,Healthy
I678176,C268909,Female,46,Clothing,3,900.24,Debit Card,08-11-2021,Metropol AVM,2700.7200000000003,1890.5040000000001,810.2160000000001,37,Fast Moving,30.000000000000004,Healthy
I202787,C102408,Female,27,Clothing,2,600.16,Credit Card,03-12-2022,Forum Istanbul,1200.32,840.2239999999999,360.096,10,Fast Moving,30.000000000000004,Healthy
I259928,C156014,Male,43,Clothing,4,1200.32,Cash,11-09-2021,Mall of Istanbul,4801.28,3360.8959999999997,1440.384,92,Slow Moving,30.000000000000004,Healthy
I187434,C177914,Female,58,Food & Beverage,5,26.15,Cash,21-09-2022,Metrocity,130.75,91.52499999999999,39.22500000000001,23,Fast Moving,30.000000000000004,Healthy
I178537,C325663,Female,30,Toys,3,107.52,Credit Card,17-04-2022,Istinye Park,322.56,225.79199999999997,96.76800000000003,84,Slow Moving,30.00000000000001,Healthy
I145647,C311296,Female,66,Clothing,2,600.16,Cash,02-10-2021,Mall of Istanbul,1200.32,840.2239999999999,360.096,44,Fast Moving,30.000000000000004,Healthy
I250140,C249901,Female,52,Food & Beverage,4,20.92,Cash,23-03-2022,Metrocity,83.68,58.576,25.104000000000006,96,Slow Moving,30.000000000000004,Healthy
I274561,C333570,Female,65,Shoes,4,2400.68,Cash,22-08-2021,Kanyon,9602.72,6721.9039999999995,2880.816,101,Slow Moving,30.0,Healthy
I563988,C139472,Female,54,Toys,1,35.84,Credit Card,05-09-2022,Metropol AVM,35.84,25.088,10.752000000000002,63,Fast Moving,30.000000000000004,Healthy
I184787,C302491,Male,37,Food & Beverage,3,15.69,Cash,22-08-2022,Metrocity,47.07,32.949,14.121000000000002,63,Fast Moving,30.000000000000004,Healthy
I142757,C308224,Female,36,Toys,3,107.52,Cash,23-02-2023,Metrocity,322.56,225.79199999999997,96.76800000000003,52,Fast Moving,30.00000000000001,Healthy
I146425,C301224,Female,20,Technology,2,2100.0,Credit Card,02-10-2021,Mall of Istanbul,4200.0,2940.0,1260.0,45,Fast Moving,30.0,Healthy
I252950,C279295,Female,59,Food & Beverage,3,15.69,Credit Card,08-05-2022,Metrocity,47.07,32.949,14.121000000000002,17,Fast Moving,30.000000000000004,Healthy
I222560,C144326,Male,28,Clothing,5,1500.4,Debit Card,27-09-2021,Mall of Istanbul,7502.0,5251.4,2250.6000000000004,111,Slow Moving,30.000000000000004,Healthy
I194729,C561708,Male,55,Shoes,4,2400.68,Debit Card,24-02-2023,Mall of Istanbul,9602.72,6721.9039999999995,2880.816,49,Fast Moving,30.0,Healthy
I363662,C185252,Male,26,Food & Beverage,4,20.92,Cash,15-04-2021,Istinye Park,83.68,58.576,25.104000000000006,93,Slow Moving,30.000000000000004,Healthy
I830538,C170100,Female,59,Toys,4,143.36,Debit Card,08-04-2021,Emaar Square Mall,573.44,401.408,172.03200000000004,57,Fast Moving,30.000000000000004,Healthy
I263671,C104436,Male,26,Cosmetics,4,162.64,Credit Card,10-01-2022,Mall of Istanbul,650.56,455.39199999999994,195.168,46,Fast Moving,30.000000000000004,Healthy
I175764,C996668,Female,47,Cosmetics,3,121.98,Cash,21-04-2021,Emaar Square Mall,365.94,256.15799999999996,109.78200000000004,104,Slow Moving,30.00000000000001,Healthy
I316876,C950205,Female,27,Technology,2,2100.0,Cash,29-01-2022,Mall of Istanbul,4200.0,2940.0,1260.0,67,Fast Moving,30.0,Healthy
I219281,C729841,Male,49,Shoes,2,1200.34,Cash,28-09-2021,Mall of Istanbul,2400.68,1680.4759999999999,720.204,31,Fast Moving,30.0,Healthy
I309668,C313082,Male,53,Toys,4,143.36,Credit Card,27-08-2021,Metrocity,573.44,401.408,172.03200000000004,42,Fast Moving,30.000000000000004,Healthy
I145520,C220356,Female,19,Food & Beverage,1,5.23,Credit Card,12-10-2022,Istinye Park,5.23,3.661,1.5690000000000004,64,Fast Moving,30.000000000000004,Healthy
I195815,C487444,Female,55,Shoes,5,3000.85,Debit Card,18-09-2021,Forum Istanbul,15004.25,10502.974999999999,4501.2750000000015,11,Fast Moving,30.00000000000001,Healthy
I114768,C234102,Female,30,Food & Beverage,4,20.92,Credit Card,16-04-2022,Mall of Istanbul,83.68,58.576,25.104000000000006,9,Fast Moving,30.000000000000004,Healthy
I288819,C203231,Female,40,Souvenir,4,46.92,Cash,23-07-2022,Metrocity,187.68,131.376,56.304,111,Slow Moving,30.0,Healthy
I325594,C231932,Female,53,Souvenir,1,11.73,Cash,15-09-2022,Kanyon,11.73,8.211,3.519,49,Fast Moving,30.0,Healthy
I245614,C142947,Male,34,Books,5,75.75,Cash,20-01-2022,Metrocity,378.75,265.125,113.625,62,Fast Moving,30.0,Healthy
I998114,C619079,Female,64,Technology,2,2100.0,Debit Card,28-10-2022,Kanyon,4200.0,2940.0,1260.0,119,Slow Moving,30.0,Healthy
I189159,C263130,Female,57,Clothing,2,600.16,Credit Card,20-04-2022,Metrocity,1200.32,840.2239999999999,360.096,35,Fast Moving,30.000000000000004,Healthy
I136074,C173996,Female,59,Cosmetics,1,40.66,Cash,13-01-2023,Mall of Istanbul,40.66,28.461999999999996,12.198,27,Fast Moving,30.000000000000004,Healthy
I120756,C286816,Female,49,Toys,3,107.52,Credit Card,19-08-2022,Forum Istanbul,322.56,225.79199999999997,96.76800000000003,46,Fast Moving,30.00000000000001,Healthy
I256494,C210378,Female,43,Cosmetics,2,81.32,Credit Card,18-07-2021,Viaport Outlet,162.64,113.84799999999998,48.792,14,Fast Moving,30.000000000000004,Healthy
I177680,C163670,Female,67,Shoes,3,1800.51,Cash,26-03-2022,Emaar Square Mall,5401.53,3781.0709999999995,1620.4590000000003,36,Fast Moving,30.000000000000004,Healthy
I426443,C109632,Female,29,Clothing,5,1500.4,Credit Card,06-06-2021,Metrocity,7502.0,5251.4,2250.6000000000004,111,Slow Moving,30.000000000000004,Healthy
I320282,C192327,Male,52,Food & Beverage,4,20.92,Cash,05-09-2021,Metropol AVM,83.68,58.576,25.104000000000006,57,Fast Moving,30.000000000000004,Healthy
I253195,C446782,Female,22,Shoes,5,3000.85,Cash,06-10-2021,Mall of Istanbul,15004.25,10502.974999999999,4501.2750000000015,34,Fast Moving,30.00000000000001,Healthy
I140977,C256034,Female,32,Clothing,1,300.08,Cash,10-11-2022,Metropol AVM,300.08,210.05599999999998,90.024,43,Fast Moving,30.000000000000004,Healthy
I883324,C716806,Female,42,Clothing,3,900.24,Cash,10-11-2022,Metropol AVM,2700.7200000000003,1890.5040000000001,810.2160000000001,35,Fast Moving,30.000000000000004,Healthy
I250095,C140031,Male,32,Clothing,2,600.16,Cash,04-02-2023,Metrocity,1200.32,840.2239999999999,360.096,86,Slow Moving,30.000000000000004,Healthy
I179339,C328338,Female,43,Toys,5,179.2,Cash,10-02-2021,Kanyon,896.0,627.1999999999999,268.80000000000007,104,Slow Moving,30.00000000000001,Healthy
I617812,C590389,Female,48,Cosmetics,1,40.66,Credit Card,21-10-2022,Zorlu Center,40.66,28.461999999999996,12.198,6,Fast Moving,30.000000000000004,Healthy
I171490,C306369,Male,18,Souvenir,2,23.46,Debit Card,04-06-2022,Metropol AVM,46.92,32.844,14.076,82,Slow Moving,30.0,Healthy
I114664,C260565,Male,39,Cosmetics,5,203.3,Debit Card,26-01-2022,Mall of Istanbul,1016.5,711.55,304.95000000000005,81,Slow Moving,30.000000000000004,Healthy
I309566,C198366,Male,24,Shoes,5,3000.85,Credit Card,19-07-2021,Forum Istanbul,15004.25,10502.974999999999,4501.2750000000015,97,Slow Moving,30.00000000000001,Healthy
I159122,C298404,Female,33,Cosmetics,3,121.98,Cash,15-06-2022,Metrocity,365.94,256.15799999999996,109.78200000000004,16,Fast Moving,30.00000000000001,Healthy
I288985,C318570,Male,59,Books,2,30.3,Cash,22-12-2022,Metrocity,60.6,42.42,18.18,43,Fast Moving,30.0,Healthy
I228933,C316695,Male,30,Souvenir,1,11.73,Credit Card,01-12-2022,Kanyon,11.73,8.211,3.519,70,Fast Moving,30.0,Healthy
I253992,C835319,Male,33,Shoes,2,1200.34,Credit Card,05-10-2021,Viaport Outlet,2400.68,1680.4759999999999,720.204,100,Slow Moving,30.0,Healthy
I144724,C138545,Female,38,Clothing,1,300.08,Cash,01-10-2021,Kanyon,300.08,210.05599999999998,90.024,17,Fast Moving,30.000000000000004,Healthy
I156932,C262657,Female,69,Clothing,5,1500.4,Credit Card,16-02-2023,Kanyon,7502.0,5251.4,2250.6000000000004,50,Fast Moving,30.000000000000004,Healthy
I247265,C566500,Male,31,Clothing,3,900.24,Credit Card,14-02-2021,Kanyon,2700.7200000000003,1890.5040000000001,810.2160000000001,31,Fast Moving,30.000000000000004,Healthy
I112607,C106150,Male,40,Cosmetics,3,121.98,Credit Card,10-05-2021,Kanyon,365.94,256.15799999999996,109.78200000000004,117,Slow Moving,30.00000000000001,Healthy
I698178,C256567,Female,38,Clothing,1,300.08,Debit Card,04-02-2021,Mall of Istanbul,300.08,210.05599999999998,90.024,109,Slow Moving,30.000000000000004,Healthy
I320224,C206318,Female,44,Food & Beverage,3,15.69,Debit Card,26-09-2021,Kanyon,47.07,32.949,14.121000000000002,21,Fast Moving,30.000000000000004,Healthy
I836701,C233700,Female,37,Food & Beverage,4,20.92,Cash,20-10-2021,Kanyon,83.68,58.576,25.104000000000006,108,Slow Moving,30.000000000000004,Healthy
I338817,C270949,Male,67,Shoes,4,2400.68,Cash,27-09-2021,Mall of Istanbul,9602.72,6721.9039999999995,2880.816,99,Slow Moving,30.0,Healthy
I324135,C295545,Female,64,Clothing,3,900.24,Credit Card,03-01-2023,Mall of Istanbul,2700.7200000000003,1890.5040000000001,810.2160000000001,102,Slow Moving,30.000000000000004,Healthy
I287372,C143725,Male,19,Toys,1,35.84,Cash,25-11-2021,Kanyon,35.84,25.088,10.752000000000002,64,Fast Moving,30.000000000000004,Healthy
I102314,C244044,Female,21,Clothing,1,300.08,Credit Card,03-08-2021,Kanyon,300.08,210.05599999999998,90.024,68,Fast Moving,30.000000000000004,Healthy
I274215,C266796,Female,43,Technology,1,1050.0,Debit Card,14-02-2021,Cevahir AVM,1050.0,735.0,315.0,92,Slow Moving,30.0,Healthy
I102024,C132062,Female,19,Souvenir,5,58.65,Credit Card,10-11-2022,Kanyon,293.25,205.27499999999998,87.97500000000002,113,Slow Moving,30.00000000000001,Healthy
I201864,C202448,Female,62,Food & Beverage,5,26.15,Credit Card,16-05-2022,Kanyon,130.75,91.52499999999999,39.22500000000001,39,Fast Moving,30.000000000000004,Healthy
I264140,C312018,Male,32,Toys,3,107.52,Debit Card,18-02-2021,Metropol AVM,322.56,225.79199999999997,96.76800000000003,116,Slow Moving,30.00000000000001,Healthy
I109014,C149501,Female,36,Souvenir,3,35.19,Credit Card,14-01-2022,Istinye Park,105.57,73.89899999999999,31.671000000000006,74,Fast Moving,30.00000000000001,Healthy
I532109,C200095,Male,48,Clothing,5,1500.4,Cash,25-09-2021,Mall of Istanbul,7502.0,5251.4,2250.6000000000004,87,Slow Moving,30.000000000000004,Healthy
I323323,C223540,Female,63,Clothing,5,1500.4,Credit Card,15-06-2022,Zorlu Center,7502.0,5251.4,2250.6000000000004,34,Fast Moving,30.000000000000004,Healthy
I109293,C237582,Female,53,Books,4,60.6,Cash,04-01-2022,Viaport Outlet,242.4,169.68,72.72,75,Fast Moving,30.0,Healthy
I328692,C257256,Female,50,Shoes,5,3000.85,Cash,08-05-2021,Mall of Istanbul,15004.25,10502.974999999999,4501.2750000000015,78,Slow Moving,30.00000000000001,Healthy
I238432,C537349,Female,68,Clothing,4,1200.32,Credit Card,16-02-2021,Forum Istanbul,4801.28,3360.8959999999997,1440.384,109,Slow Moving,30.000000000000004,Healthy
I228011,C248081,Female,23,Shoes,3,1800.51,Credit Card,13-02-2023,Mall of Istanbul,5401.53,3781.0709999999995,1620.4590000000003,100,Slow Moving,30.000000000000004,Healthy
I139556,C216057,Female,41,Souvenir,2,23.46,Credit Card,07-09-2022,Metropol AVM,46.92,32.844,14.076,102,Slow Moving,30.0,Healthy
I490823,C106393,Male,50,Food & Beverage,5,26.15,Cash,31-08-2021,Emaar Square Mall,130.75,91.52499999999999,39.22500000000001,67,Fast Moving,30.000000000000004,Healthy
I136919,C172552,Female,41,Technology,2,2100.0,Credit Card,04-12-2021,Metrocity,4200.0,2940.0,1260.0,32,Fast Moving,30.0,Healthy
I317456,C501134,Male,54,Technology,5,5250.0,Debit Card,29-06-2022,Mall of Istanbul,26250.0,18375.0,7875.0,64,Fast Moving,30.0,Healthy
I290100,C270376,Male,51,Cosmetics,4,162.64,Debit Card,13-10-2021,Metrocity,650.56,455.39199999999994,195.168,83,Slow Moving,30.000000000000004,Healthy
I190396,C119113,Female,52,Technology,5,5250.0,Credit Card,08-08-2021,Mall of Istanbul,26250.0,18375.0,7875.0,98,Slow Moving,30.0,Healthy
I429412,C184011,Male,26,Toys,1,35.84,Credit Card,03-02-2023,Viaport Outlet,35.84,25.088,10.752000000000002,41,Fast Moving,30.000000000000004,Healthy
I127143,C292377,Female,33,Clothing,3,900.24,Cash,05-06-2021,Metrocity,2700.7200000000003,1890.5040000000001,810.2160000000001,97,Slow Moving,30.000000000000004,Healthy
I232019,C224939,Female,52,Cosmetics,1,40.66,Cash,24-10-2022,Mall of Istanbul,40.66,28.461999999999996,12.198,26,Fast Moving,30.000000000000004,Healthy
I359051,C164167,Female,23,Clothing,5,1500.4,Cash,12-06-2021,Kanyon,7502.0,5251.4,2250.6000000000004,72,Fast Moving,30.000000000000004,Healthy
I179596,C805279,Male,68,Shoes,2,1200.34,Cash,21-10-2021,Mall of Istanbul,2400.68,1680.4759999999999,720.204,24,Fast Moving,30.0,Healthy
I115585,C159062,Female,34,Food & Beverage,4,20.92,Cash,11-09-2022,Mall of Istanbul,83.68,58.576,25.104000000000006,100,Slow Moving,30.000000000000004,Healthy
I151272,C216412,Male,66,Clothing,2,600.16,Credit Card,03-05-2021,Kanyon,1200.32,840.2239999999999,360.096,104,Slow Moving,30.000000000000004,Healthy
I565921,C236234,Male,46,Clothing,1,300.08,Cash,16-08-2021,Istinye Park,300.08,210.05599999999998,90.024,118,Slow Moving,30.000000000000004,Healthy
I619128,C288831,Female,39,Books,5,75.75,Credit Card,30-06-2022,Mall of Istanbul,378.75,265.125,113.625,72,Fast Moving,30.0,Healthy
I216527,C292308,Male,24,Clothing,1,300.08,Credit Card,17-02-2021,Metrocity,300.08,210.05599999999998,90.024,95,Slow Moving,30.000000000000004,Healthy
I226728,C230231,Female,60,Shoes,2,1200.34,Credit Card,02-10-2022,Istinye Park,2400.68,1680.4759999999999,720.204,68,Fast Moving,30.0,Healthy
I128088,C207397,Male,29,Shoes,3,1800.51,Cash,17-03-2021,Istinye Park,5401.53,3781.0709999999995,1620.4590000000003,21,Fast Moving,30.000000000000004,Healthy
I211985,C151392,Female,24,Shoes,3,1800.51,Credit Card,31-03-2022,Metropol AVM,5401.53,3781.0709999999995,1620.4590000000003,16,Fast Moving,30.000000000000004,Healthy
I118405,C124369,Male,27,Shoes,3,1800.51,Cash,14-02-2022,Mall of Istanbul,5401.53,3781.0709999999995,1620.4590000000003,26,Fast Moving,30.000000000000004,Healthy
I165270,C140342,Female,68,Clothing,5,1500.4,Credit Card,27-02-2023,Mall of Istanbul,7502.0,5251.4,2250.6000000000004,21,Fast Moving,30.000000000000004,Healthy
I229252,C101014,Male,49,Clothing,1,300.08,Credit Card,04-07-2021,Emaar Square Mall,300.08,210.05599999999998,90.024,14,Fast Moving,30.000000000000004,Healthy
I109453,C226687,Female,47,Toys,1,35.84,Cash,07-02-2022,Metropol AVM,35.84,25.088,10.752000000000002,69,Fast Moving,30.000000000000004,Healthy
I302199,C188597,Female,40,Clothing,1,300.08,Credit Card,26-06-2021,Metropol AVM,300.08,210.05599999999998,90.024,26,Fast Moving,30.000000000000004,Healthy
I202056,C958378,Female,55,Books,4,60.6,Debit Card,07-02-2023,Metrocity,242.4,169.68,72.72,94,Slow Moving,30.0,Healthy
I284964,C182213,Male,46,Cosmetics,2,81.32,Cash,24-12-2021,Kanyon,162.64,113.84799999999998,48.792,86,Slow Moving,30.000000000000004,Healthy
I610353,C246507,Male,25,Cosmetics,5,203.3,Cash,21-08-2021,Kanyon,1016.5,711.55,304.95000000000005,54,Fast Moving,30.000000000000004,Healthy
I133261,C215081,Female,27,Food & Beverage,3,15.69,Cash,07-05-2021,Kanyon,47.07,32.949,14.121000000000002,18,Fast Moving,30.000000000000004,Healthy
I195162,C799624,Female,21,Clothing,4,1200.32,Cash,03-03-2021,Kanyon,4801.28,3360.8959999999997,1440.384,68,Fast Moving,30.000000000000004,Healthy
I236411,C836593,Male,51,Food & Beverage,5,26.15,Credit Card,31-12-2022,Kanyon,130.75,91.52499999999999,39.22500000000001,51,Fast Moving,30.000000000000004,Healthy
I250040,C222289,Female,26,Food & Beverage,1,5.23,Debit Card,29-01-2022,Cevahir AVM,5.23,3.661,1.5690000000000004,33,Fast Moving,30.000000000000004,Healthy
I352528,C272287,Male,38,Shoes,2,1200.34,Credit Card,11-07-2021,Kanyon,2400.68,1680.4759999999999,720.204,80,Slow Moving,30.0,Healthy
I135368,C185251,Female,22,Toys,2,71.68,Debit Card,23-08-2022,Zorlu Center,143.36,100.352,43.00800000000001,40,Fast Moving,30.000000000000004,Healthy
I955408,C274639,Female,69,Clothing,1,300.08,Cash,27-02-2023,Kanyon,300.08,210.05599999999998,90.024,103,Slow Moving,30.000000000000004,Healthy
I846963,C484371,Female,29,Food & Beverage,1,5.23,Cash,04-03-2022,Istinye Park,5.23,3.661,1.5690000000000004,56,Fast Moving,30.000000000000004,Healthy
I260572,C483736,Female,34,Cosmetics,1,40.66,Cash,03-02-2022,Zorlu Center,40.66,28.461999999999996,12.198,80,Slow Moving,30.000000000000004,Healthy
I266552,C162854,Female,32,Food & Beverage,2,10.46,Cash,02-04-2022,Istinye Park,20.92,14.644,6.276000000000002,11,Fast Moving,30.000000000000004,Healthy
I166823,C301753,Female,43,Clothing,1,300.08,Cash,25-03-2022,Istinye Park,300.08,210.05599999999998,90.024,33,Fast Moving,30.000000000000004,Healthy
I441644,C262170,Female,26,Clothing,2,600.16,Credit Card,08-10-2022,Metropol AVM,1200.32,840.2239999999999,360.096,15,Fast Moving,30.000000000000004,Healthy
I477622,C147794,Female,39,Toys,3,107.52,Cash,05-05-2021,Viaport Outlet,322.56,225.79199999999997,96.76800000000003,37,Fast Moving,30.00000000000001,Healthy
I177479,C770537,Female,59,Cosmetics,4,162.64,Cash,22-03-2021,Istinye Park,650.56,455.39199999999994,195.168,10,Fast Moving,30.000000000000004,Healthy
I312040,C296423,Female,22,Souvenir,2,23.46,Cash,24-03-2021,Metropol AVM,46.92,32.844,14.076,115,Slow Moving,30.0,Healthy
I138016,C128872,Male,24,Clothing,1,300.08,Cash,23-12-2022,Mall of Istanbul,300.08,210.05599999999998,90.024,83,Slow Moving,30.000000000000004,Healthy
I324094,C778404,Female,50,Technology,5,5250.0,Credit Card,16-05-2022,Forum Istanbul,26250.0,18375.0,7875.0,36,Fast Moving,30.0,Healthy
I160204,C168417,Female,54,Books,2,30.3,Credit Card,14-10-2022,Forum Istanbul,60.6,42.42,18.18,55,Fast Moving,30.0,Healthy
I699353,C108003,Male,45,Toys,5,179.2,Cash,31-12-2022,Metropol AVM,896.0,627.1999999999999,268.80000000000007,79,Slow Moving,30.00000000000001,Healthy
I760747,C370083,Male,68,Clothing,2,600.16,Credit Card,27-02-2023,Kanyon,1200.32,840.2239999999999,360.096,62,Fast Moving,30.000000000000004,Healthy
I809166,C193054,Male,44,Shoes,5,3000.85,Cash,06-10-2021,Forum Istanbul,15004.25,10502.974999999999,4501.2750000000015,91,Slow Moving,30.00000000000001,Healthy
I213132,C214510,Male,46,Clothing,1,300.08,Cash,14-10-2022,Forum Istanbul,300.08,210.05599999999998,90.024,30,Fast Moving,30.000000000000004,Healthy
I557804,C208335,Male,22,Cosmetics,3,121.98,Credit Card,23-01-2023,Mall of Istanbul,365.94,256.15799999999996,109.78200000000004,102,Slow Moving,30.00000000000001,Healthy
I251885,C609182,Male,51,Cosmetics,2,81.32,Debit Card,01-03-2022,Istinye Park,162.64,113.84799999999998,48.792,50,Fast Moving,30.000000000000004,Healthy
I210070,C282678,Female,69,Toys,5,179.2,Credit Card,10-12-2021,Mall of Istanbul,896.0,627.1999999999999,268.80000000000007,102,Slow Moving,30.00000000000001,Healthy
I108083,C186129,Female,30,Clothing,5,1500.4,Credit Card,07-07-2021,Mall of Istanbul,7502.0,5251.4,2250.6000000000004,33,Fast Moving,30.000000000000004,Healthy
I260439,C318007,Female,50,Books,3,45.45,Cash,04-11-2022,Metrocity,136.35000000000002,95.44500000000001,40.905000000000015,8,Fast Moving,30.000000000000004,Healthy
I395976,C252848,Female,49,Clothing,3,900.24,Cash,08-02-2022,Kanyon,2700.7200000000003,1890.5040000000001,810.2160000000001,85,Slow Moving,30.000000000000004,Healthy
I322773,C141612,Female,56,Clothing,4,1200.32,Credit Card,17-10-2021,Metrocity,4801.28,3360.8959999999997,1440.384,103,Slow Moving,30.000000000000004,Healthy
I406748,C124239,Male,57,Clothing,5,1500.4,Credit Card,25-10-2021,Metrocity,7502.0,5251.4,2250.6000000000004,17,Fast Moving,30.000000000000004,Healthy
I198933,C219684,Male,60,Technology,3,3150.0,Credit Card,28-05-2021,Istinye Park,9450.0,6615.0,2835.0,109,Slow Moving,30.0,Healthy
I492378,C748665,Female,46,Shoes,1,600.17,Credit Card,05-12-2021,Metropol AVM,600.17,420.11899999999997,180.051,43,Fast Moving,30.0,Healthy
I273156,C233134,Female,47,Cosmetics,5,203.3,Credit Card,08-11-2022,Kanyon,1016.5,711.55,304.95000000000005,19,Fast Moving,30.000000000000004,Healthy
I220388,C206542,Female,20,Technology,1,1050.0,Cash,05-11-2021,Mall of Istanbul,1050.0,735.0,315.0,33,Fast Moving,30.0,Healthy
I338987,C880467,Male,61,Shoes,3,1800.51,Credit Card,27-04-2021,Cevahir AVM,5401.53,3781.0709999999995,1620.4590000000003,33,Fast Moving,30.000000000000004,Healthy
I274795,C314543,Male,29,Shoes,2,1200.34,Credit Card,08-03-2023,Metropol AVM,2400.68,1680.4759999999999,720.204,79,Slow Moving,30.0,Healthy
I147688,C241606,Female,56,Food & Beverage,5,26.15,Cash,11-01-2022,Kanyon,130.75,91.52499999999999,39.22500000000001,36,Fast Moving,30.000000000000004,Healthy
I599893,C496957,Male,48,Shoes,1,600.17,Credit Card,30-01-2023,Viaport Outlet,600.17,420.11899999999997,180.051,6,Fast Moving,30.0,Healthy
I264838,C254216,Female,60,Souvenir,3,35.19,Cash,15-09-2022,Metropol AVM,105.57,73.89899999999999,31.671000000000006,51,Fast Moving,30.00000000000001,Healthy
I198746,C538826,Female,54,Food & Beverage,4,20.92,Debit Card,07-12-2021,Mall of Istanbul,83.68,58.576,25.104000000000006,82,Slow Moving,30.000000000000004,Healthy
I217191,C894974,Female,30,Clothing,2,600.16,Debit Card,28-02-2021,Istinye Park,1200.32,840.2239999999999,360.096,88,Slow Moving,30.000000000000004,Healthy
I172641,C144219,Female,37,Toys,5,179.2,Cash,11-09-2022,Metrocity,896.0,627.1999999999999,268.80000000000007,26,Fast Moving,30.00000000000001,Healthy
I260183,C333665,Male,22,Clothing,3,900.24,Credit Card,26-10-2022,Zorlu Center,2700.7200000000003,1890.5040000000001,810.2160000000001,79,Slow Moving,30.000000000000004,Healthy
I280133,C145966,Male,36,Clothing,4,1200.32,Cash,07-06-2022,Forum Istanbul,4801.28,3360.8959999999997,1440.384,31,Fast Moving,30.000000000000004,Healthy
I185216,C328858,Female,60,Clothing,2,600.16,Cash,26-03-2022,Mall of Istanbul,1200.32,840.2239999999999,360.096,71,Fast Moving,30.000000000000004,Healthy
I273366,C163870,Male,35,Clothing,5,1500.4,Credit Card,29-07-2022,Kanyon,7502.0,5251.4,2250.6000000000004,85,Slow Moving,30.000000000000004,Healthy
I680142,C191874,Female,32,Souvenir,5,58.65,Cash,24-04-2021,Kanyon,293.25,205.27499999999998,87.97500000000002,112,Slow Moving,30.00000000000001,Healthy
I235763,C210142,Female,48,Clothing,3,900.24,Credit Card,10-03-2022,Kanyon,2700.7200000000003,1890.5040000000001,810.2160000000001,60,Fast Moving,30.000000000000004,Healthy
I193882,C186181,Female,38,Toys,2,71.68,Debit Card,22-03-2021,Metrocity,143.36,100.352,43.00800000000001,96,Slow Moving,30.000000000000004,Healthy
I126377,C940099,Male,27,Cosmetics,2,81.32,Credit Card,05-04-2021,Metrocity,162.64,113.84799999999998,48.792,97,Slow Moving,30.000000000000004,Healthy
I205408,C127631,Female,29,Clothing,5,1500.4,Credit Card,16-08-2022,Kanyon,7502.0,5251.4,2250.6000000000004,25,Fast Moving,30.000000000000004,Healthy
